id,quietness,q_raw,n_aspect,h3
1000016109686428185,0.1904,0.15231883119115297,5,894898ca887ffff
1000214231632561366,0.6179,0.8290719639957822,3,89489e355abffff
1000797929335000571,0.7616,0.7615941559557649,1,894898cb2bbffff
1000866089852243253,0.7869,0.7615941559557649,1,89489eacec7ffff
1000949971433207571,0.1259,0.016869452010004338,12,89489e3542bffff
1001303,0.6219,0.628854022414874,13,89489e3587bffff
10015237,0.3953,0.7615941559557649,1,89489e34053ffff
1001539944471972916,0.0794,-0.0034474637345459514,9,89489e3714fffff
1001685419002718517,0.3859,0.3807970779778824,4,89489e30e77ffff
1002280080104423709,0.348,0.7615941559557649,1,89489e3407bffff
1002323696641538827,0.4858,0.7615941559557649,3,89489e3407bffff
1002845018120279086,-0.0488,-0.03994005227397949,14,89489e373b3ffff
1002881780954180678,-0.2555,-0.3263974954096135,7,89489e373b3ffff
1002882893764195485,0.7616,0.7615941559557649,3,89489e364d7ffff
1003476128001364385,0.6819,0.685270152659817,12,89489e373b7ffff
1003506424059642239,0.3284,-0.7615941559557649,1,89489e22bb7ffff
1003577178401589955,0.6995,0.7615941559557649,5,89489e3403bffff
1003779165137866793,0.7305,0.7615941559557649,4,89489e265d3ffff
1003781814165123820,0.5223,0.7615941559557649,4,89489e265d7ffff
1003791027353291333,0.0994,0.7615941559557649,1,89489e373bbffff
1003881093066787583,0.544,0.5439958256826892,7,89489e27353ffff
1003884213254296418,0.6373,0.6373362155478287,9,89489e244cbffff
1003958799234908794,0.8628,0.8290719639957822,3,89489e32dd3ffff
10042925,0.5412,0.5396066170619305,77,89489e259b3ffff
1004400000518056112,0.7616,0.7615941559557649,1,89489eacd3bffff
1004609822135627050,0.7768,0.7615941559557649,1,89489e31b2bffff
1004656893290536965,0.6907,0.7083407529237922,7,89489e3716bffff
1005023619159581837,0.1326,-0.7615941559557649,1,89489e373d7ffff
10052537,0.4034,0.0,2,89489e34073ffff
1005978614020172320,0.6833,0.7615941559557649,4,89489e22d93ffff
10062315,0.5132,0.7615941559557649,1,89489e346b7ffff
1006422821319422226,0.2558,0.7615941559557649,1,89489e3462bffff
1006542293879435569,0.6896,0.7615941559557649,2,894898cb06bffff
1006661068078431982,0.8122,0.8122025119857779,2,894898c8593ffff
1006725232625192894,0.7905,0.7905132165443438,14,894898c853bffff
10069202,0.3432,0.3447549934728336,77,89489e3405bffff
1008021718096732375,0.457,0.4569564935734589,5,894898c81c3ffff
1008114745515540936,0.7616,0.7615941559557649,1,894898cb2a7ffff
1008632742012959125,0.5712,0.7615941559557649,2,89489e276cfffff
1008746210754352149,0.7482,0.761594155955765,7,89489e2410fffff
1008805943827815148,0.3173,0.0,2,89489e3644fffff
1008947556189593552,0.574,0.5634809227870432,10,894898c80b3ffff
1009479374726880350,0.2098,0.15231883119115297,5,89489e355d7ffff
1009602325453565471,0.5513,0.7615941559557649,1,89489e35ac7ffff
1009607884019415306,0.6528,0.7615941559557649,4,89489eadc9bffff
1009737437804717681,0.6559,0.8628108680157909,1,89489e366b7ffff
1009866537899100853,0.581,0.5414683413238519,6,89489e35167ffff
1010139841488386955,0.1904,0.1903985389889412,4,89489e360bbffff
1010185415611521068,0.7107,0.7030099901130137,13,894898d920fffff
1010270970306791942,-0.2542,-0.8783244548212477,2,89489e3739bffff
1011114750847181881,0.7206,0.7868983339707714,8,89489e371a7ffff
1011520223997371601,0.6245,0.7615941559557649,1,89489e35637ffff
1011587295029878080,0.2821,0.9640275800758169,1,89489e37023ffff
1011638800486399126,0.7616,0.7615941559557649,1,894898d9547ffff
1011691673420928436,0.6415,0.6415255297929032,11,894898c8a9bffff
1012234435006990952,0.7224,0.7615941559557649,3,89489e370a7ffff
1012330876989159094,0.7616,0.7615941559557649,2,89489e20c87ffff
1012359054915119000,0.7282,0.7615941559557649,4,89489e35c3bffff
1012410457895607678,0.7069,0.7615941559557649,1,89489e26a4fffff
1013097698647925702,0.7542,0.751307897049391,15,894898d9197ffff
1013101129394665605,0.5098,0.4777661835210458,17,894898d824bffff
1013264643009603421,0.6796,0.7615941559557649,5,89489e22963ffff
1013290700741752448,0.0457,-0.2876036226719303,3,89489e22967ffff
1013308127961489354,0.4434,0.40610125599288893,8,89489e22963ffff
1013793455598696059,0.6419,0.7615941559557649,6,89489e3732fffff
1013795186892707216,0.4438,0.2538647186519216,3,89489e35183ffff
1013958669341145268,0.3622,0.2538647186519216,3,89489eac2afffff
1014041654788745807,0.4712,0.8628108680157909,2,89489e3407bffff
10143001,0.6687,0.7728404572957677,9,89489e36287ffff
1014671180636608410,0.7223,0.7615941559557649,2,89489ead24fffff
1014823035912342774,0.5784,0.7615941559557649,1,89489e3561bffff
1015117520760940417,0.5193,0.2538647186519216,2,89489ead24fffff
1015290271374144194,0.1704,-0.7615941559557649,1,89489e366a7ffff
1015443759505739003,0.3214,0.2538647186519216,6,89489e34413ffff
1015460962655944099,0.6342,0.7615941559557649,1,89489e3587bffff
1016010994437538853,0.5338,0.7615941559557649,1,89489e35053ffff
1016566574546402696,0.631,0.7615941559557649,2,89489eace27ffff
1016875580690605057,0.66,0.7615941559557649,2,894898c8577ffff
1017331776728698075,0.7905,0.7905132165443437,21,89489e36543ffff
1017361979840206395,0.3503,0.0,2,89489e37227ffff
1017448096417074290,0.476,0.5077294373038432,9,89489eacb5bffff
1017500097224089355,0.5269,0.5077294373038432,12,89489e344d3ffff
1017750382622033089,0.8502,0.9640275800758169,1,89489e26d4fffff
1018133710074356900,0.4977,0.7615941559557649,1,89489e34587ffff
1018293398057750567,0.6792,0.7615941559557649,3,89489e34493ffff
1018458441108704564,0.6093,0.7615941559557649,3,89489e2743bffff
1018710367733768452,0.6029,0.4688193376820156,3,89489eade4bffff
1018895217540277535,0.964,0.9640275800758169,1,894898d900fffff
1018959891887326755,0.676,0.7615941559557649,4,89489e3542bffff
1019463766397541766,0.6395,0.8628108680157909,2,89489e35a33ffff
1019840685860243923,0.689,0.7615941559557649,6,89489e371a7ffff
1020234205587634662,0.5389,0.5439958256826892,7,89489e37133ffff
1020316574412206544,0.7616,0.7615941559557649,2,89489e36e4bffff
10209163,0.46,0.7615941559557649,3,89489e3424fffff
1020972950376701018,0.5745,0.5711956169668236,16,89489e35a37ffff
1021087499479971023,0.8122,0.8122025119857779,4,89489e3725bffff
1021314192344609569,0.7846,0.7868983339707714,8,89489e3660fffff
1021619455747005822,0.5522,0.8628108680157909,2,894898d9103ffff
1021761257026385487,-0.1542,-0.11056163929852561,9,89489e346cfffff
1021840947153027330,0.043,0.7615941559557649,1,89489e3464fffff
1022363657414601589,0.4314,0.43140543400789544,4,89489e30d7bffff
1022371258349100955,-0.2631,-0.3807970779778824,8,89489e354afffff
1022534227111833244,0.4518,0.4456004670998751,9,89489eac2afffff
1022606972008086144,0.7895,0.7895160075585307,29,894898caad7ffff
1023410598614399601,0.58,0.5711956169668236,8,89489e3748bffff
1023994574992134103,0.2539,0.2538647186519216,3,894898cac73ffff
1024030117177958737,-0.2167,0.0,2,89489e346c3ffff
1024597,0.4885,0.5229942379630328,10,89489e3462fffff
1024711659493109341,0.8339,0.8425675256037856,5,89489e32bb7ffff
1024723142998756511,0.7732,0.7615941559557649,2,89489e24c9bffff
1024856229691383829,0.132,0.09640275800758169,10,894898c80d7ffff
1024927827324017363,0.6851,0.7615941559557649,6,89489e364a3ffff
1024934208421903468,0.6421,0.6218039729968367,8,89489e2700fffff
1025403482312954434,0.6451,0.7615941559557649,3,89489e35513ffff
1025434673213054508,0.747,0.8122025119857779,4,89489e2452bffff
10254489,0.6487,0.6444258242702626,26,89489e35eb3ffff
1025480993786165904,0.3278,-0.7615941559557649,1,89489e35467ffff
1025582353093188708,-0.3698,-0.5996025123429215,10,89489e35117ffff
1025616349014048060,0.1697,0.0,4,89489e35117ffff
1025618074319010597,0.4341,0.4569564935734589,5,89489e35117ffff
1025708126380388056,0.6823,0.7615941559557649,1,89489e3447bffff
1025991777567289796,0.4104,0.7615941559557649,1,89489e35503ffff
1025991944738184662,0.5647,0.7615941559557649,1,89489e35507ffff
1026598826005817533,-0.5427,-0.7615941559557649,4,89489e344d7ffff
1026829116654901348,0.0496,-0.2538647186519216,3,89489eadb43ffff
1027089677690299829,0.2287,0.5025582417020243,6,89489e2710bffff
1027499946009306471,0.7616,0.7615941559557649,1,894898cad5bffff
1027702073621369438,0.7589,0.7955563193533794,7,89489e24c8bffff
1027779207056935691,-0.604,-0.7615941559557649,12,89489e35e4bffff
1028092661212006327,0.4597,0.43140543400789544,4,89489e36203ffff
1028154668228063104,0.3061,0.293045981448047,7,89489e37363ffff
1028172093843341499,-0.2541,-0.7615941559557649,4,89489e3532bffff
1028296374473223363,0.4207,0.4496561908404408,7,89489eadb43ffff
1028524087772290388,0.7553,0.773502004433415,17,89489e34213ffff
1028578699542263400,-0.1774,-0.7615941559557649,3,89489e355abffff
1029268706161446896,-0.2493,-0.3554106061126903,15,89489e37397ffff
1029685358559230054,-0.1714,-0.7615941559557649,2,89489e35407ffff
1029875346059959190,-0.1904,-0.7615941559557649,1,89489e36403ffff
1029905345329630603,0.4624,0.46242550855132186,12,89489e25133ffff
1030347910298990155,-0.4278,-0.8628108680157909,2,89489e2746bffff
1030377075085259245,0.2727,0.2538647186519216,3,89489e3550bffff
1030441282964191760,0.7712,0.7953330599757735,6,894898d820bffff
1030518014753012075,0.3127,0.15231883119115297,5,89489e3716fffff
1031106264763414140,0.4716,0.4279668953990066,14,89489e3443bffff
1031604486004704917,0.5182,0.7615941559557649,1,89489eac877ffff
1031919267923821921,0.3118,0.7615941559557649,1,89489e3739bffff
1031985111084746247,0.7616,0.7615941559557649,2,89489e24c73ffff
1032004282624521629,0.4789,0.7615941559557649,1,89489e370afffff
10331035,0.7405,0.7423534452730495,114,89489e373b7ffff
1033437558215441393,0.8426,0.8425675256037856,5,89489eade33ffff
1033712166854602689,0.7134,0.8628108680157909,2,89489e22d27ffff
1034028347164935786,0.3581,0.7615941559557649,1,89489e371abffff
1034103267854008604,0.608,0.7615941559557649,2,89489e229a7ffff
1034161659781907635,-0.457,-0.7615941559557649,3,894898c854bffff
1034341602511964000,0.5723,0.5725328264258359,18,89489e3518bffff
1034416942292085819,0.7616,0.7615941559557649,8,89489e25d23ffff
1034604,-0.2539,-0.2538647186519216,3,89489e34427ffff
1034719129093979550,0.6627,0.7615941559557649,2,89489e3624bffff
1034721751757534429,0.6226,0.6225673256619251,19,89489e268dbffff
1034858641622296589,0.6073,0.7615941559557649,5,89489e35047ffff
1034866569623571776,0.5342,0.7615941559557649,1,89489e37323ffff
1034939392235059670,0.4182,0.38423561658677124,7,89489e20dbbffff
1035154520189320104,-0.133,-0.3159936888558897,9,89489e3512bffff
10355760,0.634,0.7615941559557649,1,89489e34417ffff
1035710569261623583,0.6481,0.7615941559557649,1,89489e350a3ffff
1036203302333407073,0.3264,0.3263974954096135,7,89489e27667ffff
1036237851183588816,0.5585,0.7615941559557649,3,89489e24507ffff
1036957687700647029,0.7349,0.7615941559557649,2,89489e36343ffff
1037341033806739887,-0.0081,-0.22012581463191294,6,89489e3512bffff
1038493823039540356,0.5984,0.7615941559557649,1,89489eadb93ffff
1039181124966742470,0.217,0.15231883119115297,5,89489eaca27ffff
1039818329454903391,-0.2484,-0.38240172932869726,15,89489e3469bffff
1039828978729051590,0.6741,0.7615941559557649,5,89489e3297bffff
1040047848767964845,-0.3978,-0.7615941559557649,4,89489e3462bffff
1040448194380323632,0.1012,-0.1167302988654828,2,89489e27107ffff
1040545807465123356,0.7616,0.7615941559557649,3,89489eade13ffff
10408722,0.6052,0.6476598759783593,11,89489e371bbffff
10409985,0.3808,0.3807970779778824,8,89489ead827ffff
1041299122467098173,0.7288,0.8122025119857779,4,89489e20d8fffff
1041331229147839688,0.7616,0.7615941559557649,5,894898cac13ffff
1041345513862072996,0.6831,0.8628108680157909,2,89489ead923ffff
1041978690750334769,0.73,0.7615941559557649,3,89489e3710fffff
1042032705606195046,0.7616,0.7615941559557649,1,89489e270d7ffff
1042067457284938314,0.6256,0.6092753247646119,5,89489e36017ffff
1042078248442656312,0.2935,0.29350108617588394,6,89489e36143ffff
1042085713877988864,0.8291,0.8290719639957822,6,894898c9ddbffff
1042142098721582563,0.5712,0.7615941559557649,1,894898d9603ffff
1042655361983956427,0.7777,0.8020808407797752,5,894898c80abffff
10426783,0.6387,0.6353911836074472,33,89489e34453ffff
1042715958363404706,0.0996,0.016869452010004338,12,89489e22d97ffff
1042814719074486002,0.642,0.7615941559557649,1,89489e3444bffff
1042852920547009152,0.7894,0.8032716256275403,34,894898caacfffff
1043057920860277974,0.0881,-0.05060835603001301,4,89489e22d9bffff
10431058,0.7316,0.7615941559557649,1,89489e35b8bffff
1043341678191802981,0.7616,0.7615941559557649,1,89489ead947ffff
1043837969117554884,0.5212,0.7615941559557649,1,89489e3711bffff
10438383,0.7869,0.7615941559557649,1,89489e35babffff
10438567,0.7467,0.7555434154226037,51,89489e37127ffff
104386,0.5716,0.5780557574998171,13,89489e371a7ffff
104394,0.5905,0.5910404627424941,27,89489e3659bffff
1044139197223894248,0.404,0.3263974954096135,7,89489e3664fffff
1044218835904904309,0.9289,0.9289328108512607,2,894898d9cabffff
1044296828356735250,0.5172,0.5214569036300417,11,89489e3401bffff
1044299413439620280,0.4181,0.7615941559557649,4,89489e34643ffff
1044332796504611615,0.6473,0.7615941559557649,4,89489e3718fffff
1044491298047161978,0.6348,0.6092753247646119,10,89489e34c4bffff
1044542573229710602,0.5729,0.572914886271268,7,894898c8e0bffff
1044581429834308150,0.6347,0.7615941559557649,5,89489e27423ffff
1044953125489069370,0.2453,0.0,2,89489e36243ffff
1044983827803060290,0.6744,0.7984002330685016,11,89489e34057ffff
1045003740478910727,0.7616,0.7615941559557649,1,894898d9ca3ffff
1045071957750970572,0.011,-0.32134252669193897,3,89489e36247ffff
1045100707772953238,-0.0462,0.18638691061190427,3,89489e3464bffff
1045103890435158616,-0.0903,-0.10711417556397966,9,89489e34643ffff
1045266841926713243,0.7345,0.7615941559557649,4,89489e3710fffff
1045331321617573492,0.7256,0.9640275800758169,1,89489e36597ffff
1045657977914419469,0.8628,0.8628108680157909,2,894898d9067ffff
1045694977894015373,0.8166,0.8290719639957822,6,89489e372b7ffff
1045794183007996893,0.8034,0.8122025119857779,4,89489e372b7ffff
1045864179726021831,0.7773,0.7750897175637683,15,894898da4cfffff
1046429226513840323,0.5838,0.5439958256826892,7,89489e351cbffff
1046433108859444116,0.7446,0.7615941559557649,12,89489e351cbffff
1046490684531759639,-0.0358,-0.7615941559557649,1,89489e35097ffff
1046518385108710156,0.6683,0.6721972607201838,11,894898caa0fffff
1046558816656642866,0.7616,0.7615941559557649,3,89489e34d77ffff
1046727095852364947,-0.1071,0.0,2,89489e3468bffff
1047095625713266519,0.497,0.7615941559557649,1,89489e36243ffff
1047119873085599788,0.4786,0.43140543400789544,4,89489e3614fffff
1047225554073273548,0.1706,0.7615941559557649,2,89489e270cfffff
1048829486964175963,0.724,0.9640275800758169,1,89489e3668bffff
1048920347534193762,-0.0508,-0.05077294373038432,15,89489e3751bffff
1049237805895918622,0.3925,0.7615941559557649,2,894898cb397ffff
1049522100292764317,0.6606,0.7615941559557649,4,89489e22cbbffff
1049522104002295314,0.191,0.22012581463191294,3,89489e3739bffff
1049522145893435998,0.4149,0.5414683413238519,6,89489e3739bffff
1049548733126309669,0.5336,0.7615941559557649,3,89489e355d7ffff
1049601032351180111,0.522,0.5855496365474985,3,89489e37323ffff
1049936732998527581,0.7626,0.8290719639957822,3,89489e3640bffff
10499836,0.4104,0.4456004670998751,9,89489e22977ffff
1050036144984415466,-0.3464,-0.3316849178955768,3,89489e346c3ffff
1050063868176012070,-0.4613,-0.7615941559557649,1,89489e346c3ffff
1050112381671427855,-0.37,-0.49752737684336523,2,89489e346cfffff
1050237966569469762,0.7196,0.7615941559557649,1,89489eacb8bffff
1050808133317228748,0.3508,0.0,2,89489e3402fffff
1050810483718675498,0.4907,0.4641157211347302,7,89489e22dcfffff
1050815437700193640,0.3595,0.0,2,89489e27283ffff
1050839915917099191,0.1677,-0.2538647186519216,3,89489e22d57ffff
1050842782023916148,0.0128,0.0,4,89489e22d53ffff
1050845049429103077,0.0179,0.0,2,89489e22d53ffff
1050854100196003660,0.5271,0.4569564935734589,5,89489e3668bffff
1050905034409421571,0.5712,0.5711956169668236,8,894898da357ffff
1051284008337369617,0.7175,0.7615941559557649,5,89489e35c1bffff
1051354521577608935,0.2238,0.7615941559557649,1,89489e350c7ffff
1051357251145263869,0.7052,0.7615941559557649,3,89489e3655bffff
1051426888448853925,0.7758,0.8965497720357996,3,89489e37243ffff
1051448725986697962,0.7421,0.8290719639957822,3,89489e37243ffff
1051454749995267237,0.6817,0.7615941559557649,1,89489e37243ffff
1051551600544557650,0.6605,0.7615941559557649,3,89489e3623bffff
1051747800782863855,0.245,0.0,2,894898ca203ffff
1051827835705858311,0.0269,-0.07190090566798257,12,89489e3469bffff
1052111375724435131,0.2887,0.0,2,89489e366a7ffff
1052126180597285054,0.3534,0.7615941559557649,1,89489e35947ffff
1052165310077455529,0.5624,0.4974431783974693,5,89489e351a7ffff
1052314963212247417,0.3609,0.47399053328383456,6,89489e3557bffff
1053029709228813979,0.6994,0.7615941559557649,5,89489e37127ffff
1053142428175389972,0.8029,0.8122025119857779,4,894898d905bffff
1053184826797939144,0.7398,0.7615941559557649,18,89489e32db7ffff
1053677844514686911,0.5336,0.5752072453438606,6,89489e3636bffff
10540208,0.2928,0.29277481827374924,6,89489e34e23ffff
10547715,0.7392,0.7712338428186245,21,89489e350d7ffff
10547716,0.4077,0.0,2,89489e34403ffff
1055022220808682457,0.6712,0.7615941559557649,2,89489e350b7ffff
1055061675152571372,0.6712,0.7615941559557649,2,89489e350b7ffff
1055074267714252107,-0.1249,-0.4569564935734589,5,89489e350b3ffff
1055608999354688116,0.0,0.0,4,89489e2210fffff
1055931390527385299,0.5565,0.7615941559557649,2,89489e3736bffff
1056508386184809171,0.7674,0.7650326945646536,14,894898d858bffff
1056576102534640080,0.0826,-0.7615941559557649,1,89489e35573ffff
1056603430118124276,0.2483,-0.033738904020008675,2,89489e2730fffff
1056621204409307145,0.2109,-0.06212897020396809,3,89489e36253ffff
1056697244081235619,0.794,0.8122025119857779,2,89489e35363ffff
1056722379457704044,-0.1621,-0.5414683413238519,3,89489e35947ffff
1057051912635896170,0.2263,0.21759833027307568,7,89489e27107ffff
1057200682280681072,0.7616,0.7615941559557649,1,894898dae27ffff
1057230237348313576,0.7616,0.7615941559557649,1,894898ca6a7ffff
1057467669671539905,0.5864,0.7615941559557649,3,89489e3712bffff
1057647278649075117,0.6748,0.7615941559557649,2,89489e31807ffff
10576483,0.6389,0.6377793504701379,57,89489e3622bffff
10576585,0.6055,0.6034219397954905,61,89489e37137ffff
1058138381046168182,0.7393,0.7615941559557649,9,89489e35337ffff
1058543188939873710,0.4434,0.5077294373038432,3,89489e22967ffff
1058747445698551020,0.774,0.7905132165443438,7,894898c8073ffff
1058853770469139232,-0.6277,-0.6854347403601884,10,89489e2762bffff
10589410,0.2615,0.7615941559557649,1,89489e350bbffff
10592588,0.6432,0.7615941559557649,1,89489e344d3ffff
1059510719378936896,0.7124,0.7615941559557649,13,89489e35e17ffff
1060056847529841936,-0.1511,-0.05060835603001301,4,89489e346cfffff
1060255698808613224,0.7616,0.7615941559557649,3,89489eadbb7ffff
10606818,0.5008,0.48465082651730496,11,89489e371dbffff
1060820849604120663,0.7309,0.761594155955765,7,89489e3510bffff
1060876574302629587,0.7443,0.7615941559557649,2,89489e36237ffff
10609096,0.6791,0.6938420350817953,18,89489e22d5bffff
1061104615402158802,0.6097,0.7615941559557649,3,89489e35053ffff
10614407,0.0,0.0,2,89489e35aa3ffff
1061480881083999708,-0.2239,-0.7615941559557649,2,89489e3557bffff
1061622376150273089,0.6289,0.7615941559557649,1,89489e3402fffff
1061744155773906157,0.3088,0.8965497720357996,3,89489e3464bffff
1061789172671073972,0.2269,0.7615941559557649,2,89489e27117ffff
1061825770773092604,0.537,0.4569564935734589,5,89489e3412bffff
1061918103822708247,0.7616,0.7615941559557649,1,89489e24a07ffff
1062202478619875281,0.551,0.6218039729968367,8,89489e27067ffff
1062349423678454198,0.6231,0.6231224912365348,11,89489e22d03ffff
1062352419874206127,0.2944,0.0,2,89489e35a33ffff
1062432083717763776,0.7455,0.7615941559557649,1,89489e35807ffff
1063091959268412940,-0.4968,-0.8122025119857779,4,89489e34267ffff
1063186652895827024,0.6505,0.7615941559557649,3,89489e350cbffff
1063675730458683968,-0.3146,-0.7615941559557649,2,89489e35a13ffff
1063741328461111730,0.1036,-0.9640275800758169,1,89489e35acbffff
1063941454710805548,0.7473,0.7953330599757735,3,89489e2736fffff
1063992683976553910,0.3569,0.7615941559557649,6,89489e34673ffff
1064012501627748669,-0.2643,-0.3314961186352416,24,89489e34053ffff
1064037321313511933,0.5437,0.7615941559557649,3,89489e351abffff
10644981,0.5012,0.4996736754173788,76,89489e3730fffff
1064580318192045244,0.7134,0.8290719639957822,9,89489e3448fffff
1064607845343104437,0.7001,0.8290719639957822,3,894898c9c33ffff
1064707905213231401,0.7616,0.7615941559557649,4,89489e372b3ffff
1064810260534661979,0.4501,0.7615941559557649,3,89489e366a3ffff
1064811794636161438,0.6743,0.7615941559557649,5,89489e3644fffff
1064870295954509628,0.7457,0.8628108680157909,2,894898c80a3ffff
1065142120192340780,0.3865,0.0,2,89489e3440bffff
1065248759141480227,0.2335,0.0,2,89489e2742bffff
1065279073575686817,-0.3585,-0.7615941559557649,3,89489e373a7ffff
1065351111484069871,0.3837,0.7615941559557649,1,89489e37337ffff
1065446931553849443,0.7742,0.7615941559557649,1,89489e35ea7ffff
1065914951596381234,-0.4172,-0.2876036226719303,3,89489e3460bffff
1065915198950035421,-0.2197,0.7615941559557649,1,89489e3460bffff
1065930698630899341,0.2539,0.2538647186519216,3,89489e22c43ffff
1065941374382662085,0.7028,0.7615941559557649,1,89489e370a7ffff
1066008861132705490,0.7556,0.7615941559557649,1,89489e34437ffff
1066110504631144516,0.7616,0.7615941559557649,6,89489e36553ffff
1066127274870188377,0.6429,0.7615941559557649,1,89489e37163ffff
1066237013865180864,0.4417,0.7615941559557649,1,89489e3738fffff
1066604408624832390,0.7556,0.7615941559557649,1,89489e34437ffff
1066759560760722660,0.792,0.7615941559557649,2,89489e22c53ffff
1066993509609712028,0.5271,0.5414683413238519,6,89489e3732bffff
1067005355829749436,0.779,0.7840867586357706,9,89489e25123ffff
1067423155343665654,0.5965,0.5964997949818301,4,89489e34a4fffff
1067585452976250398,0.703,0.8628108680157909,2,89489e363d3ffff
1067589275216221384,0.2895,0.3807970779778824,4,89489e27103ffff
1067609264349210394,0.7616,0.761594155955765,7,89489e2512fffff
1067696366488773085,0.7877,0.8020808407797752,5,89489e25123ffff
1067724009673593683,0.7346,0.7259214251841988,10,89489e25123ffff
1068116608503555297,0.7616,0.7615941559557649,4,89489e26b8fffff
1068334003143758669,-0.0351,-0.2538647186519216,6,89489e3732fffff
1068784139320985662,0.783,0.8290719639957822,3,89489eade4bffff
1068859304508082398,0.7882,0.7868983339707714,16,894898c8007ffff
1068957799961646944,0.5278,0.5013005254873595,8,89489e35c8fffff
1069522519343534556,0.7482,0.761594155955765,7,89489e365dbffff
1069541392010098691,0.2276,0.15231883119115297,5,89489eadb43ffff
1069561463449953656,0.7541,0.8122025119857779,4,89489e351cbffff
1069697584173258855,-0.2277,-0.8783244548212477,2,89489e35097ffff
1069822874874809413,0.7419,0.7361528215237824,12,89489e3538fffff
1069957284331349931,0.5331,0.7615941559557649,1,89489e36463ffff
10707904,0.5883,0.5946389212421835,66,89489e3554bffff
1070914388253788073,0.7435,0.7615941559557649,1,89489e35e8bffff
1070956958131111865,0.7016,0.7615941559557649,3,894898d964fffff
1070962802333242705,-0.4097,-0.8628108680157909,2,89489e34233ffff
1071033728756776692,0.7241,0.8020808407797752,5,89489e3445bffff
1071101845360770558,0.5257,0.4974431783974693,5,894898cb34fffff
1071316331666793314,0.495,0.7615941559557649,1,89489e3504fffff
1071319927528392304,0.5551,0.9640275800758169,1,89489e366b3ffff
1071492490071368650,0.7086,0.7179804397866517,14,89489e25087ffff
1071860491193408585,0.6133,0.5936275593552057,13,89489e3580fffff
10721252,0.2077,0.1903985389889412,8,89489e36087ffff
1072469194642310706,-0.3995,-0.7615941559557649,1,89489e3464bffff
1072469589542407239,-0.3866,-0.41887678577567067,10,89489e3464bffff
1072469618308720474,-0.5202,-0.7615941559557649,3,89489e3464bffff
1072515257892914696,0.6568,0.7615941559557649,1,89489e223a3ffff
1072619208214355500,0.4798,0.7615941559557649,2,89489eaca77ffff
1072619239760183307,0.6056,0.6373362155478287,9,894898cb313ffff
1073336860615885042,0.7616,0.7615941559557649,2,89489e26813ffff
10733649,0.0036,-0.7615941559557649,2,89489e240a3ffff
1073377811934184638,0.7616,0.7615941559557649,3,89489e351bbffff
10740948,0.5891,0.5439958256826892,7,89489e35eafffff
1074233562406540695,0.7022,0.8122025119857779,8,89489e36243ffff
1074618647409714258,0.7435,0.7615941559557649,1,89489e35e8bffff
1074716324785217681,0.5035,0.4164698087494485,5,89489e3438bffff
1074735531629229894,0.1336,0.7615941559557649,2,89489e346cfffff
1074741303480760364,0.7721,0.7615941559557649,1,89489e3582bffff
1074767968176712771,0.6993,0.7051797740331156,9,89489e34313ffff
10751717,0.6414,0.7615941559557649,1,89489e37387ffff
1075401469832937689,0.6963,0.7615941559557649,2,89489e36017ffff
1075515019554700882,0.328,0.24651739086165453,7,89489e34483ffff
1075576471702187056,0.4367,0.40610125599288893,8,89489e34483ffff
1075580620600586758,0.251,0.05060835603001301,4,89489e34483ffff
1075587764899746091,0.2895,0.15231883119115297,5,89489e34483ffff
1075590183723915313,0.4691,0.4506921694573465,8,89489e34483ffff
1075591612856645807,0.4842,0.4164698087494485,5,89489e34487ffff
1075620274290428642,0.5848,0.6007171579843312,24,89489e35053ffff
1075960908825123991,0.457,0.4569564935734589,5,89489e2545bffff
1076078136013017228,0.5246,0.5245988893138476,12,89489e254a3ffff
1076183435105906195,0.4196,0.7615941559557649,1,89489e355d7ffff
1076275109620097124,0.5365,0.7615941559557649,1,89489e31b37ffff
1076422085676000859,-0.0884,-0.4569564935734589,5,89489e3668fffff
10766260,0.479,0.5077294373038432,12,89489e35573ffff
10768287,0.5236,0.4569564935734589,5,89489e35143ffff
10769659,0.5169,0.5362480712270916,32,89489e3714bffff
1077069518877001671,0.766,0.8020808407797752,10,89489e34407ffff
1077429576719257531,0.5178,0.7615941559557649,2,894898da32bffff
1077530055922695102,0.2142,0.7615941559557649,2,894898d964bffff
1077650584049292707,0.7616,0.7615941559557649,1,89489e349cbffff
1077651108061775177,0.7616,0.7615941559557649,1,89489e27393ffff
1077703213558197856,-0.168,-0.7615941559557649,1,89489e22d53ffff
1077708837536496705,0.8021,0.8020808407797752,5,89489e2628fffff
1078230006305219848,0.4556,0.46370427437746065,10,89489e350b3ffff
10784670,-0.1339,0.0,1,89489e3468bffff
1078555642276170846,0.7481,0.7615941559557649,3,894898d92b7ffff
1079081875068875024,0.6934,0.761594155955765,7,89489e37377ffff
1079084279868372305,0.7742,0.7615941559557649,3,89489e3539bffff
1079110055017059019,0.4646,0.4145359819978911,12,89489e35813ffff
1079137492814759265,0.3241,0.7615941559557649,2,89489e344dbffff
1079270600382638282,0.1119,0.15231883119115297,5,89489e373a7ffff
1079653135988212606,0.6779,0.7615941559557649,3,89489e253b7ffff
1079781418860684179,0.6557,0.9640275800758169,1,89489e22dcfffff
1080468382899410272,0.7616,0.7615941559557649,1,894898d9e93ffff
1080557033773281819,0.6446,0.7615941559557649,3,89489e3720fffff
1080562843373907201,0.5982,0.6193969959706145,10,89489e3720fffff
1081125017883554302,0.2841,0.7615941559557649,1,89489e34697ffff
1081483229180942815,0.6655,0.676972583071791,9,89489e36627ffff
1081490976842718839,0.2564,0.7615941559557649,1,89489e344c7ffff
1081533274916031175,0.3278,0.32134252669193897,3,89489e35043ffff
1082060026820526773,-0.1208,-0.3807970779778824,4,89489e35017ffff
1082071999145986217,0.3116,0.18638691061190427,3,89489e3427bffff
1082092493656154222,0.3427,0.3807970779778824,4,89489eaca77ffff
1082171788913540079,0.5935,0.5711956169668236,8,89489eadd0bffff
1082232815778482801,0.7462,0.7615941559557649,8,89489e3584bffff
1082236890782863417,-0.5504,-0.7953330599757735,6,89489e34663ffff
1082630296417514027,0.3274,0.2538647186519216,3,89489e37123ffff
1082645588921783767,-0.2196,-0.8783244548212477,2,89489e34057ffff
1082812991033923011,0.3955,0.2538647186519216,3,89489e35423ffff
1083337387045115655,0.6878,0.7799971945121332,11,89489e36207ffff
1083402212684602755,0.0,0.0,2,894898d9543ffff
1083458075634245724,0.6777,0.7615941559557649,2,894898d939bffff
1083484571342613752,0.3896,0.4569564935734589,5,89489e35c6bffff
1083491944918840591,0.2825,0.2538647186519216,3,89489e358d3ffff
1083495170801513622,0.6825,0.7615941559557649,5,89489e35c6fffff
1083496194878753670,0.4975,0.5773473396442557,7,89489e358d3ffff
1084062965551216317,0.4656,0.5343561388198296,21,89489e35597ffff
1084354742399149970,0.5661,0.7615941559557649,2,89489e3563bffff
1084387841564229775,0.8206,0.8290719639957822,3,89489e36377ffff
1084395354084952526,0.5896,0.7615941559557649,2,89489e34397ffff
1084776476075777264,0.1097,0.2538647186519216,6,89489e3468bffff
1084785132646980354,-0.2162,-0.2538647186519216,3,89489e3468bffff
1084940162987145402,0.4268,0.4740971186243728,5,89489e3465bffff
1085054103290104529,0.0128,0.0,4,89489e22d53ffff
1085468139412731848,0.398,0.3263974954096135,7,89489e34443ffff
1085470712709759426,-0.2146,-0.10897350546275442,2,89489e346cfffff
1085495511656277013,0.3369,0.2538647186519216,3,89489e3736bffff
1085660200210692007,0.1228,-0.033738904020008675,6,89489e3563bffff
1085694944884160922,0.7616,0.7615941559557649,1,894898d8ddbffff
1085788019420052965,0.7616,0.7615941559557649,1,89489eadd1bffff
1085800428433701279,0.7616,0.761594155955765,7,89489eadd03ffff
1085900085729008758,0.6712,0.7615941559557649,4,89489e35c6fffff
1085900099116562830,0.2267,0.1760445194082664,3,89489e35c6bffff
10859293,0.5282,0.5206948990441223,43,89489e355cbffff
1086152950246818826,0.3046,0.0,2,89489e376d3ffff
1086226471092078288,0.6695,0.9640275800758169,1,89489e3519bffff
1086291850907039283,-0.3187,-0.4886484364798563,8,89489e3557bffff
1086350064768524473,0.6832,0.7259214251841988,10,89489e355cfffff
1086479835731003012,0.6908,0.9640275800758169,1,89489e3404bffff
1086546663684598815,0.4736,0.3807970779778824,4,89489e34423ffff
1086825797281431345,0.7198,0.8628108680157909,2,89489e35887ffff
1086969642791750366,0.4762,0.6092753247646119,10,89489e344dbffff
1087012507964835623,0.4981,0.4670781647794615,10,89489e37387ffff
1087245094989757323,0.074,0.7615941559557649,1,89489e346cbffff
1087345437489291641,0.5573,0.8122025119857779,4,894898d938fffff
1087660969649231959,0.5787,0.7615941559557649,1,89489e20db3ffff
1087762352626689997,0.0624,-0.18638691061190427,3,89489e358d3ffff
1087788932289077875,0.7616,0.7615941559557649,6,89489e35ab7ffff
10878105,0.5918,0.5964997949818301,8,89489e3717bffff
1087833667876488828,0.3837,0.7615941559557649,1,89489e37337ffff
1087935284309604900,0.7671,0.7615941559557649,2,894898cae3bffff
1087949052416077735,0.7616,0.7615941559557649,3,894898cae2bffff
1087968444190998564,0.7811,0.7818374983677701,10,89489e35ea7ffff
1087983913914513400,0.8001,0.7905132165443438,7,89489e2706bffff
1088353895738864217,0.5985,0.7615941559557649,2,89489e34063ffff
1088407116220761314,-0.2091,-0.7615941559557649,4,89489e3720fffff
1088687068286826708,0.7499,0.9640275800758169,1,89489e35113ffff
1089012930539770754,0.5937,0.5923510101878171,9,89489e20da3ffff
1089123265799522978,0.5894,0.7615941559557649,5,89489e3405bffff
1089193698529320499,0.4023,0.4569564935734589,5,89489e358d3ffff
1089292467052111795,0.7763,0.8065793613157763,9,89489ead33bffff
1089949250793392322,0.7056,0.7378123354413875,10,89489e35c8fffff
1089955013830418970,0.5964,0.723432154307791,8,89489e37337ffff
1090025945233203833,0.0529,0.025304178015006507,4,89489e3720bffff
109005,0.6404,0.6515312486398084,12,89489e3403bffff
1090130251107993753,0.267,0.2855978084834118,8,894898d938fffff
1090131942729107716,-0.0183,-0.2538647186519216,3,894898d938fffff
1090133071264862780,0.0551,-0.014459530294289433,7,894898d938fffff
1090133931493054678,0.0483,0.022492602680005785,9,894898d9383ffff
1090135138140865658,0.0931,0.0,4,894898d938fffff
1090136472613876586,0.3698,0.43519666054615136,7,894898d938fffff
1090137247332148022,0.1346,0.09319345530595213,6,894898d938fffff
1090139784385685978,0.3706,0.5176865208094745,5,894898d9383ffff
1090247188069150968,0.4456,0.4456004670998751,9,894898d82b7ffff
10904171,0.6646,0.8628108680157909,4,89489e34263ffff
1090550170965735458,0.4568,0.456846768439878,9,89489e31873ffff
1090569945556923881,0.6104,0.7615941559557649,4,89489e36243ffff
1090610604760904060,0.7901,0.8020808407797752,10,89489e3520fffff
1090630951818948386,0.2493,0.2855978084834118,8,89489e372afffff
1090642449369441823,0.086,0.10938243075780797,13,89489e35597ffff
10908153,0.3433,0.2982498974909151,8,89489e372dbffff
1090903575609196434,0.6161,0.7953330599757735,6,89489e37337ffff
10910831,0.6484,0.7615941559557649,2,89489e3550fffff
1091327761345399510,0.2019,-0.7615941559557649,1,89489e350afffff
1091381480518316631,0.7002,0.8122025119857779,4,89489e35c6fffff
1091499945513832289,0.4996,0.7615941559557649,2,89489e3628fffff
1091521136855910619,0.4977,0.7615941559557649,1,89489e34587ffff
1091585467984114985,0.7243,0.7615941559557649,1,89489e371b3ffff
1091986860073475727,0.7088,0.7615941559557649,6,89489e37163ffff
1092136379089939419,0.6438,0.7905132165443438,7,89489e36633ffff
1092191987873613953,0.6812,0.788952192844036,11,89489e35857ffff
10922191,0.6008,0.6008131674762145,90,89489e35c47ffff
1092322014349577532,0.7616,0.7615941559557649,2,894898db287ffff
10924106,0.5712,0.7615941559557649,1,89489e25437ffff
1092873768763484190,0.5261,0.7728404572957678,6,89489e344dbffff
1093483093608513655,0.5679,0.5077294373038432,6,89489e3665bffff
1093918699819389688,-0.5289,-0.8223241831917804,5,89489e34643ffff
1094331502767799378,0.7563,0.8628108680157909,2,89489ead33bffff
1094392103865439007,0.7269,0.761594155955765,7,89489e35c83ffff
1094894792758835018,0.0592,-0.1903985389889412,4,89489e3509bffff
1095012896070441269,0.7142,0.7615941559557649,1,89489e3710fffff
1095623016277090382,0.5474,0.4569564935734589,5,894898d904fffff
1095742162255976387,0.553,0.572914886271268,7,89489e3442bffff
1095760784310835269,0.1843,0.2538647186519216,6,89489e35c93ffff
1095764807676487399,0.0194,-0.11991633645706001,7,89489e370bbffff
1095809869553979940,0.7557,0.8425675256037856,5,894898c8383ffff
10959672,0.8062,0.8065793613157763,9,89489eacb7bffff
1096168532034876851,0.5075,0.9640275800758169,1,89489e24507ffff
1096177864707861559,0.5312,0.7615941559557649,2,89489e30d37ffff
1096303705197098612,0.5179,0.7615941559557649,1,89489e3504bffff
1096340415135188683,0.6238,0.7615941559557649,3,89489e36223ffff
1096550845952356938,0.1605,0.7615941559557649,1,89489e34643ffff
1096630843476896672,0.5984,0.8290719639957822,3,89489e343d7ffff
1096647614565718375,0.7495,0.7784636079657692,12,894898d952bffff
1097153401038359883,0.7616,0.7615941559557649,1,89489e25d17ffff
1097201394434670744,0.666,0.7615941559557649,1,89489e358b3ffff
1097271813826341507,0.7449,0.8020808407797752,5,89489e3716bffff
1097343757110294254,0.7238,0.8425675256037856,5,89489e3518fffff
1097756806789288109,0.7861,0.7868983339707714,8,89489e36bbbffff
1097793245113423301,0.7616,0.7615941559557649,1,894898c8207ffff
1097964418424608529,0.5886,0.7615941559557649,1,89489e3530bffff
1098060397850009123,0.666,0.7615941559557649,2,89489e3444bffff
1098580711527686217,0.6228,0.6533004876909945,15,89489e36047ffff
1098609243650939655,0.7226,0.7799971945121332,11,89489e37113ffff
1098731649960137423,0.7145,0.7905132165443438,7,89489e35423ffff
1098741935585121564,0.7018,0.7005349533190066,15,89489e3400bffff
10987590,0.6481,0.7615941559557649,1,89489e350a3ffff
1098781595606294374,0.7038,0.7615941559557649,1,89489e3505bffff
1098834698624881201,0.4671,0.6018339468598468,7,89489e372afffff
1098842410339835786,0.1525,0.15231883119115297,5,89489e372afffff
1098860703581870863,0.6985,0.7615941559557649,2,89489e35aabffff
1099222159167463827,0.505,0.4145359819978911,6,89489e246bbffff
1099292666932891487,0.5911,0.7615941559557649,1,89489e34297ffff
1100184075919166490,0.2279,0.7615941559557649,1,89489e3727bffff
1100186402230646863,0.5646,0.9640275800758169,1,89489e34593ffff
1100188048413513539,0.2279,0.7615941559557649,1,89489e3727bffff
1100701314937865174,0.2627,0.2719979128413446,14,89489e34057ffff
1100711296862555716,0.1558,0.2538647186519216,3,89489e355b3ffff
1100742412950739907,0.7616,0.7615941559557649,1,89489eac897ffff
1100789668660681770,0.4263,0.7615941559557649,4,89489e344c3ffff
11008164,0.571,0.5765885501664015,14,89489e3422fffff
1100908508663437625,0.4351,0.7615941559557649,2,89489e35947ffff
1100951899415039291,0.2917,0.3408570257039029,14,89489e342afffff
1101021394179227384,0.6982,0.7615941559557649,2,89489e3447bffff
1101351434905760611,0.2814,0.23659418006104796,8,89489e37123ffff
1101552479810834685,0.595,0.7615941559557649,2,89489e36253ffff
1101561247311059405,0.7668,0.7615941559557649,5,89489e3582bffff
1101622130175969757,0.4424,0.7615941559557649,1,89489e35883ffff
1101637437137422814,0.6528,0.7615941559557649,4,89489e360cfffff
1101686529431346386,0.3565,0.0,2,89489e3445bffff
1102253973357763888,0.1904,0.1903985389889412,8,89489e358cfffff
1102481414786273679,0.6295,0.7615941559557649,2,89489e345d3ffff
1102984706225645372,0.4241,0.7615941559557649,1,89489e3542fffff
1102990003685776045,0.8021,0.8020808407797752,5,89489e274dbffff
1103073903733974459,-0.457,-0.7615941559557649,2,89489e36217ffff
1103124421347299066,0.7616,0.7615941559557649,1,89489e26a63ffff
1103380925831885189,0.164,0.0,2,89489e34053ffff
11034674,0.0,0.0,1,894898c90d7ffff
1103570058000753689,0.1514,0.10862282117185429,14,894898d82cfffff
1103791076294431543,0.4343,0.7615941559557649,1,89489e35e0fffff
1104269699816408898,0.3534,0.7615941559557649,1,89489e35947ffff
1104342174169050925,0.7616,0.7615941559557649,2,89489e366bbffff
1104365847009305973,0.1622,-0.7615941559557649,1,89489e36047ffff
1104485015074672746,0.7616,0.7615941559557649,1,89489e341b3ffff
1104570443098756056,0.7367,0.7615941559557649,2,89489e3641bffff
1104736600963411074,0.7616,0.7615941559557649,1,89489e34d33ffff
1104769805073711865,0.0029,-0.7615941559557649,1,89489e37337ffff
1104938209572023455,-0.2861,-0.5439958256826892,7,89489e3664bffff
1105082448414105468,0.7246,0.7615941559557649,4,89489e3443bffff
11051606,0.5097,0.48959624311442024,14,89489e37163ffff
1105379200548713965,0.5542,0.4974431783974693,5,89489e35e97ffff
1105737407170752268,0.7768,0.7615941559557649,2,89489e3539bffff
1105809015186878073,0.7616,0.7615941559557649,3,89489eadb6bffff
1105826857463939274,0.3332,0.7615941559557649,1,89489e22087ffff
1105827860791695486,0.7107,0.7840867586357706,9,89489e3594fffff
1105855851269309204,0.7203,0.7615941559557649,5,89489eaca07ffff
1105871070179424937,0.79,0.9640275800758169,1,89489e22d0bffff
1105940359791569022,0.7616,0.7615941559557649,3,89489e3538bffff
1105942867634181341,0.3854,0.7615941559557649,2,89489e3557bffff
1105963759195634119,0.6744,0.695810540445681,17,89489e35853ffff
1105982475452481820,0.2285,0.7615941559557649,1,89489e354afffff
1106082970320174593,0.7411,0.8628108680157909,2,89489e241c7ffff
1106115217630148543,0.6962,0.8122025119857779,4,89489e3503bffff
11061484,0.6771,0.7615941559557649,1,89489e35e97ffff
1106590124492797889,0.5689,0.5692225243405602,33,89489e22dafffff
1106647817791192733,0.7031,0.7615941559557649,2,89489e344b3ffff
1106647838650382338,0.7503,0.8020808407797752,5,89489e344b3ffff
1106716100419413727,0.6414,0.7615941559557649,1,89489e37387ffff
1106770609296682009,0.693,0.7615941559557649,1,89489e20d3bffff
11069420,0.6719,0.6718585769499867,73,89489e34073ffff
1107180787536819137,0.7671,0.7615941559557649,1,894898d9197ffff
1107374734361579983,0.7533,0.7615941559557649,1,89489e31803ffff
1107383038778780809,0.5571,0.5077294373038432,6,89489e3447bffff
1107395244505445541,0.4828,0.4569564935734589,5,89489e3518fffff
1107401102967030232,0.4408,0.0,2,894898d92b7ffff
1107466248430416932,0.2103,-0.7615941559557649,1,89489e34297ffff
1107497860534850392,0.5468,0.5439958256826892,7,89489e376c3ffff
1107566953133738938,0.3537,0.0,3,89489e36b13ffff
1107588857439099691,0.1265,0.11849763332095864,12,89489e3424fffff
1107607324792171141,0.6221,0.6062112279802969,17,89489e371b3ffff
1107867340617772224,0.6758,0.7615941559557649,1,894898d8cc3ffff
1107923933440118562,0.7053,0.7875342223703166,9,89489e3581bffff
1107949339595303835,0.6823,0.7615941559557649,2,89489eace37ffff
1107996161460891081,0.6018,0.6018339468598468,14,89489e209c3ffff
1108692582661534771,0.6823,0.685270152659817,12,89489e351a7ffff
1108789187806733260,0.6286,0.7615941559557649,2,89489e3730fffff
1108796488103550259,0.0,0.7615941559557649,1,89489eadd8bffff
1108831114117885279,0.4984,0.6169852621382886,13,89489e35597ffff
1108862422494599272,0.3485,0.30463766238230594,10,89489e3718fffff
1109348960904533833,0.4094,0.7615941559557649,2,89489e3600bffff
1109453029447713326,0.4112,0.39724298185540335,17,89489e3594fffff
1109485841723690181,0.7616,0.7615941559557649,3,894898d9633ffff
1109518566112327279,0.4017,0.4569564935734589,10,89489e35947ffff
1109587124846724533,0.4315,0.41967911145107806,15,89489e3594fffff
1109630842352738790,0.6206,0.7615941559557649,3,89489e36687ffff
11099786,0.6507,0.6477359759737409,29,89489e34403ffff
1110153944444837366,0.5523,0.7615941559557649,4,89489e34053ffff
11102000,0.7616,0.7615941559557649,2,894898caed3ffff
1110200211956053634,0.5493,0.5656851211241233,28,89489e35117ffff
11103461,0.772,0.7774712872592984,51,89489e34403ffff
1110421165984913628,0.7327,0.7615941559557649,5,89489e32d93ffff
1110962397533043285,0.7668,0.7891987137903175,11,89489e32d93ffff
1111019620690634316,0.4482,0.5077294373038432,6,89489e355bbffff
1111158091075903436,-0.5077,-0.5077294373038432,3,89489e24517ffff
11112402,0.7394,0.7394074974039351,78,89489e360b7ffff
1111492099572510580,0.5965,0.5964997949818301,8,89489eaceafffff
1111593182309993529,0.5077,0.5077294373038432,6,89489eadc9bffff
1111810880704957535,0.7318,0.7615941559557649,2,89489e371b3ffff
1112310937425904822,0.7853,0.8122025119857779,4,894898daac3ffff
1112340445128039168,-0.3871,-0.8290719639957822,3,89489e37023ffff
1112377838040049383,0.7616,0.7615941559557649,1,89489e349dbffff
1112444393012998503,0.5793,0.5711956169668236,8,89489e35ecbffff
1112509833579972071,0.5499,0.7615941559557649,2,89489e36243ffff
1112625239212753044,0.5083,0.5964997949818301,8,89489e34053ffff
1113083582406855426,-0.4042,-0.7615941559557649,1,89489e346cfffff
1113180030675450965,0.7616,0.7615941559557649,4,89489e22097ffff
1113186655989774172,0.8122,0.7615941559557649,1,89489e3598fffff
11133965,0.7616,0.7615941559557649,2,89489eac86bffff
11135685,0.5134,0.7615941559557649,1,89489e22d97ffff
1113780855628932669,0.6954,0.8628108680157909,2,89489e37227ffff
1114088391288353223,0.6503,0.7615941559557649,5,89489e3426fffff
11144738,0.1362,0.15687470327559835,22,89489e35597ffff
1114504856988158019,0.4608,0.7615941559557649,3,89489e354b7ffff
1114992726796497743,0.5086,0.9640275800758169,1,89489e3700bffff
1115189515861758898,0.2098,0.0,2,89489e36207ffff
1115238361189984911,0.687,0.7905132165443438,7,89489e3501bffff
1115251617182252331,0.5669,0.9640275800758169,1,89489e30d8fffff
1115258668252968852,0.8021,0.8020808407797752,5,894898caa87ffff
1115273815577279125,0.7616,0.7615941559557649,2,894898c8017ffff
1115415518727955715,0.6503,0.7615941559557649,5,89489e3426fffff
1115438139904464223,0.4417,0.2538647186519216,3,894898c81cbffff
1115438267177481534,-0.0187,0.7615941559557649,1,89489e3464bffff
1115490905324173265,0.6275,0.6600482684949962,15,89489e3426fffff
1115897792771655756,0.6382,0.7615941559557649,1,89489e34487ffff
1115909792097134565,0.7429,0.8020808407797752,5,89489e355a3ffff
1115914921955572961,0.5928,0.6916990644763008,8,89489e355bbffff
1115987678662669612,0.6792,0.8290719639957822,3,89489e34043ffff
1116162131116218746,0.3639,0.7615941559557649,1,89489e30e73ffff
1116260732894747411,0.7088,0.7615941559557649,1,89489e30e0fffff
11163059,0.2867,0.7615941559557649,1,89489e35173ffff
1116719165828171039,0.7158,0.7157997539781962,10,89489e263cfffff
1116761660383706688,-0.2068,-0.4569564935734589,5,89489e3407bffff
1117076062473183592,-0.4613,-0.7615941559557649,1,89489e346c3ffff
1117350221920870669,0.0848,-0.025304178015006507,4,89489e342a3ffff
1117440876747445412,0.6036,0.7615941559557649,2,89489e3732bffff
1117441069105312697,0.299,0.0,2,89489e3732bffff
1118156242105938578,0.2415,0.0,2,89489e3732fffff
1118184785657850874,0.7733,0.8012208852149482,11,89489eada37ffff
1118239232865959595,0.5653,0.5584553559769786,7,89489e35c43ffff
11184708,0.6192,0.7905132165443438,7,89489e34057ffff
1118926841459931871,0.7616,0.7615941559557649,4,89489e2508fffff
1119626159031804706,-0.5845,-0.7615941559557649,1,89489e34647ffff
1119883345995100218,0.7905,0.7905132165443438,7,89489e32d8bffff
1120321716565227942,-0.0788,-0.20313879997878623,14,89489e37327ffff
1120438228666395672,0.7905,0.7905132165443438,7,894898d9137ffff
1120514256547562827,0.6217,0.5964997949818301,8,89489e26a4fffff
11207672,0.4929,0.7615941559557649,5,89489e35c93ffff
1120847434855109938,0.2832,0.2832054718866327,18,89489e259a3ffff
1120993094012896004,0.6206,0.7615941559557649,2,89489e3556bffff
1121045731845789843,-0.2634,-0.7615941559557649,4,89489e37123ffff
1121096930780420048,0.0179,0.0,2,89489e22d53ffff
1121185646226184445,-0.1523,-0.15231883119115297,5,89489e37197ffff
1121263518949082053,0.3337,0.7615941559557649,1,89489e350a7ffff
1121280864570829295,-0.0597,-0.10879916513653784,7,89489e37023ffff
1121700252180143558,0.5583,0.7615941559557649,5,89489e34057ffff
11218939,0.4863,0.7615941559557649,1,89489e3460fffff
1121916290926807726,0.4109,0.3807970779778824,4,89489e37283ffff
1121975330019710575,0.3828,0.7615941559557649,3,89489e35cd7ffff
11220453,0.7616,0.7615941559557649,2,89489e36a6fffff
11220779,0.6868,0.6817140514078058,14,89489eacbdbffff
11222426,-0.0293,0.7615941559557649,1,89489e3422bffff
1122392079292180601,0.457,0.4569564935734589,5,89489e27527ffff
11227253,0.3588,0.2538647186519216,6,89489e36263ffff
1122794418895621570,0.7616,0.7615941559557649,1,89489e25037ffff
11229234,0.6533,0.7615941559557649,1,89489e3438fffff
1123320743948871582,0.0,0.0,1,89489e25147ffff
1123391839075795202,0.7869,0.7615941559557649,1,89489e37213ffff
11236502,0.7616,0.7615941559557649,22,89489e24897ffff
1123823116090699417,0.3011,0.7615941559557649,2,89489e270dbffff
1123879231499020636,0.493,0.8628108680157909,2,89489e27107ffff
1123963047534143849,0.5616,0.5077294373038432,4,89489e35e33ffff
1124131061697092064,0.7795,0.7818374983677701,10,89489e362afffff
1124136446684529095,0.0693,0.0,3,89489e366a3ffff
1124780446585630361,0.4653,0.7615941559557649,1,89489e3448fffff
1124791752857322547,0.7932,0.8020808407797752,5,89489e255d3ffff
1124982647196130326,0.8375,0.9640275800758169,1,89489e37213ffff
1124999664637984285,0.7316,0.7615941559557649,4,89489e32d83ffff
11255530,0.6533,0.7615941559557649,1,89489e3438fffff
1125576718665903933,0.1372,-0.7615941559557649,1,89489e3427bffff
1126039506603271591,0.7535,0.7615941559557649,2,89489e3543bffff
1126044925833693475,0.7931,0.9640275800758169,2,89489e3752fffff
1126077848220690341,0.772,0.7905132165443438,14,89489ead33bffff
1126141931564350848,-0.368,-0.526604703502366,8,89489e37023ffff
1126177652505693356,0.2123,0.4569564935734589,5,89489e354a7ffff
1126202275809991504,0.4973,0.3807970779778824,4,89489e3601bffff
1126299404576236193,0.0455,-0.7615941559557649,1,89489e22d23ffff
1126733324795581588,0.7079,0.8628108680157909,4,89489e37327ffff
1126828097517923406,0.2539,0.2538647186519216,3,894898c9c0fffff
1126839233487935365,0.4273,0.7615941559557649,2,89489e3736fffff
1126852471025680393,0.54,0.5564339027935,15,89489e35053ffff
1126873824455316456,-0.0577,-0.3807970779778824,4,89489e35a17ffff
1126920,0.2252,0.21678196051860155,63,89489e37123ffff
1126950750572795082,-0.046,-0.2538647186519216,3,89489e3739bffff
1127028185356508014,0.0339,0.3301887219478694,4,89489e346c3ffff
1127410773358932688,0.118,-0.7615941559557649,1,89489e34693ffff
11274398,0.7616,0.7615941559557649,2,89489e360a7ffff
11274406,0.4661,0.3807970779778824,2,89489e3551bffff
1127507207351593419,0.7086,0.7615941559557649,1,89489e35467ffff
1127517548070338855,0.6683,0.7615941559557649,4,89489e3766bffff
1127530435040327715,0.6491,0.6755694279810398,13,89489e37377ffff
1127531419589016069,0.7156,0.8194322771329227,7,89489e3733bffff
1127560019456046305,0.3173,0.2538647186519216,3,89489eadb77ffff
1127592943609309531,0.5363,0.7615941559557649,3,89489e358d3ffff
1128186066045737031,0.7308,0.7615941559557649,5,89489e34403ffff
1128423911779198417,0.2138,0.43140543400789544,4,89489e34267ffff
1128489215168684485,0.6253,0.7615941559557649,4,89489e35e9bffff
1128496181498662592,0.6555,0.7615941559557649,2,89489e3402fffff
1128591045881770372,0.7207,0.8020808407797752,5,89489e3664fffff
1128996740672143676,0.5768,0.7615941559557649,3,89489e35a1bffff
1129172402368890658,0.5898,0.7615941559557649,4,89489e273d7ffff
1129205953245052684,0.0273,0.09586787422397676,9,89489e3468bffff
1129740102673984141,0.1097,0.2538647186519216,6,89489e3468bffff
1129996137998672019,0.4375,0.43140543400789544,4,89489e362a3ffff
1130058068157236309,0.4438,0.4569564935734589,5,89489e3469bffff
11303550,0.707,0.7615941559557649,2,89489e351a7ffff
1130402511795102466,0.6611,0.7615941559557649,2,89489e3445bffff
1130426194948324862,0.4013,0.7615941559557649,1,89489e37397ffff
11306510,0.574,0.5439958256826892,7,89489e3668bffff
1130779794745894142,0.7651,0.7771659578111534,13,89489e3402bffff
1131278755927815786,0.8628,0.8628108680157909,2,89489e3620fffff
1131368706181070927,0.7616,0.7615941559557649,2,89489eac807ffff
1131395862436054889,0.2504,-0.05060835603001301,4,89489e3404fffff
1131450096636296178,0.1024,0.9640275800758169,1,89489e374a3ffff
1131969003205342338,0.662,0.8020808407797752,5,89489e350b3ffff
1132015216215790504,0.5077,0.5077294373038432,6,894898d82c7ffff
1132017634247535816,-0.4522,-0.8628108680157909,2,89489e3468bffff
1132023416825492615,0.759,0.8290719639957822,3,89489e265d3ffff
11325012,0.6171,0.7615941559557649,2,89489e36273ffff
1132885084154792040,0.6231,0.6231224912365348,11,89489e241b7ffff
11330408,0.6152,0.6136331154540813,46,89489e371d7ffff
1133343324733180493,-0.7616,-0.7615941559557649,1,89489e3609bffff
1133382962265447128,0.5849,0.7615941559557649,1,89489e22cbbffff
1133610531028348501,0.4163,0.40610125599288893,8,89489e35e9bffff
11337722,0.7616,0.7615941559557649,8,89489e245abffff
1134055413623358382,-0.2979,-0.4974672350962967,7,89489e27103ffff
1134229206400692727,0.7156,0.7615941559557649,5,89489e36227ffff
1134297270744598554,0.6346,0.7615941559557649,3,89489e363dbffff
11352087,0.7688,0.7615941559557649,4,89489e2514fffff
1135413011683115697,0.7616,0.7615941559557649,1,894898daadbffff
1135553111137677419,-0.4795,-0.48339509486044946,21,89489e34673ffff
1135629,0.5663,0.7615941559557649,1,89489e37327ffff
1135872269413229817,0.6283,0.7615941559557649,1,89489e37227ffff
11360943,0.7256,0.7256445698747752,59,894898c8e4fffff
1136096521300035771,-0.095,0.0,6,89489e346cfffff
1136135940307572851,0.255,0.2773490273583671,13,89489e3424fffff
1136177499913041098,0.5213,0.7615941559557649,1,89489e3294fffff
1136220128028013695,-0.4522,-0.8628108680157909,2,89489e3468bffff
1136368830912349728,0.7379,0.8122025119857779,4,89489e36227ffff
1136836509324863129,0.8426,0.8425675256037856,5,894898d912bffff
11369999,0.3909,0.3689061677206938,15,89489e35e13ffff
1137098857327647271,0.6712,0.7615941559557649,1,89489e37103ffff
1137143024213500779,0.6415,0.7615941559557649,1,89489eade23ffff
1137225376511912602,0.7616,0.7615941559557649,3,89489eadb1bffff
1137297109267491742,0.5488,0.7615941559557649,2,89489e3559bffff
11373188,0.2115,0.7615941559557649,2,89489e346cbffff
11374424,0.6467,0.634661796629804,6,89489e351a7ffff
1137671877790078191,0.444,0.3807970779778824,4,89489e3297bffff
11377313,0.7616,0.7615941559557649,1,89489e245c7ffff
1137774658508838375,0.2325,0.1269323593259608,6,89489e35e9bffff
113779,0.6812,0.6808190182028806,33,89489e35ccbffff
1137844968465654228,0.6218,0.7615941559557649,2,89489e35513ffff
1137864510169950843,0.7685,0.7615941559557649,5,89489e32887ffff
1137905776108574147,0.6557,0.9640275800758169,1,89489e22dcfffff
1138361158153125107,0.4273,0.7615941559557649,2,89489e3736fffff
1138405399246594575,-0.5845,-0.7615941559557649,1,89489e34647ffff
1138408548274478027,-0.1879,-0.14738816279176517,25,89489e34647ffff
1138409842847848107,-0.3356,-0.05060835603001301,2,89489e34647ffff
1138413316546336952,-0.4884,-0.46058800872426614,4,89489e34647ffff
1138706281079728392,-0.171,0.0,2,89489e346cfffff
1139594918368352976,0.6726,0.7615941559557649,1,89489e3624fffff
1139954254350519996,-0.5161,-0.8628108680157909,2,89489e346cfffff
1140032955371963022,0.6569,0.6515312486398084,12,89489e35113ffff
11400538,0.5013,0.5013005254873595,16,89489e3401bffff
1140294891731756730,0.7616,0.7615941559557649,6,89489e2552bffff
1140425398332711135,0.7732,0.7750897175637683,5,89489e2010fffff
1140592269185162265,0.2453,0.0,2,89489e36243ffff
1140592559206284687,-0.0506,-0.2538647186519216,3,89489e372afffff
1140659185243981635,0.7616,0.7615941559557649,2,89489e275cfffff
1140663420522543485,0.7616,0.7615941559557649,2,894898c8e27ffff
1140793746116819685,0.7616,0.7615941559557649,1,89489eaca6bffff
1140877851045132771,0.7616,0.7615941559557649,1,89489e276afffff
11410715,0.0332,0.7615941559557649,2,89489e34673ffff
1141237568613418567,0.6944,0.7615941559557649,1,89489e26a6bffff
1141295056728563683,0.5138,0.5414683413238519,6,89489e37323ffff
1141336823612190111,0.5726,0.7615941559557649,5,89489e37337ffff
1141339553870359190,-0.4513,-0.7615941559557649,2,89489e355b7ffff
1141358332929619690,0.0243,0.10121671206002603,2,89489e3554fffff
1141392854315007219,-0.6036,-0.6192324082702432,15,89489e34647ffff
1141395087122715796,-0.5845,-0.7615941559557649,1,89489e34647ffff
1141396484351505605,-0.7279,-0.8290719639957822,6,89489e34647ffff
1141441072142908334,-0.5845,-0.7615941559557649,1,89489e34647ffff
1141445,0.1837,0.0,4,89489e350b3ffff
1141446311390257507,-0.62,-0.7615941559557649,2,89489e34647ffff
1141473236146520399,0.4984,0.5439958256826892,7,89489e35a1bffff
1141672346178801812,0.7422,0.7905132165443438,7,894898c81cbffff
11417129,-0.2562,-0.3807970779778824,4,89489e373b3ffff
1141857015857302329,0.7616,0.7615941559557649,1,89489e2625bffff
1141968407519541402,0.7616,0.7615941559557649,2,89489e27393ffff
1141977864721535104,0.3134,-0.7615941559557649,1,89489e3712fffff
1142075663056279317,0.7147,0.7953330599757735,6,89489e356b7ffff
1142077739884857788,0.1701,0.1269323593259608,6,89489e356a3ffff
1142136791843054206,0.7066,0.7615941559557649,1,89489e3665bffff
1142213890405034372,-0.7616,-0.7615941559557649,2,89489e37487ffff
11422242,0.5902,0.7615941559557649,1,89489e376dbffff
1142254504537756707,0.6827,0.8290719639957822,3,89489e3500fffff
11424382,-0.1314,-0.2180443569246352,17,89489e3430bffff
1142701213789730192,0.2406,0.0,2,89489e37123ffff
1142745907781960649,0.7321,0.7905132165443438,7,89489e37127ffff
1142833168209362327,0.4989,0.7615941559557649,1,89489e3712bffff
1142869123666434222,0.4598,0.8628108680157909,2,89489e350a7ffff
1142878669167785511,0.6395,0.7615941559557649,2,89489e35577ffff
1142920247241829454,0.0,0.0,2,89489eac803ffff
1142925626680569849,-0.0471,-0.7615941559557649,1,89489e350a7ffff
1142936648075009743,0.1539,-0.9640275800758169,1,89489e3556bffff
11439003,0.6099,0.6110034141759532,29,89489e35e1bffff
1144207300553876680,0.7616,0.7615941559557649,2,89489e2604fffff
11442375,0.1217,0.1159202483435834,78,89489e34053ffff
1144344824077535884,0.7616,0.7615941559557649,2,89489ead9bbffff
1144372761019555222,0.3837,0.7615941559557649,1,89489e37337ffff
1144373349932437027,0.5096,0.7615941559557649,3,89489e37337ffff
1144894413329030340,0.5782,0.5964997949818301,8,89489e34043ffff
1144900,0.4472,0.2538647186519216,3,89489e346d7ffff
1144902376851190964,0.7996,0.7615941559557649,1,89489e37293ffff
1145695315304351781,-0.528,-0.8672235829736972,4,89489e342abffff
1145704897881296008,0.1172,0.0,3,89489eadb4bffff
1145744997961615004,0.6854,0.7615941559557649,1,89489e255dbffff
1145772884330033006,0.5286,0.7615941559557649,1,89489e37283ffff
1145772985401919364,0.5792,0.9640275800758169,1,89489e37283ffff
1145773013150931905,0.0972,-0.9640275800758169,1,89489e37283ffff
11459171,0.2503,0.7615941559557649,1,89489e366c7ffff
1145970481657301704,-0.2181,-0.40610125599288893,4,89489e2711bffff
1145972624684546221,0.7876,0.7615941559557649,2,894898c8273ffff
1146387527504676827,0.4941,0.5077294373038432,6,89489e35437ffff
1146457007877088193,0.5221,0.4569564935734589,5,89489e3428bffff
1146570560245630409,0.0,0.0,2,894898c8e17ffff
1146654242578684078,-0.0335,0.10121671206002603,2,89489e22d33ffff
1147045463554826538,0.6651,0.8020808407797752,5,89489e3627bffff
1147140163091882159,-0.0972,-0.19280551601516338,5,89489e342afffff
1147205607248471873,0.4447,0.0,2,894898ca81bffff
1147206361499360100,0.7463,0.7615941559557649,1,894898ca81bffff
1147206619145701431,0.3655,-0.7615941559557649,1,894898ca81bffff
1147207983939619570,0.7463,0.7615941559557649,1,894898ca81bffff
1147340306412199613,0.6302,0.7615941559557649,5,89489e35837ffff
11474166,0.4298,0.41510475457187856,17,89489e34447ffff
1147945825809450380,0.6737,0.7615941559557649,1,89489e3283bffff
1148015719140823967,0.607,0.7615941559557649,4,89489e37123ffff
1148077467256799047,0.4593,0.7615941559557649,2,89489e37337ffff
1148109877755153268,0.5663,0.7615941559557649,1,89489e37327ffff
1148110911280732699,-0.0234,0.7615941559557649,1,89489e346cfffff
1148187806004187686,-0.198,-0.06747780804001735,2,89489e346cfffff
1148536,-0.3529,-0.3703050983391865,34,89489e346cbffff
1148594938481224336,0.8628,0.8628108680157909,2,89489e3544fffff
11493555,0.3829,0.7615941559557649,1,89489e3510fffff
1149444337616790658,0.5129,0.5077294373038432,8,89489e3556bffff
1149517454877743579,0.4412,0.3807970779778824,8,89489e3444bffff
1149724396248064515,-0.1592,-0.34705817395787375,6,89489e35517ffff
1149971640786997550,0.455,0.3923363833711516,11,89489e32d93ffff
1149972854200900714,0.964,0.9640275800758169,1,89489e220d7ffff
1150523862420746888,0.2332,-0.9640275800758169,1,89489e35e5bffff
11505260,0.7517,0.7538794617759844,20,894898c80abffff
1150702424749513823,0.7996,0.8020808407797752,5,894898c8007ffff
1150714644992986523,0.4202,0.5176865208094745,5,89489e37337ffff
1150715351977097851,0.357,0.43140543400789544,4,89489e37337ffff
1150765440017207565,0.5746,0.8122025119857779,4,89489e37337ffff
1150880227716435990,0.3837,0.7615941559557649,1,89489e37337ffff
1151379535175193483,0.7293,0.7953330599757735,6,89489e34423ffff
1151386991979111607,0.7579,0.7615941559557649,8,894898d962bffff
1151569769694147386,-0.1012,-0.9640275800758169,1,89489e37143ffff
1151758539446619581,-0.1523,-0.15231883119115297,5,89489e374bbffff
1151996690746399007,0.6792,0.7799971945121332,11,89489e35093ffff
1152094208807632775,0.7657,0.7615941559557649,4,89489e3604bffff
1152157033264544156,0.4006,0.7615941559557649,2,89489e354b7ffff
1152160986079546491,0.4608,0.7615941559557649,3,89489e354b7ffff
1152229576041291355,0.8291,0.8290719639957822,3,894898dabd7ffff
11526499,0.4099,0.40991470062338287,41,89489ead987ffff
1152914455606009086,0.4593,0.7615941559557649,2,89489e37337ffff
1153060013112811223,0.157,0.10879916513653784,7,89489e3468fffff
11530645,0.3081,0.29150229441528114,37,89489e37113ffff
1153682250042618555,0.7164,0.7615941559557649,2,89489e35eb3ffff
1153732291595477838,0.8291,0.8290719639957822,3,89489e35b07ffff
1153928619196017310,0.0,0.0,4,89489e253a3ffff
1154747869785915744,0.6338,0.7615941559557649,1,89489e265c3ffff
11547507,0.7616,0.7615941559557649,4,89489eac987ffff
1154759099449377240,0.0231,0.2538647186519216,3,89489e3706fffff
11548720,0.462,0.7615941559557649,2,89489e32ba7ffff
1155236180030132877,0.338,0.28439431997030074,5,89489e35177ffff
1155726329180159937,0.0092,-0.7615941559557649,1,89489e27313ffff
1155778073697659775,-0.457,-0.4569564935734589,10,89489e2709bffff
1156409880796662502,0.2481,0.0,5,89489e37013ffff
1156602388156960917,0.7616,0.7615941559557649,1,89489e34617ffff
1156652716556887543,0.7672,0.7615941559557649,3,89489e36293ffff
1156696378577064244,0.7699,0.8290719639957822,3,89489eacbdbffff
1157229047618163871,0.8291,0.8290719639957822,3,894898dae77ffff
1157268,-0.5482,-0.5483320841833527,27,89489e3460bffff
1157305695394255335,-0.0304,-0.3807970779778824,4,89489e3427bffff
1157317,-0.6501,-0.6620067676560483,50,89489e34673ffff
1157447515454064666,0.7074,0.7615941559557649,3,89489eadd0bffff
1157514305718027056,0.688,0.7615941559557649,2,89489e36227ffff
1157941744625769116,0.735,0.7556597758174722,13,89489e34407ffff
1158153004831187104,0.5758,0.5698584075078114,9,89489e3715bffff
1158189215640524130,-0.1904,-0.7615941559557649,1,89489e351a3ffff
11583653,0.4728,0.3924701078644307,5,89489e35bb7ffff
11587536,0.348,0.7615941559557649,1,89489e3407bffff
1158931131314314040,0.755,0.9640275800758169,1,89489ead33bffff
11589978,0.6458,0.6461213230858082,128,89489e35e33ffff
1159629773941508075,0.6526,0.7615941559557649,2,89489e3716fffff
116014,0.4786,0.7615941559557649,1,89489e34293ffff
11601524,0.4315,0.3807970779778824,4,89489e35507ffff
11605217,0.758,0.761594155955765,7,89489e35d67ffff
1160828660197922555,0.7953,0.7953330599757735,6,89489e27413ffff
11608417,0.4686,0.7615941559557649,2,89489e34053ffff
1160934717968667715,0.2572,0.4569564935734589,5,89489e342abffff
1160962390936332990,0.2175,0.0,4,89489e363dbffff
1161107294989953468,0.3885,0.10121671206002603,2,89489e3716fffff
1161107810458716901,0.6931,0.8628108680157909,2,89489e3716fffff
1161108201986768098,0.6254,0.7615941559557649,1,89489e3716fffff
1161108554308630262,0.6254,0.7615941559557649,1,89489e3716fffff
11611131,0.7616,0.7615941559557649,1,89489e372b3ffff
1161140713981745796,0.0482,-0.2538647186519216,3,89489e35047ffff
1161147137915001924,0.5331,0.5331159091690354,10,894898d9047ffff
1161293352004085531,0.1354,0.7615941559557649,1,89489e35abbffff
1161504203223688871,0.2338,-0.7615941559557649,1,89489e3622fffff
1161544231932530626,0.7363,0.7615941559557649,5,89489e35897ffff
1161570208909836769,0.4045,0.2876036226719303,6,894898ca217ffff
1161629115689383350,-0.2144,-0.5441352979436624,5,89489e3738fffff
1161629329480302437,-0.0946,-0.32134252669193897,3,89489e3738bffff
1161629392215101733,-0.0913,-0.7615941559557649,1,89489e3738bffff
1161629626197166068,-0.3358,-0.6113582414682865,8,89489e3737bffff
1161637386515674899,0.523,0.4974431783974693,5,89489e3622fffff
1161645556462556969,0.0916,0.0,2,89489e372afffff
1161673494815465212,0.6669,0.6663948864612943,8,89489e373b7ffff
1161700880343872043,0.7049,0.7615941559557649,6,89489e34417ffff
1161753396804353266,0.2148,0.7615941559557649,1,89489e344dbffff
1161823037373617249,-0.0815,-0.32134252669193897,3,89489e3424fffff
11621413,0.7471,0.7615941559557649,2,89489e35e8bffff
11622156,-0.2467,0.7615941559557649,1,89489e35477ffff
11622259,0.0619,-0.14407612416991733,6,89489e35567ffff
1162273072532900724,0.3803,0.7615941559557649,1,89489e3544bffff
1162276503295661136,0.3803,0.3807970779778824,4,89489e3545bffff
1162338963954491750,0.5513,0.5077294373038432,6,894898da2a3ffff
1162444206161201245,0.644,0.7615941559557649,2,89489e3622fffff
1162619402568354441,0.7785,0.7615941559557649,1,89489e22cb7ffff
1162642283900646413,0.2357,0.2538647186519216,3,89489e22d8fffff
1162814243579079542,-0.3068,-0.7615941559557649,1,89489e346cbffff
1162922,-0.5414,-0.5466439265128556,51,89489e34673ffff
1163210146138136868,0.6059,0.5711956169668236,8,89489e3710fffff
1163602426206712363,0.7348,0.7615941559557649,2,89489e27003ffff
1163702498954665250,0.4593,0.7615941559557649,2,89489e37337ffff
1163708327715170088,0.7685,0.8122025119857779,4,894898c9497ffff
1163781704701706434,0.7616,0.7615941559557649,1,894898da3bbffff
1163790738164993109,0.7368,0.8122025119857779,4,89489e3589bffff
11647509,0.964,0.9640275800758169,1,894898d907bffff
1165358582886790665,0.7616,0.7615941559557649,8,89489e3592fffff
1165854,0.6169,0.6200847036923923,14,89489e3444bffff
11660447,0.5608,0.7615941559557649,1,89489e35187ffff
1166100452888389164,-0.0759,-0.7615941559557649,1,89489e372afffff
1166100567727016716,0.4909,0.8290719639957822,3,89489e372afffff
1166778363142885292,0.8291,0.8290719639957822,3,894898cac2bffff
1166839056536053014,0.2876,0.2876036226719303,6,89489e3420bffff
1166865229781865319,0.2651,0.2651110199919245,9,89489e2720fffff
1166865318035048826,0.3249,0.32488100479431115,10,89489e27277ffff
1166896427341629184,-0.6078,-0.6018339468598468,7,89489e3420fffff
11670278,0.0458,0.7615941559557649,1,89489e37223ffff
1167317553037195833,-0.0234,0.7615941559557649,1,89489e346cfffff
1167411831089390653,-0.6093,-0.6092753247646119,5,89489eaca4fffff
1167460014761261956,0.4084,0.5077294373038432,6,89489e36073ffff
1167511495584393388,0.3437,0.7615941559557649,1,89489e3736fffff
1167514549266620726,0.2432,0.10121671206002603,2,89489e34457ffff
1167584230661855868,0.6455,0.7615941559557649,3,89489e34043ffff
1167586574060954130,-0.0032,-0.10121671206002603,2,89489e342afffff
1167587064108259454,-0.2711,-0.7615941559557649,1,89489e34233ffff
1167618290344791345,0.457,0.4569564935734589,5,89489e375abffff
1167699343122502951,0.3636,0.43140543400789544,4,89489e34053ffff
1168048113557092127,0.4258,-0.10121671206002603,1,89489e36667ffff
1168141545479186371,0.8194,0.8194322771329227,7,89489e25487ffff
1168235940452715853,-0.2204,-0.7615941559557649,4,89489e37327ffff
1168292790193203753,0.0894,0.15231883119115297,5,89489e35597ffff
1168308939028637239,-0.6568,-0.7615941559557649,1,89489e3420fffff
1168414025992663382,0.6621,0.7615941559557649,4,89489e34043ffff
1168431119190451264,0.5812,0.8122025119857779,4,89489e34053ffff
1168748428456766427,0.1336,0.7615941559557649,2,89489e346cfffff
1169058197579463059,0.6907,0.6916990644763008,16,89489ead33bffff
1169805593897671986,0.396,0.3263974954096135,7,89489e209d7ffff
1169905749088376191,0.5071,0.7615941559557649,4,89489e27103ffff
1169920154909016122,0.4119,0.4569564935734589,5,89489e37363ffff
1169949639646142677,0.7272,0.7615941559557649,1,89489e31b27ffff
1170308058564241812,0.4977,0.7615941559557649,1,89489e34587ffff
1170508976140647389,0.0932,0.7615941559557649,1,89489e27117ffff
1170518571380441928,0.4692,0.32134252669193897,3,89489e31807ffff
1170575867353742393,0.2558,0.7615941559557649,1,89489e3462bffff
11710651,0.7616,0.7615941559557649,3,894898cb057ffff
1171095997650072624,0.6875,0.7615941559557649,1,89489e35cd3ffff
1171696760116722623,0.5118,0.7615941559557649,1,89489e350b3ffff
1171734395727141363,0.7616,0.7615941559557649,4,89489e31a2bffff
1171758257169954679,-0.0077,-0.9640275800758169,1,89489e358d3ffff
1171978762900897906,-0.0704,-0.7615941559557649,1,89489e354b7ffff
11721295,0.7616,0.7615941559557649,1,89489e366c3ffff
1172404018759829326,0.5001,0.7615941559557649,2,89489e351abffff
1172491496357025803,-0.188,-0.4974431783974693,5,89489e3714fffff
1172692541458712232,0.0787,-0.2538647186519216,3,89489e3712bffff
1173164555082474142,0.5454,0.7615941559557649,3,89489e355bbffff
1173715161317647915,0.6141,0.9640275800758169,1,89489e35e03ffff
1173988536973478356,0.4647,0.7615941559557649,3,89489e27103ffff
1174051552165229031,0.7616,0.7615941559557649,5,89489e2735bffff
1174060867853400014,0.5871,0.8290719639957822,3,894898d9103ffff
1174081159300544317,-0.4757,-0.7615941559557649,2,89489e346cfffff
1174139768266463797,0.6957,0.7615941559557649,4,89489e37317ffff
1174699861249181732,-0.2467,0.7615941559557649,1,89489e35477ffff
1175453119879103446,0.7575,0.7761854433139502,16,89489e37177ffff
11757228,0.192,0.18782697426234773,20,89489e34057ffff
1175833246697535992,0.6679,0.8290719639957822,3,89489e3442bffff
1176052552177839369,0.4237,0.7615941559557649,1,89489e358d3ffff
1176290556314445850,0.7146,0.8122025119857779,4,89489e3449bffff
1176503043187223769,0.5071,0.7615941559557649,4,89489e27103ffff
1176667809428398397,0.3873,0.10121671206002603,2,89489e37333ffff
1176668320896274845,0.6239,0.7615941559557649,1,89489e37333ffff
1176789216689706002,0.6239,0.7615941559557649,1,89489e37333ffff
1176790926809274735,0.7616,0.7615941559557649,1,89489e373afffff
1176792939323837980,0.6239,0.7615941559557649,1,89489e37333ffff
1176845337856959902,0.634,0.7615941559557649,1,89489e34417ffff
1176881760073777590,0.8628,0.8628108680157909,2,894898dae37ffff
1176976213050277111,0.4411,0.7615941559557649,1,89489e35043ffff
1176987216356486794,0.5492,0.7615941559557649,1,89489ead977ffff
1177156952202746896,0.4337,0.3945173590438694,13,89489e37163ffff
1177232510483072476,0.7046,0.7005349533190066,15,89489ead323ffff
1177627413213128009,0.5984,0.7615941559557649,1,89489e35917ffff
1177756585389777222,0.4624,0.38423561658677124,7,89489e22d1bffff
1177765020209191413,0.5534,0.5077294373038432,6,89489e22d1bffff
1177767623205722537,0.7666,0.8122025119857779,8,89489e22d1bffff
1178100610578176638,0.3777,0.3263974954096135,7,89489e35e03ffff
1178248835705591991,0.7452,0.7615941559557649,1,89489e35e07ffff
1178443215831685369,0.6208,0.5077294373038432,2,89489ead24fffff
1178584409298614986,0.2742,0.0,2,89489e36463ffff
1178894856859586709,-0.2862,-0.3070586724828441,6,89489e355b7ffff
1178912935006821554,-0.3738,-0.7615941559557649,1,89489e355b7ffff
1178915844548961026,0.5063,0.47399053328383456,6,89489e3518bffff
1178972091033472918,0.6816,0.8065793613157763,9,894898c827bffff
1179121140717250243,0.2378,-0.9640275800758169,1,894898ca217ffff
11791397,0.547,0.4507510588512762,5,89489e36b13ffff
1179225898516563580,0.4696,0.2538647186519216,3,89489ead33bffff
1179621864225482094,0.1151,-0.2538647186519216,3,89489e36253ffff
1179882055260696843,0.7713,0.7615941559557649,2,894898cacabffff
1180083244059472969,0.1873,0.7615941559557649,2,89489e354a7ffff
11802404,-0.3751,-0.48201379003790845,4,89489e34223ffff
1180476790202589358,0.1275,0.0,6,89489e35bcbffff
1180654532597105389,0.7402,0.7905132165443438,7,89489e35aa7ffff
1180668300519132860,0.7616,0.7615941559557649,1,89489e266c7ffff
1181349171424692102,0.7616,0.7615941559557649,8,894898cb3c7ffff
1181491806286041340,0.8524,0.883054210427796,5,894898c8e1bffff
11815241,0.6771,0.7615941559557649,4,894898ca8c7ffff
1181583145007274099,0.2285,0.0,2,89489e309a7ffff
1181833038028487742,0.2962,0.4569564935734589,5,89489e350c3ffff
1182526867606289589,0.7818,0.7818374983677701,10,89489e35653ffff
1182568968341963793,0.7844,0.7615941559557649,1,89489e22cabffff
1182921644980560413,0.3934,0.42566096275464665,13,89489e3713bffff
1183254509069269940,0.79,0.7868983339707714,8,89489e20d6fffff
1183294735173584956,0.6699,0.5752072453438606,3,89489e3417bffff
1183312692778769138,0.7616,0.7615941559557649,4,89489e372c7ffff
1183320533977798450,0.5338,0.7615941559557649,1,89489e35053ffff
1183330589521091900,0.8029,0.8122025119857779,4,894898c8e33ffff
1183519350416360790,0.6268,0.6193969959706145,10,89489e35073ffff
1183545934992510326,0.0718,-0.7615941559557649,1,89489e36207ffff
1184178528624931396,0.3983,0.33500267600031375,10,89489e32db7ffff
1184340974850001530,0.0718,-0.7615941559557649,1,89489e36207ffff
1184411908765736468,0.7664,0.7615941559557649,3,89489e3604bffff
1184844626001940647,0.4568,0.7615941559557649,2,89489e3713bffff
1184853936781537330,0.0212,-0.9640275800758169,1,89489e36207ffff
1184876585256427035,0.6093,0.7615941559557649,3,89489e35b6bffff
1184933389879291021,0.6589,0.8628108680157909,2,89489e3551bffff
1184936192680108060,0.2812,0.5077294373038432,3,89489e35057ffff
1185013902998429563,0.8881,0.9640275800758169,1,89489e22ba7ffff
1185519567170687950,0.7616,0.7615941559557649,2,89489e274d3ffff
1186325694093063028,0.3619,0.3807970779778824,8,89489e3542fffff
1186375664309054189,0.1941,0.0,2,89489e365d3ffff
1186383388138652979,0.5879,0.7615941559557649,1,89489e3710bffff
1186390478937732477,0.5362,0.7615941559557649,1,89489e3500bffff
11865157,0.7543,0.7722485466989255,19,89489e346d7ffff
1186522586450317492,0.3918,0.3301887219478694,4,89489eadb5bffff
1186994453727726493,-0.4523,-0.8290719639957822,3,89489e342abffff
1187005461064804974,-0.2482,-0.35160697643256555,9,89489e342afffff
1187009318868586251,-0.2673,-0.7615941559557649,2,89489e342afffff
1187010088724726671,-0.1816,-0.2876036226719303,3,89489e342abffff
1187015270881640482,-0.0646,0.0,2,89489e34233ffff
1187015301665789164,0.0878,0.3807970779778824,2,89489e34233ffff
1187018706444753970,0.0373,0.0,2,89489e342afffff
1187059460674258263,0.5355,0.7615941559557649,2,89489e370afffff
1187171558298469779,0.6957,0.7615941559557649,2,89489ead377ffff
1187604515466081393,0.3844,0.3807970779778824,4,89489e2742bffff
1187672207801289612,0.7616,0.7615941559557649,1,89489e3640fffff
1187731812835614611,0.6486,0.7615941559557649,1,89489e350b7ffff
1187774900461795140,0.7616,0.7615941559557649,1,89489eacb93ffff
1187872754314814768,0.0898,0.0,6,89489e3468fffff
1188005578739209795,-0.2697,-0.05060835603001301,2,89489e2710fffff
1188381074321960311,-0.8628,-0.8628108680157909,1,89489e20c7bffff
1188385997360366247,-0.1065,-0.7615941559557649,1,89489e355a7ffff
1188440658489126128,0.7616,0.7615941559557649,6,894898d932fffff
1188448629613160744,0.7283,0.7615941559557649,8,89489e371d7ffff
1188487730480766626,0.1744,0.0,4,89489e355abffff
1188547499479808304,0.7616,0.7615941559557649,3,89489e262c7ffff
11885610,0.1651,0.7615941559557649,1,89489e35b8fffff
1188587149245653247,0.8628,0.8628108680157909,2,894898c84c7ffff
1188595481222549560,0.6817,0.7615941559557649,1,89489e37243ffff
1188656823377456551,0.5154,0.7615941559557649,2,894898d82cfffff
1188723878155807625,0.2761,0.10121671206002603,2,89489e37527ffff
1189065859883929617,0.6664,0.7615941559557649,1,89489e35143ffff
1189073754030347413,0.1799,0.0,4,89489e3736bffff
1189089134215369700,0.762,0.7953330599757735,6,89489ead30fffff
1189261270457667161,0.711,0.7615941559557649,3,89489e3622bffff
1189322213475308580,0.1956,-0.9640275800758169,1,89489e37167ffff
1190628319355819809,0.6916,0.7760536862500543,7,894898c8323ffff
1190690811284022346,0.56,0.7615941559557649,2,89489eac2a3ffff
1190705934656861404,0.3,-0.9640275800758169,1,89489e36437ffff
11907156,0.4588,0.6018339468598468,7,89489e34697ffff
1191251442167608577,0.6036,0.7615941559557649,2,89489e3732bffff
1191371517591769982,0.7687,0.761594155955765,7,894898cb06fffff
1191465777818215950,0.7463,0.7615941559557649,6,89489e31b27ffff
1191535313858421610,0.319,0.0,2,894898c8e9bffff
1191546733204001871,0.7104,0.7139945212085296,16,89489e35467ffff
1191649152639943777,0.3023,0.0,2,89489e371a3ffff
1191695444056350935,-0.2495,0.0,2,89489e2710fffff
1192177162770412916,-0.6512,-0.9640275800758169,1,89489e355dbffff
1192194853290359211,0.435,0.7615941559557649,2,894898d938fffff
1192198140623321132,0.59,0.5414683413238519,3,894898da2a3ffff
1192208888183751426,0.2693,0.32134252669193897,3,894898d938fffff
1192211786624135126,0.0965,0.06747780804001735,3,894898d9383ffff
1192216265194024460,0.4334,0.5414683413238519,6,894898d938fffff
1192218384070560217,0.3252,0.40610125599288893,4,894898d938fffff
1192221046900490390,-0.3662,-0.6162934771541363,7,894898d938fffff
1192224040767932232,0.1709,0.10121671206002603,2,894898d938fffff
1192229327882498555,0.4436,0.7615941559557649,3,894898d9383ffff
1192230818526436653,-0.1742,-0.7615941559557649,2,894898d938fffff
1192232711496703355,0.3534,0.7615941559557649,1,894898d938fffff
1192233859176697622,0.2356,0.2538647186519216,3,894898d938fffff
1192236758712630545,0.2356,0.2538647186519216,3,894898d938fffff
1192238692489749771,-0.0144,-0.08434726005002169,6,894898d9383ffff
1192240182330047762,-0.0304,-0.18638691061190427,3,894898d9383ffff
1192241759685152535,-0.1499,-0.2876036226719303,6,894898d9383ffff
1192246801004163109,0.1699,-0.2538647186519216,3,89489e3715bffff
1192754302868006938,0.2613,-0.7615941559557649,1,89489e3444bffff
1192837574958095830,-0.5486,-0.8628108680157909,4,89489e27117ffff
1192860261482569737,0.4957,0.5752072453438606,6,89489e37363ffff
1193004185175166880,0.7628,0.7868983339707714,8,89489e3580fffff
1193548901608097365,0.1499,-0.7615941559557649,1,89489e22c0fffff
11937703,0.7615,0.7760536862500543,14,89489e35b63ffff
1194323195328978361,0.6295,0.7615941559557649,2,89489e371d3ffff
1195009225102390869,0.3161,-0.7615941559557649,1,89489e34453ffff
1195091510874860950,0.5577,0.7615941559557649,1,89489e34063ffff
1195103056845347910,0.7566,0.7953330599757735,6,89489e3752fffff
1195184571519931892,0.7616,0.7615941559557649,3,89489e276bbffff
1195493,0.6181,0.6229799487241351,37,89489e35577ffff
1195841604044004679,0.7616,0.7615941559557649,2,89489e24567ffff
1196395614712588059,0.1499,-0.7615941559557649,1,89489e22c0fffff
1196433048148784066,0.7616,0.7615941559557649,2,89489e36257ffff
1196458493783390567,0.5517,0.8122025119857779,4,89489e3736fffff
1196530246213770943,0.4279,0.30463766238230594,5,89489e340abffff
1197076925917194764,0.6306,0.7615941559557649,1,89489e366b7ffff
1197161137418272722,0.4161,0.10121671206002603,2,89489e3669bffff
1197298997547498118,0.4434,0.2876036226719303,3,89489e364b7ffff
1197428554737668172,0.2539,0.2538647186519216,3,89489e3524fffff
1197727822085156216,0.6227,0.652794990819227,7,89489e344afffff
1197906327730004267,0.8594,0.8965497720357996,3,89489e2706bffff
1197913908386718407,0.2031,0.0,4,89489e35567ffff
1198454490855496562,0.6714,0.7615941559557649,9,89489e37123ffff
1198516108340265699,0.8291,0.8290719639957822,3,89489e20d77ffff
1198561170552740247,0.7616,0.7615941559557649,1,89489e22c2fffff
1198639931913544669,-0.1861,-0.7615941559557649,2,89489e35a83ffff
1198768133864182591,0.1457,0.0,8,89489e37377ffff
1198948624658455634,-0.7616,-0.7615941559557649,2,89489e35a93ffff
1198948633298544763,-0.7616,-0.7615941559557649,1,89489e35a93ffff
1199239072158677194,0.7616,0.7615941559557649,3,89489e25037ffff
11992594,0.3978,0.7615941559557649,1,89489e34237ffff
1199355812371550871,0.7485,0.7826809709682703,8,89489e2444bffff
1199376944787723001,0.7034,0.7615941559557649,6,89489e366b7ffff
1199633945601303169,0.528,0.7615941559557649,1,89489e3400fffff
1200204270967409438,-0.2941,-0.3807970779778824,4,89489e3468bffff
1200204300991323037,-0.4469,-0.5810908652877357,6,89489e3468bffff
1200881165602871995,0.7898,0.8042117189284074,19,894898dab4bffff
1200899955667428852,0.3837,0.7615941559557649,1,89489e37337ffff
1201503529429307280,0.1192,0.2538647186519216,3,89489e35597ffff
1201599119916273481,0.7616,0.7615941559557649,2,89489e275cbffff
1201633224490912102,0.0337,0.033738904020008675,3,894898da8cbffff
12016436,0.2896,0.3129500803173613,73,89489e3464bffff
1201755580046710626,0.1808,0.09586787422397676,9,89489e360abffff
1202081001393900500,-0.5077,-0.5077294373038432,3,894898da853ffff
12021271,-0.0839,-0.07686162929145182,83,89489e3464bffff
1202172380889018363,0.6412,0.7615941559557649,3,89489e36273ffff
1202318023130278415,0.7434,0.7615941559557649,1,894898c8563ffff
1202425165772953055,0.0533,-0.7615941559557649,2,89489e372a3ffff
1202875762128983028,0.047,-0.2538647186519216,3,89489e3465bffff
1202885666076544389,0.7941,0.8020808407797752,5,89489e24c9bffff
1203062638559809078,0.7072,0.7615941559557649,3,89489e344b7ffff
12034873,0.6329,0.6322652624440401,85,89489e3716bffff
1203728585188030388,-0.0234,0.7615941559557649,1,89489e346cfffff
1203768861410710039,0.4807,0.5030538650736733,11,89489e35133ffff
1203790491625683934,-0.3095,-0.8290719639957822,3,89489e3407bffff
1204230864489292114,0.5939,0.6345795027796184,10,89489e37323ffff
1204308083987365259,0.2688,0.10879916513653784,7,89489e355c3ffff
1204343938748521728,0.793,0.8020808407797752,5,894898cacabffff
1204498147986106984,-0.457,-0.7615941559557649,2,89489eadd8bffff
1204672453751809648,0.4465,0.2538647186519216,3,89489e35163ffff
1205004130123723189,0.193,0.2538647186519216,3,89489e3738bffff
1205023401871918101,0.2895,0.7615941559557649,1,89489e3738bffff
1205199447332732495,0.528,0.7615941559557649,1,89489e3400fffff
1205212385062357715,0.474,0.47399053328383456,3,89489e24687ffff
1205239482845680968,0.7616,0.7615941559557649,1,89489e36877ffff
1205357588807904683,0.692,0.7615941559557649,1,89489e35c4bffff
1205862014442795535,0.7325,0.7905132165443438,7,89489e34487ffff
1206129059680314643,0.7277,0.7615941559557649,6,89489e24c13ffff
1206131167651785259,0.5864,0.7615941559557649,3,89489e3712bffff
1206422650472812414,0.7616,0.7615941559557649,2,894898caa97ffff
1206482,0.7024,0.8628108680157909,2,89489e37107ffff
1206552773007276026,0.5663,0.7615941559557649,1,89489e37327ffff
1206599633482694635,-0.009,-0.5077294373038432,3,89489e34063ffff
1207309411374451658,0.7162,0.7615941559557649,2,89489e246bbffff
1208017019840441860,0.7616,0.7615941559557649,1,89489ead9a3ffff
1208197647882356545,-0.2359,-0.7615941559557649,1,89489e34663ffff
1208589616764149822,0.2666,0.15231883119115297,5,89489e35b6bffff
1208615433921006926,0.7616,0.7615941559557649,2,89489eaca5bffff
1209036803400870906,0.7616,0.7615941559557649,1,89489ead30bffff
1209789080558099218,0.5712,0.7615941559557649,1,89489e3647bffff
1210073732294694969,0.7178,0.8290719639957822,6,894898ca32fffff
1210233408151754320,0.572,0.7615941559557649,2,89489e362a3ffff
1210268333206743814,0.6848,0.7615941559557649,2,89489e35e33ffff
1210326323612776560,0.7616,0.7615941559557649,2,894898cac77ffff
1210327898776508538,-0.0646,0.0,2,89489e34233ffff
1210331231194506834,0.16,-0.7615941559557649,1,89489e3426bffff
1210353565553497225,0.5154,0.5331159091690354,10,89489e34413ffff
1210840780870206456,0.5947,0.676972583071791,9,89489e3465bffff
1210858345121164003,-0.0317,-0.2538647186519216,3,89489e271c7ffff
1210878610994337530,0.7215,0.7615941559557649,2,89489e376cbffff
1210914092520175458,-0.2694,-0.2538647186519216,3,89489e346cfffff
1210930219900368269,0.3839,0.7615941559557649,2,89489e3738bffff
1211503720026763584,-0.074,0.0,2,89489e22d33ffff
1211539809228703629,0.7085,0.7615941559557649,6,89489e22987ffff
1211634877493354991,0.7616,0.7615941559557649,2,89489e35dd7ffff
1211828326901062564,0.7294,0.7615941559557649,4,89489eada93ffff
1212283609993402124,0.7362,0.7615941559557649,9,89489e35a07ffff
1212825973031000133,0.6018,0.7615941559557649,2,894898ca32fffff
1212950480824117512,0.7616,0.7615941559557649,2,894898d9663ffff
1213128264148218425,0.5077,0.5077294373038432,3,89489e348cbffff
1213294825756388079,0.2201,0.11183214636714256,5,89489e25517ffff
1213690,-0.3078,-0.3122764052975369,69,89489e37367ffff
1214002220705947411,0.7453,0.7615941559557649,9,89489e36097ffff
1214570282514413856,0.6093,0.6092753247646119,5,89489e36b8fffff
1214578830207672929,0.0845,-0.7615941559557649,1,89489e3448fffff
1214598362267644599,0.7616,0.7615941559557649,1,89489e351bbffff
1214637925517165806,0.1484,-0.3807970779778824,2,89489e37327ffff
1214796196968950971,0.6896,0.7615941559557649,2,89489e365c3ffff
1215154087350202988,0.7616,0.7615941559557649,2,89489e240a7ffff
1215258456375918657,0.6122,0.7106331119963848,7,89489e35bcbffff
1215260916774208537,0.4163,0.2538647186519216,3,89489e35637ffff
1215273200778077728,0.2898,0.2538647186519216,3,89489e351abffff
1215472281430435704,0.6449,0.9640275800758169,1,89489e251cfffff
1215620518937635811,0.5408,0.7615941559557649,1,89489e3426bffff
1216041005562153197,0.0159,-0.7615941559557649,2,89489e37377ffff
1216254798158559027,0.5281,0.6092753247646119,10,89489e37337ffff
1216653551691835525,-0.3171,-0.7615941559557649,2,89489e344c3ffff
1216664469866188279,0.7616,0.7615941559557649,1,89489e35c0bffff
1216666616993055293,0.68,0.7615941559557649,1,89489e344b7ffff
1216669075309523970,-0.1183,-0.9640275800758169,1,89489e342bbffff
1216699240132232660,0.7711,0.7615941559557649,1,89489e220afffff
1216720149929846806,0.6562,0.7615941559557649,1,89489e344bbffff
1216751728777329675,-0.0063,-0.10897350546275442,2,89489e342afffff
1216755654852547003,-0.3905,-0.8628108680157909,2,89489e342abffff
1216922919585536527,0.1849,0.0,1,89489e27107ffff
1217329809169334425,0.6939,0.7615941559557649,2,89489e3655bffff
1217409774904624618,0.6417,0.9640275800758169,1,89489e37377ffff
1217424057374058427,-0.0243,0.7615941559557649,1,89489e34653ffff
1217534110811321963,0.7429,0.8020808407797752,5,89489e3440bffff
1217586531550580286,0.509,0.4974431783974693,5,89489e3297bffff
1217610144364951122,0.5719,0.9640275800758169,1,89489e3294fffff
1217638338964678182,0.8102,0.7615941559557649,2,89489e356c7ffff
1218036521608929948,0.7217,0.7615941559557649,3,89489e34313ffff
1218045229696094374,0.2901,0.2538647186519216,3,89489e3666bffff
1218045267120019468,0.3575,0.3807970779778824,4,89489e3666bffff
1218266492642245184,0.7768,0.7615941559557649,2,89489eadc8bffff
1218477463865548971,-0.964,-0.9640275800758169,2,89489e27697ffff
1218828305732376639,0.4436,0.7615941559557649,3,894898d9383ffff
1218896732625036673,0.435,0.7615941559557649,2,894898d938fffff
1219029024645447987,0.7699,0.7615941559557649,4,89489e24c9bffff
1219110133278416300,0.1826,-0.9640275800758169,1,89489e22dafffff
12194423,0.4074,0.4070687222165281,111,89489e3736bffff
1219558524003202334,-0.0325,0.22012581463191294,3,89489e346cfffff
1219593542695254734,0.4485,0.48201379003790845,2,89489e35923ffff
1219664786610165284,0.6542,0.7615941559557649,1,89489e223bbffff
1219848676195395846,0.677,0.7615941559557649,3,89489e36673ffff
1220387766964333040,0.0436,0.15231883119115297,5,89489e2746bffff
1220544582798198208,0.4385,0.2538647186519216,3,89489e22d0fffff
1220901315214510438,-0.1561,-0.7615941559557649,3,89489e371bbffff
1220903546379405100,-0.017,-0.3807970779778824,4,89489e37117ffff
1221109172827076404,0.7616,0.7615941559557649,3,89489e265dbffff
1221251577106485779,0.6314,0.7615941559557649,3,89489e37327ffff
1221275702654020882,-0.0039,-0.7615941559557649,2,89489e37327ffff
1221619697642720838,0.3272,0.18638691061190427,3,89489e37117ffff
1221619916633991043,0.4181,0.3807970779778824,4,89489e37117ffff
1221620017469302367,0.0279,-0.39766652998788676,4,89489e37107ffff
1221797962777489915,0.4593,0.7615941559557649,2,89489e37337ffff
1221817044193581456,0.7616,0.7615941559557649,2,89489e273c3ffff
1221841130184158156,0.7003,0.7615941559557649,3,89489e35163ffff
1221856188251270375,0.7299,0.7615941559557649,9,894898d9143ffff
1221870345648625448,0.5854,0.7615941559557649,2,89489e37117ffff
1222575683362005870,0.5645,0.7615941559557649,1,89489e36407ffff
1222646920840508861,0.2088,0.0,2,89489e3465bffff
1222676660515515851,0.2785,0.42310786441986936,9,89489e346cbffff
1223170379834671808,0.5432,0.4569564935734589,5,894898c1057ffff
1223170379877264640,0.7296,0.7615941559557649,4,894898c1057ffff
1223170471065175766,0.7817,0.8290719639957822,6,894898c1057ffff
1223190799249596949,0.4239,0.5013005254873595,8,894898d938fffff
1223286550925960194,0.3115,0.18133194189422971,7,894898d8c97ffff
1223317055871829072,-0.1479,-0.2538647186519216,3,89489e34677ffff
1223344768344725319,-0.3689,-0.34617916179807495,11,89489e34673ffff
1224101311699230278,0.2698,0.0,2,89489e22927ffff
1224784560287872916,0.7616,0.7615941559557649,1,89489e35247ffff
1224830016997290482,0.6494,0.5964997949818301,4,89489e22b33ffff
1225429286312620671,0.4401,0.7615941559557649,2,89489e35017ffff
1225573945068272524,0.7215,0.7615941559557649,2,89489e376cbffff
1226047347378862747,0.6323,0.8628108680157909,2,89489e35e2fffff
12260867,0.597,0.600024366836083,104,89489e35cc3ffff
1226166825458862520,0.4107,0.10121671206002603,2,89489e31807ffff
1226267858567666008,0.5635,0.7615941559557649,1,89489e35e03ffff
1226277295297658075,0.3718,0.2538647186519216,3,89489e34063ffff
1226412680139915514,0.537,0.7615941559557649,1,89489e3552bffff
1226416042700512570,-0.1345,-0.7615941559557649,3,89489e344cfffff
1226773754807285863,0.7389,0.7615941559557649,1,89489e3440fffff
1226797251117561461,0.2695,0.15231883119115297,5,89489e3426fffff
1226799952154534025,0.1523,0.0,2,89489e34a3bffff
1226894832720818921,0.739,0.8020808407797752,5,89489e35183ffff
1227163127160749519,0.5572,0.5711956169668236,12,89489e35e13ffff
1227262470875829866,0.5052,0.7615941559557649,1,89489e35297ffff
1227431900875981406,0.7575,0.7818374983677701,10,89489e351cbffff
1227592226998546836,0.6657,0.7615941559557649,1,89489e35183ffff
1227671569712282357,0.8122,0.7615941559557649,1,89489e22cc7ffff
1227680005996192680,0.2019,-0.7615941559557649,1,89489e3551bffff
1227689336628503238,0.3475,-0.7615941559557649,1,89489e36343ffff
1227692874900046468,0.7953,0.7953330599757735,6,894898d9293ffff
1227969196831377751,0.8426,0.8425675256037856,5,89489e27433ffff
1228275047424825318,-0.0444,-0.8628108680157909,2,89489e37327ffff
1228506234763015558,0.777,0.8290719639957822,6,89489e344a3ffff
12288693,0.6601,0.692080740808845,19,89489e35053ffff
1228964271530240048,-0.0506,-0.2538647186519216,3,89489e372afffff
12291238,-0.0001,-0.2538647186519216,3,89489e3713bffff
1229345770403561360,-0.4509,-0.4611327096508672,12,89489e3467bffff
1229859079619804669,0.8438,0.8628108680157908,5,89489e22cafffff
1229879082109552238,0.5771,0.7615941559557649,3,89489e37527ffff
1229936336064155073,0.1185,0.0,6,89489e22ca7ffff
1229937542624060746,0.5584,0.8628108680157909,2,89489e22ca7ffff
1229941268776019907,0.3739,0.3807970779778824,8,89489e22ca7ffff
1229944358240430136,0.7806,0.7615941559557649,5,89489e22cafffff
1230075366107921129,0.7761,0.7615941559557649,3,894898c8e33ffff
1230463219789916841,0.0092,-0.7615941559557649,1,89489e27313ffff
12308357,0.6459,0.6457731144705017,151,89489e37173ffff
12309900,0.3889,0.42310786441986936,18,89489e3558bffff
1231179430355183184,0.6698,0.7615941559557649,3,89489e37333ffff
1231215043219193445,0.3764,0.2538647186519216,3,89489e36407ffff
1231367813504523874,0.9235,0.9640275800758169,2,89489e32dd3ffff
1231882675798406888,0.8122,0.8122025119857779,4,89489eac267ffff
1231884325287314842,0.518,0.7615941559557649,1,89489e3627bffff
1231893470559131378,0.3138,0.0,2,89489e3551bffff
1231919028686254531,-0.35,-0.7615941559557649,2,89489e342abffff
1231987965900881816,0.6109,0.7615941559557649,2,89489e358c3ffff
1232018618967294730,0.7616,0.7615941559557649,1,894898d962fffff
1232058356254171285,0.7819,0.8483513377215015,7,89489eacb67ffff
1232110469256017366,0.7588,0.7868983339707714,8,89489e37203ffff
1232177335513167992,0.6664,0.7615941559557649,5,89489eada27ffff
1232501955758114276,-0.131,-0.43140543400789544,4,89489e3468fffff
1232585258657207681,0.5873,0.7615941559557649,3,89489e36683ffff
1232691376504696317,0.6295,0.7615941559557649,2,894898d96abffff
1232695186117022949,-0.0234,0.7615941559557649,1,89489e346cfffff
1232695270701916168,0.74,0.7615941559557649,1,89489e36237ffff
1232738643071493527,-0.2602,-0.5752072453438606,3,89489e37023ffff
1232757716093717782,0.2539,0.2538647186519216,3,89489e30dafffff
1232766727712875920,-0.3884,-0.9640275800758169,1,89489e3464fffff
1232954912409360470,0.1097,0.7615941559557649,1,89489e34233ffff
1233191321357152413,0.6605,0.7615941559557649,3,89489e3623bffff
1233336174018768745,0.7616,0.7615941559557649,1,89489e27397ffff
1233391685284497452,0.7696,0.8223241831917804,5,89489e3593bffff
1233419595571045541,0.6109,0.7615941559557649,2,89489e358c3ffff
1233421420187316132,0.5732,0.7615941559557649,1,89489e358c3ffff
1233600935155096305,0.7295,0.7615941559557649,1,89489e37157ffff
1233621800191309265,0.7104,0.7615941559557649,4,89489e355c3ffff
12338100,-0.1269,-0.2538647186519216,3,89489e34637ffff
1234087784698549331,0.2589,0.7615941559557649,2,89489e34267ffff
1234138025355005275,-0.4764,-0.7615941559557649,2,89489e34653ffff
1234142254798336543,0.5355,0.9640275800758169,1,89489e37527ffff
1234180076565373718,-0.477,-0.9289328108512607,2,89489e27513ffff
1234181069777292642,0.5348,0.5077294373038432,3,89489e3542bffff
1234223528652929194,0.6638,0.761594155955765,7,89489e360abffff
1234302262824043011,0.7616,0.7615941559557649,2,89489e27307ffff
1234318993271860931,0.1099,-0.7615941559557649,1,89489e34263ffff
1234833582454538981,0.7616,0.7615941559557649,2,89489e22567ffff
1234844757874144349,0.5579,0.5414683413238519,6,89489e34473ffff
1234918848780575091,0.7616,0.7615941559557649,1,89489e31877ffff
1235013323404717034,0.523,0.8020808407797752,5,89489e355b3ffff
1235142029094472500,0.3147,0.8628108680157909,1,89489e355afffff
1235435924242610609,0.7692,0.7615941559557649,2,89489e2739bffff
1235545941054542338,0.54,0.5964997949818301,8,89489e275b7ffff
12356632,0.6966,0.6961735817020953,14,89489e3710fffff
1235810514262281190,-0.0815,-0.32134252669193897,3,89489e3424fffff
1236518965058368337,0.7299,0.7615941559557649,4,89489ead92bffff
12366570,0.5512,0.7615941559557649,4,89489e3706bffff
1236911140609107750,0.3441,0.7615941559557649,3,89489e35abbffff
1236947270530839750,0.7616,0.7615941559557649,1,89489eac827ffff
1237287391219361181,0.614,0.7615941559557649,1,89489e22dafffff
1237599416241148330,0.3377,0.29747843482103464,7,89489e346d3ffff
1237658493444716616,-0.0914,-0.7615941559557649,1,89489e355afffff
1237716906790317700,0.3173,0.2538647186519216,3,89489e360c3ffff
1237733300792852519,0.0565,0.7615941559557649,1,89489e3468bffff
1237739606964138993,0.7826,0.8290719639957822,3,89489e35873ffff
1237760079994322625,0.7117,0.6961735817020953,7,894898d962bffff
1237777498181195912,0.5052,0.7615941559557649,1,89489e35297ffff
1237914520806621480,0.7689,0.761594155955765,7,894898d86a3ffff
1237925402060128668,0.3714,0.2332922008391738,5,89489e36667ffff
1237938440534298305,0.457,0.4569564935734589,5,89489e34b8fffff
1237999964307439084,0.6332,0.7615941559557649,4,89489e35cdbffff
1238021060040026540,0.7287,0.7615941559557649,6,89489e35cd3ffff
1238070452633895225,0.4549,0.2538647186519216,3,89489e3447bffff
1238298398399661442,0.7325,0.7615941559557649,5,89489e37203ffff
1238331295193307295,0.6307,0.7953330599757735,6,89489e36633ffff
1238342168521945636,0.2703,0.0,4,89489e3428bffff
1238393424917107359,0.7025,0.7615941559557649,1,894898cb34bffff
1238410947195507446,0.0108,-0.43916222741062383,4,89489e36283ffff
1238414818538110680,0.7199,0.7615941559557649,4,894898da86bffff
1238465333192117192,-0.0645,-0.7615941559557649,1,89489e27103ffff
1238503587925654903,0.7122,0.7615941559557649,3,89489e35cd3ffff
1238567228269093124,0.7616,0.7615941559557649,1,89489e35ab7ffff
1238595336477947946,0.6911,0.7615941559557649,2,89489e3440bffff
1238620816999513686,0.6902,0.7615941559557649,1,89489e25173ffff
1238702368908986465,0.8291,0.8290719639957822,3,89489e22e93ffff
1238800209979150778,0.7754,0.7615941559557649,1,89489e32887ffff
1239013423095228803,0.457,0.3807970779778824,2,89489e27613ffff
1239112785848259899,-0.1527,-0.7615941559557649,2,89489e3544bffff
1239118551758948461,0.4009,0.34512434720631635,10,89489e366b7ffff
1239119015846130175,-0.0511,-0.9640275800758169,1,89489e3544bffff
1239197257813777025,-0.1348,-0.3316849178955768,3,89489e342afffff
1239291430427378053,0.6151,0.7615941559557649,4,89489e3736bffff
1239344951396780455,0.7616,0.7615941559557649,2,89489e27093ffff
1239405019862457643,0.2382,0.30447307468193463,6,89489e36693ffff
1239433869154005705,0.2165,0.0,2,89489e354abffff
1239857448812422095,0.6891,0.7615941559557649,6,89489e27367ffff
1239875982410036475,0.1628,0.05060835603001301,4,89489e35533ffff
1239890505768071326,-0.1751,-0.5176865208094745,5,89489e35117ffff
1239906749217470388,0.6696,0.7615941559557649,1,89489e36227ffff
1239947327617750889,0.3621,0.30463766238230594,5,89489e35053ffff
1240014892607407178,0.4849,0.7615941559557649,1,89489e37527ffff
1240060319146168498,0.8628,0.8628108680157909,2,89489e24083ffff
1240198193830119555,0.453,0.4569564935734589,5,89489e37417ffff
1240911639171543089,-0.0608,0.025304178015006507,4,89489e27513ffff
1240947263801100859,0.7582,0.7615941559557649,4,89489e34437ffff
1241272755396710654,0.6299,0.7615941559557649,1,89489e3752bffff
1241410379869150944,0.7147,0.7291644007088866,11,89489e37153ffff
1242010654074436372,0.7172,0.7615941559557649,4,89489e37177ffff
1242027055481362639,0.1904,0.7615941559557649,1,89489e373dbffff
1242103129712328694,0.4786,0.3807970779778824,2,89489e37373ffff
1242220544480109875,0.7123,0.7615941559557649,2,89489e34403ffff
1242249902119444871,-0.4175,-0.7615941559557649,3,89489e35abbffff
1242289598716121760,-0.1112,-0.7615941559557649,1,89489e36693ffff
1242339129490824425,0.7223,0.7615941559557649,2,89489e3640bffff
1242351382002686286,-0.0313,-0.8628108680157909,2,89489e350afffff
1242372549952921664,0.2316,0.3807970779778824,4,89489e2711bffff
12424459,-0.2179,-0.7615941559557649,3,89489e351abffff
1242559,0.6877,0.7615941559557649,1,89489e35d53ffff
1242652366025087422,0.378,0.3408570257039029,7,89489e3426fffff
1242783588955855074,-0.0243,0.7615941559557649,1,89489e34653ffff
1242831063019071089,0.4593,0.7615941559557649,2,89489e37337ffff
1242847102851254121,0.7019,0.7615941559557649,1,894898cb00bffff
1242895261805516672,0.539,0.7615941559557649,1,89489e3426fffff
1242902000621052025,0.7459,0.8290719639957822,3,89489e35cd3ffff
1242902372431940105,0.5256,0.43140543400789544,4,89489e35563ffff
1242914648282287201,0.5169,0.8628108680157909,2,89489e35857ffff
1242920469116348564,0.2539,0.2538647186519216,3,89489e2467bffff
1243104959272644465,0.8375,0.7615941559557649,1,89489e359bbffff
12431608,0.6976,0.7031521031560245,51,89489e344d3ffff
12434404,0.6593,0.6641298545174714,50,89489e37333ffff
1243484386860646235,0.66,0.7615941559557649,2,89489e353d3ffff
1243485364288148409,0.7616,0.7615941559557649,2,89489e26ecfffff
1243566843281362948,0.7616,0.7615941559557649,1,894898cb61bffff
1243627940841324185,-0.2928,-0.8628108680157909,2,89489e3462bffff
1243629937075988464,-0.2523,-0.7615941559557649,2,89489e3462bffff
1243664265204920413,0.7556,0.7615941559557649,1,89489e34437ffff
1243693825535802254,0.5868,0.8122025119857779,4,89489e35857ffff
1243801100970998865,-0.0041,-0.1903985389889412,8,89489e344cfffff
1244103394211181265,0.422,0.30463766238230594,5,89489e20d8fffff
1244148396592232448,0.6715,0.8122025119857779,4,89489e36253ffff
1244188988713617443,0.8628,0.8628108680157909,4,894898d82cbffff
1244243589989965229,0.8249,0.8628108680157909,1,89489e3637bffff
1244278382559513972,0.7432,0.8122025119857779,4,89489e35563ffff
1244341801702510091,-0.3519,-0.7615941559557649,3,89489e355b3ffff
1244458651327904563,0.1074,0.23137211597191584,3,89489e35a13ffff
1244977050095349493,0.4923,0.7615941559557649,1,89489e3732fffff
1245025095142100617,0.3572,0.0,2,89489e37107ffff
1245047372346825141,0.5875,0.7615941559557649,1,89489e34043ffff
1245090061157458527,0.6357,0.7615941559557649,12,89489e355afffff
1245134519896970684,0.7496,0.7615941559557649,3,89489ead93bffff
1245332140348460803,0.0373,-0.2538647186519216,3,89489e34613ffff
1245540564366818267,0.1382,0.10121671206002603,2,89489e270d3ffff
1245657013307219600,0.545,0.7615941559557649,2,89489e25517ffff
1245657982280567527,0.4909,0.7615941559557649,1,89489e25517ffff
1245659022918798283,0.7616,0.7615941559557649,6,89489e2558fffff
1245662425767868368,0.5926,0.7615941559557649,1,89489e3500fffff
1246397925827596048,0.7616,0.7615941559557649,5,89489e27393ffff
1246509112758337610,0.5907,0.7615941559557649,3,89489e3736bffff
1246691828534795233,0.5405,0.7615941559557649,1,89489e35437ffff
1247001792062805838,0.712,0.7905132165443438,7,89489e35513ffff
1247063378964734165,-0.0471,-0.7615941559557649,1,89489e350a7ffff
1247086925595904790,0.4727,0.4569564935734589,5,89489e35507ffff
1247102855582590720,-0.1333,-0.8628108680157909,2,89489eadb43ffff
1247150629847030191,0.5331,0.7615941559557649,1,89489e35b6bffff
1247190302820406364,0.5174,0.5634688944376295,14,89489e3405bffff
1247222058853412795,0.7264,0.7615941559557649,4,89489e34403ffff
1247366535561024130,0.6378,0.7615941559557649,1,89489e363d3ffff
1247387525878852313,0.6843,0.6684007006498126,12,89489e35157ffff
1247461064943361048,-0.1691,-0.7615941559557649,1,89489e350c3ffff
1247715742090378950,0.5666,0.7615941559557649,2,89489e35403ffff
1247771526343709901,0.2539,-0.7615941559557649,1,894898c8577ffff
1247791270317451717,0.2238,0.7615941559557649,1,89489e350c7ffff
1247952629431670210,0.3639,0.7615941559557649,1,89489eadb03ffff
1248089273154392361,0.7659,0.761594155955765,7,89489e37403ffff
1248195928147960796,-0.5712,-0.7615941559557649,3,89489e3535bffff
1248239813881932736,0.7328,0.7615941559557649,6,89489e34453ffff
1248556110056443566,-0.1544,-0.32134252669193897,3,89489e34627ffff
1248575649902430343,0.7086,0.7615941559557649,2,89489e351b7ffff
1248659936608118910,0.7,0.7615941559557649,1,89489e34403ffff
1248863625055330289,0.2419,-0.7615941559557649,1,89489e34477ffff
1248988705213484267,0.5712,0.5711956169668236,4,894898d9163ffff
1249347517319698452,0.5882,0.7615941559557649,2,89489e35427ffff
1249420935037771351,0.6194,0.7615941559557649,1,89489e351c3ffff
1249431179397008807,0.7886,0.7885852791717718,10,894898db24fffff
1249431490403826770,-0.3123,-0.48977058344063684,4,89489e342abffff
1249505114208078182,-0.3899,-0.7615941559557649,4,89489e36693ffff
1249585312128373558,-0.4042,-0.7615941559557649,1,89489e346cfffff
1249600447784348659,0.1142,-0.7615941559557649,1,89489e3504fffff
1249672976542333493,0.5759,0.8628108680157909,2,89489e370afffff
1249681574068101439,0.6042,0.7615941559557649,2,89489e35e17ffff
1249949289831250381,0.5726,0.7615941559557649,5,89489e37337ffff
1249956810576205504,-0.4697,-0.7615941559557649,5,89489e3726bffff
1249961866334966515,0.4577,0.7615941559557649,1,89489e36287ffff
1249964027159950160,0.618,0.5964997949818301,8,89489e3443bffff
1250029637026945539,0.7071,0.8290719639957822,3,89489e36647ffff
1250039338765912468,0.4158,0.7615941559557649,5,89489e3629bffff
1250064519997393930,0.6206,0.7615941559557649,2,89489e3556bffff
1250131686073924046,0.8103,0.8290719639957822,3,89489e372b7ffff
1250247660544726019,0.321,0.3807970779778824,2,89489e37397ffff
1250364492966799153,0.1687,0.0,2,89489e37397ffff
1250482945028297334,0.6148,0.7615941559557649,3,89489e37117ffff
1250637640184450575,0.5051,0.43140543400789544,4,89489e37163ffff
12507805,0.3554,0.2538647186519216,3,89489eacd73ffff
1250917893825710863,0.3913,0.2538647186519216,3,89489e35513ffff
1251035755369651249,0.0932,0.7615941559557649,1,89489e27117ffff
1251157579069734618,0.4556,0.2538647186519216,3,89489e2444bffff
1251473472390389023,0.0761,-0.7615941559557649,1,89489e24507ffff
1251497125143005888,0.7616,0.7615941559557649,2,89489e24e27ffff
1251500289749719030,0.5869,0.7615941559557649,1,89489e35513ffff
1251595775880423863,0.448,0.7615941559557649,1,89489e36247ffff
1251600450193944829,0.7616,0.7615941559557649,3,89489e2558fffff
1251644624350201992,0.401,0.572914886271268,7,89489e3513bffff
1251682897293783783,0.4277,0.0,2,89489ead367ffff
12516969,0.1172,0.7615941559557649,2,89489e35537ffff
12519062,0.7233,0.7771659578111534,13,89489e34063ffff
1252070109496155428,0.8291,0.8290719639957822,3,89489e246d7ffff
1252088579213648847,0.328,0.3807970779778824,4,89489e37337ffff
1252093471555880402,0.1015,0.15231883119115297,5,89489e3726bffff
1252102711889543214,0.4966,0.7615941559557649,3,89489e342a3ffff
1252191980046179652,0.7616,0.7615941559557649,1,89489e2558fffff
1252258685109883682,0.4909,0.7615941559557649,1,89489e25517ffff
1252262398348522903,0.7506,0.8628108680157909,3,894898ca217ffff
1252268406141851597,0.5099,0.3807970779778824,4,894898cb00bffff
1252281989765043575,0.7616,0.7615941559557649,3,89489e2558fffff
1252299759401803614,0.7616,0.7615941559557649,3,894898da073ffff
1252338206348122076,0.6424,0.7615941559557649,2,89489e36473ffff
1252825354388763113,0.2539,0.2538647186519216,3,89489e354c3ffff
1252858839901611508,-0.1151,-0.9640275800758169,1,89489e27103ffff
1253040259893549465,0.733,0.8122025119857779,4,89489eace8fffff
1253088608409987627,0.6303,0.48201379003790845,2,89489e26657ffff
1253112896354358574,-0.0603,0.0,3,89489e255bbffff
1253144039274772695,-0.1657,-0.19280551601516338,5,89489e255bbffff
1253152359286852088,0.6528,0.7615941559557649,4,89489e3615bffff
1253166630145819911,0.4488,0.3807970779778824,4,89489e22dc7ffff
12534356,0.5292,0.5293914208330777,67,89489e3448bffff
1253621874448575821,0.7616,0.7615941559557649,2,89489e35613ffff
1253672588065113892,-0.5223,-0.8783244548212477,2,89489e346cfffff
1253673221010916720,0.7522,0.8290719639957822,3,89489e34453ffff
1253753090540565676,0.595,0.7615941559557649,1,89489e22dc7ffff
1253766500193483978,0.5976,0.6148436128678229,6,89489e358c7ffff
1253777950634572592,0.1142,-0.7615941559557649,1,89489e3504fffff
1253805550728757590,0.1769,-0.7615941559557649,1,89489e34063ffff
1253818832727399919,0.4411,0.7615941559557649,1,89489e35043ffff
1253831607970783341,0.0373,-0.15231883119115297,5,89489e350dbffff
1253855252550547277,0.5484,0.7615941559557649,2,89489e25023ffff
1253888333134597746,0.0,0.0,8,89489e309b3ffff
1254052489171394703,0.7616,0.7615941559557649,1,89489e366c3ffff
12541100,0.3046,0.0,2,89489eadc9bffff
1254330017720505809,0.7359,0.7953330599757735,6,89489e3438fffff
1254375884723392537,0.2558,0.7615941559557649,1,89489e3462bffff
1254379655806062929,0.4526,0.7615941559557649,1,89489e36207ffff
1254383811208685595,0.3808,0.3807970779778824,4,89489e36617ffff
1254389040676764759,0.7823,0.8425675256037856,5,89489e3593bffff
1254467128799821589,-0.0847,-0.3807970779778824,4,89489e3714bffff
1254468352675570456,-0.1795,-0.3888203347319563,3,89489e22d53ffff
1254516833285157377,0.8291,0.8290719639957822,3,894898d9063ffff
1254576596469013658,0.7818,0.7818374983677701,10,89489e259abffff
1254708533178428748,-0.125,-0.7615941559557649,1,89489e3462bffff
1254726433487725823,-0.125,-0.7615941559557649,1,89489e3462bffff
1255170524002476832,0.4139,0.0,1,89489ead937ffff
1255177109633100876,0.0737,-0.15231883119115297,5,89489e3636bffff
1255312862018816905,-0.2062,-0.5414683413238519,6,89489e35123ffff
1255337373250649208,0.783,0.8290719639957822,3,89489eade4bffff
1255714957207725795,0.5459,0.5458914389518171,8,89489e245d3ffff
1255827997118168929,0.0718,-0.7615941559557649,1,89489e36207ffff
1256004189448832062,0.1736,0.13847166471922998,11,89489e3405bffff
1256057527370001291,0.5226,0.43140543400789544,4,89489e3440bffff
1256073581092409231,0.3325,0.21570271700394772,8,89489e3440bffff
1256081113476347877,0.7402,0.8122025119857779,4,89489e3440bffff
1256081942999741847,0.0096,-0.19555634690227444,7,89489e3441bffff
1256084225396455162,0.344,0.34705817395787375,6,89489e34457ffff
1256137557679074159,0.5466,0.7615941559557649,1,89489e34397ffff
12561873,0.7616,0.7615941559557649,1,894898c844fffff
1256645637157691006,0.3173,0.2538647186519216,3,894898db1b7ffff
1256785132829355369,0.7616,0.761594155955765,7,89489e34847ffff
1256838548933408653,0.6853,0.7615941559557649,1,89489e35a27ffff
1257088976135788804,0.4686,0.43140543400789544,4,89489e34483ffff
1257482522630984678,0.7616,0.7615941559557649,2,89489e373d3ffff
1257490937958189769,0.3006,0.7615941559557649,3,89489e3629bffff
1257541060956555404,0.6941,0.7615941559557649,1,89489e3635bffff
1257564652058556310,0.6509,0.8628108680157909,2,894898d9123ffff
1257912728856524676,-0.0461,0.0,4,89489e34233ffff
1257962904292553571,0.7616,0.7615941559557649,1,89489e364cfffff
1257987039918034924,0.1024,-0.1903985389889412,4,89489e35cc3ffff
1258004641499984051,0.6827,0.7615941559557649,10,89489e35297ffff
1258019832243715262,0.5267,0.4569564935734589,5,89489e3624fffff
1258028515537884258,0.7199,0.8122025119857779,4,89489e3624bffff
1258060025553397776,0.8173,0.8628108680157909,2,89489e3539bffff
1258130398501282032,0.0,0.0,4,89489e3513bffff
1258130860488197896,0.1086,-0.7615941559557649,1,89489e35133ffff
1258131138646782148,0.1086,-0.7615941559557649,1,89489e35133ffff
1258131937827973714,-0.3046,-0.7615941559557649,2,89489e3513bffff
1258131991261031063,-0.241,-0.9640275800758169,1,89489e3513bffff
1258131999563429398,-0.1904,-0.7615941559557649,1,89489e3513bffff
1258153835845818806,0.0736,-0.3807970779778824,4,89489e34403ffff
1258206425892976640,0.7616,0.7615941559557649,4,89489eacd23ffff
12582089,0.7996,0.8459414160057865,6,89489e35323ffff
1258254719245284789,0.7873,0.8628108680157909,2,89489eade4bffff
1258344321821495357,0.7402,0.8223241831917804,5,89489e37163ffff
1258667179915870379,0.7616,0.7615941559557649,5,894898cb043ffff
1258741675918716957,0.4335,0.3807970779778824,4,89489e371a3ffff
1258899189594307490,0.5838,0.7615941559557649,3,89489e35593ffff
1258903966301547811,0.5796,0.652794990819227,7,89489e36243ffff
1258908590168671857,0.7175,0.7615941559557649,5,89489e3440bffff
1258910806396399849,0.1783,-0.2876036226719303,3,89489e3440bffff
1258912965851733878,-0.2471,-0.7615941559557649,1,89489e342abffff
1258983111004733455,0.3236,0.7615941559557649,1,89489e34283ffff
1259406905453412028,0.5498,0.7615941559557649,3,89489e34457ffff
1259458467313707693,0.355,0.7615941559557649,1,89489e34057ffff
1259485974652999793,0.2563,-0.7615941559557649,1,89489e37127ffff
1259518015082615951,0.7299,0.7615941559557649,5,89489e3536bffff
1259602272588536821,0.5917,0.7615941559557649,3,89489e3469bffff
12601763,0.6704,0.7615941559557649,2,89489e346b3ffff
1260177223418115396,0.7616,0.7615941559557649,1,89489e36443ffff
1260187526045589862,0.2285,0.7615941559557649,1,89489e354afffff
1260200131624068081,0.5077,0.5077294373038432,3,89489e2765bffff
1260232349839927038,0.7023,0.7615941559557649,3,89489e35013ffff
1260309627333530310,0.1982,-0.7615941559557649,1,89489e34483ffff
1260316104958020200,0.7815,0.7615941559557649,3,894898c8e1bffff
1260531288342139873,0.6321,0.7615941559557649,1,89489e363cbffff
1260868742281009584,0.5534,0.7615941559557649,1,89489e36253ffff
1260918254503089398,-0.0234,0.7615941559557649,1,89489e346cfffff
1260960312436974752,0.559,0.8628108680157909,2,89489e36287ffff
1261010195707199368,-0.166,-0.7615941559557649,1,89489e344dbffff
1261088446629786870,0.6644,0.7615941559557649,1,89489e31b2fffff
1261112344317198099,0.277,0.0,2,89489e35c9bffff
1261552200770429715,0.5259,0.7615941559557649,3,89489e22ba3ffff
1261726825847923256,0.7696,0.7615941559557649,1,89489e36297ffff
1261743234505131671,0.0094,0.0,6,89489e350c3ffff
1262267268996980083,0.7324,0.7615941559557649,2,894898c8397ffff
1262319837468734830,0.4393,0.4392777617487499,21,89489e3654fffff
1262325032581197472,0.3426,0.2538647186519216,3,89489e34593ffff
1262383569078823030,0.3173,0.2538647186519216,3,89489eadb77ffff
1262537799804941463,0.7616,0.7615941559557649,1,89489e3656fffff
1262585771031024387,0.352,0.19280551601516338,5,89489e3662bffff
1262629314207740288,0.6369,0.7615941559557649,3,89489e37113ffff
1262658653505225015,0.5614,0.4974431783974693,5,89489e3532fffff
1262826727569368652,-0.131,-0.8628108680157909,2,89489e3700bffff
1262831208108924065,0.5744,0.7615941559557649,2,89489e37003ffff
1262837263329759732,-0.131,-0.8628108680157909,2,89489e3700bffff
1263014816476786645,-0.2039,-0.7615941559557649,2,89489e27103ffff
1263156197030163705,0.7339,0.7615941559557649,8,89489e35167ffff
1263212401494308776,-0.2471,-0.7615941559557649,1,89489e342abffff
1263251205746364880,0.7533,0.7615941559557649,1,89489e31803ffff
1263264636856003065,0.7533,0.7615941559557649,1,89489e31803ffff
1263445414913778776,0.5827,0.7615941559557649,1,89489e350afffff
1263796019698666939,0.2441,0.0,2,89489e355abffff
1263829925364145497,0.5487,0.7615941559557649,2,89489e355abffff
1263829936159409058,0.6433,0.7615941559557649,6,89489e355abffff
1263892218261261269,0.7191,0.7615941559557649,1,89489e35e37ffff
1263975318841706784,0.7679,0.8122025119857779,8,89489e241a7ffff
1264353317475921269,0.8145,0.8223241831917804,5,894898c8e1bffff
1264430929282018854,0.7861,0.7868983339707714,8,89489e27293ffff
1264517370828447597,0.4526,0.7615941559557649,1,89489e36207ffff
1264530740225775071,0.4049,0.7615941559557649,1,89489e3741bffff
1264824203606444782,0.3166,0.7615941559557649,3,89489e24ccbffff
1265154,0.7202,0.7615941559557649,5,89489e35563ffff
1265176446263058610,0.3677,0.3807970779778824,4,89489e35047ffff
1265250652739841257,0.7502,0.7953330599757735,6,89489e35167ffff
1265280827545929567,0.3808,0.7615941559557649,1,89489e345b7ffff
1265306665193720579,0.7616,0.7615941559557649,2,89489e3667bffff
1265544127967868560,0.8339,0.9640275800758169,1,894898db34fffff
1265603895687157187,0.3808,0.7615941559557649,3,894898d8617ffff
1266147932078545374,0.3953,0.7615941559557649,1,89489e34053ffff
1266773643676981114,0.7616,0.7615941559557649,1,894898d961bffff
1266803324436983919,0.7616,0.7615941559557649,3,894898c8e43ffff
1267404161268638553,0.7616,0.7615941559557649,10,894898da84fffff
1267505471160876916,0.7411,0.8628108680157909,2,89489e35167ffff
1267512863119631457,-0.1193,-0.7615941559557649,1,89489e350bbffff
1267525021707221378,0.7242,0.7615941559557649,2,89489e2736fffff
1267600461963085497,-0.964,-0.9640275800758169,1,89489e2758fffff
12677064,-0.2112,-0.21631447573448367,19,89489eadbcfffff
1268240071344814577,0.4783,0.8122025119857779,2,89489e371b7ffff
1268468538779865258,0.1855,-0.7615941559557649,1,89489e37327ffff
1268889386926879707,0.7497,0.7615941559557649,4,89489e35eabffff
1268899186541397004,0.4584,0.3807970779778824,4,89489e3542bffff
1268935019230780411,-0.1429,-0.7615941559557649,1,89489e362cfffff
1269192970397881687,0.7837,0.7615941559557649,2,89489e20d6fffff
1269217829481171470,0.5824,0.7615941559557649,3,89489e2733bffff
1269271640573749922,0.3007,0.0,2,89489e37327ffff
1269307921340744446,0.2764,0.1903985389889412,8,89489eadbcbffff
1269691012346033829,0.4838,0.4974431783974693,5,89489e3500bffff
1269938952559080736,0.6851,0.7615941559557649,5,89489e344cbffff
1269943078223373072,-0.7616,-0.7615941559557649,1,89489e36037ffff
1270005521766230328,0.6944,0.7615941559557649,2,89489e3586fffff
12700824,0.5535,0.530222039983849,18,89489e35877ffff
1270272959428996631,0.7168,0.783283451397199,14,89489e355abffff
1270339135048242374,0.1249,0.21570271700394772,4,89489e35cd7ffff
1270414467960348023,0.571,0.7615941559557649,1,89489e363dbffff
1270477187100297539,0.3545,0.0,2,89489e34473ffff
1270576608382059743,0.6611,0.8628108680157909,2,89489e3556bffff
1270676228136673992,0.6457,0.7615941559557649,2,89489e34277ffff
1270686833401473402,0.1776,-0.9950547536867305,1,89489e34277ffff
12711099,0.7097,0.7615941559557649,4,89489e346d7ffff
1271256546435390367,0.7031,0.8122025119857779,4,89489e344cbffff
1271775319437397015,0.0205,-0.7615941559557649,1,89489e37397ffff
1271828448767155668,0.7616,0.7615941559557649,2,89489eadd67ffff
1272003511367474738,0.5331,0.7615941559557649,1,894898cb077ffff
1272426609277740437,0.7616,0.7615941559557649,1,89489e24e97ffff
1272434145159427170,-0.1019,-0.7615941559557649,2,89489e34457ffff
1272578050375711900,0.1491,0.18638691061190427,3,89489e355a7ffff
1272584066931172780,0.2743,0.7615941559557649,1,89489e355a7ffff
1272584459977903007,0.2392,0.0,2,89489e35133ffff
1273460875832133771,0.5962,0.7615941559557649,2,89489e36223ffff
1273896670443859193,0.3213,0.32134252669193897,3,89489e2768bffff
1274022367221248073,-0.5273,-0.7615941559557649,3,89489e3422bffff
1274649448642080455,0.74,0.7615941559557649,1,89489e36237ffff
1275347991610871667,0.275,0.0,2,89489e37323ffff
1275555591675920102,0.6141,0.9640275800758169,1,89489e35e03ffff
1276064225322302764,0.7789,0.7615941559557649,2,89489e27097ffff
12765604,0.7126,0.711885839707279,48,89489e35397ffff
1276978613355628359,0.6847,0.6817140514078058,7,894898d9ea7ffff
1277663550906607309,0.7616,0.7615941559557649,3,894898ca8cfffff
1277711919544873991,0.5688,0.7615941559557649,2,89489e35623ffff
1277725915879854680,0.5414,0.7615941559557649,1,89489e37117ffff
1277731581515439919,0.4717,0.7615941559557649,1,89489e35627ffff
1277751804922867975,0.3145,0.2538647186519216,3,89489e35627ffff
1277753416846564687,0.2679,0.0,2,89489e37417ffff
1277769958758285377,0.5177,0.5711956169668236,8,89489e35627ffff
1277812510507025752,0.2109,0.7615941559557649,1,89489e3423bffff
1277878459514879430,0.2573,0.37236235197288026,6,89489e3423bffff
1277883320956485063,0.7616,0.7615941559557649,4,89489e34207ffff
12782124,0.7343,0.7615941559557649,1,89489e35cc7ffff
1278215447511408499,0.3163,0.7615941559557649,1,89489e27103ffff
1278296566463739221,0.5056,0.5077294373038432,6,89489e37327ffff
1278324840737636741,0.5247,0.5458914389518171,4,89489e37067ffff
1278333035011561132,0.4343,0.9640275800758169,1,89489e37337ffff
1278411475662969558,0.4202,0.2876036226719303,6,89489ead33bffff
1278532,-0.4258,-0.43168214123241405,112,89489e37367ffff
1278532256600190590,0.592,0.9640275800758169,1,89489e37117ffff
1278562718624287729,-0.1247,-0.7615941559557649,3,89489e37113ffff
1278866494546977987,-0.6259,-0.8628108680157909,1,89489e355dbffff
1279070544419526891,0.636,0.7615941559557649,1,89489e3445bffff
1279214506935749404,0.3912,0.0,2,89489e345a3ffff
1279779032363148171,0.7325,0.8965497720357996,3,89489e34277ffff
12798760,0.682,0.6853730199725492,32,89489e35c83ffff
1280005018870194467,0.5696,0.7615941559557649,1,89489e229a7ffff
1280055587120754269,0.4189,0.7615941559557649,1,89489e354cfffff
1280465599306761499,0.7616,0.7615941559557649,1,89489e251d7ffff
1280488692466145554,-0.3902,-0.5077294373038432,6,89489e346cbffff
1280541086670721643,-0.1362,-0.8122025119857779,2,89489e22d23ffff
1280615460948154978,0.6477,0.6515312486398084,12,89489e35e5bffff
1280710848136631636,0.6854,0.7615941559557649,2,89489e35edbffff
1280718313866356892,0.6854,0.7615941559557649,2,89489e35edbffff
1280723453874434740,0.6854,0.7615941559557649,2,89489e35edbffff
1281185465102447666,0.5712,0.7615941559557649,1,89489e25437ffff
1281228956292345611,0.0916,0.0,2,89489e372afffff
1281283885747184677,-0.3338,-0.2538647186519216,8,89489e355dbffff
12813352,0.5729,0.572914886271268,7,894898ca883ffff
1281456836065804194,-0.7616,-0.7615941559557649,1,894898c83bbffff
1281868537147715430,0.5414,0.7615941559557649,1,89489e37117ffff
1281951971557107325,0.3609,0.2538647186519216,3,89489e37117ffff
1281952376660614328,0.2403,-0.10121671206002603,2,89489e37117ffff
1282116272694283885,0.5414,0.7615941559557649,1,89489e37117ffff
1282189629591193721,0.7785,0.7615941559557649,1,89489e22cb7ffff
1282571060056716252,0.0117,-0.7615941559557649,1,89489e3468fffff
1282571388872253660,0.4663,0.7615941559557649,2,89489e3468fffff
1282704732820447754,0.7616,0.7615941559557649,3,89489e20dc7ffff
1282894092833721206,0.725,0.7615941559557649,1,89489ead367ffff
1282963226175324040,0.8156,0.8194322771329227,7,89489e276d3ffff
128326,0.7678,0.7678142741004332,29,894898dab7bffff
1283361868427185287,0.6352,0.7615941559557649,2,89489e20d33ffff
12847393,0.7446,0.7466460582036301,109,89489e35c4bffff
1285034847847727665,0.6393,0.9640275800758169,1,89489e35e93ffff
12852724,0.7616,0.7615941559557649,5,89489e32833ffff
1285575575690340147,-0.125,-0.7615941559557649,1,89489e3462bffff
1285578747503672757,-0.3504,-0.7615941559557649,2,89489e34267ffff
1285723087657139810,0.7189,0.8122025119857779,4,89489e3586bffff
1285757726032733133,0.7869,0.7615941559557649,1,89489e37213ffff
1286225838635376161,0.6089,0.7615941559557649,1,89489e35577ffff
1286297040515015077,0.6949,0.9950547536867305,1,89489e2705bffff
1286376073677236990,0.1291,-0.7615941559557649,2,894898d820bffff
1286540386174699678,0.2558,0.7615941559557649,1,89489e3462bffff
12865420,0.5984,0.652794990819227,14,89489e370bbffff
1286949824185088527,0.672,0.6684007006498126,12,89489e35eb3ffff
1287015073645053808,0.4706,0.7615941559557649,1,89489e3462fffff
1287274997155379153,0.7616,0.7615941559557649,1,89489e20d0bffff
12872920,0.6889,0.7615941559557649,2,89489e346d7ffff
1287738354407450353,0.7616,0.7615941559557649,1,89489e366afffff
1287769236224769765,0.7616,0.7615941559557649,1,89489e366afffff
1287837385987392382,0.7014,0.7615941559557649,8,89489e35003ffff
1288037372973706958,0.3334,0.2538647186519216,3,89489e36683ffff
1288408404031975666,0.0073,-0.15231883119115297,5,89489e34053ffff
1288408661932025284,0.4278,0.38423561658677124,7,89489e34043ffff
1288409008621710235,0.6621,0.7615941559557649,4,89489e34043ffff
1288422322131855668,0.6335,0.7615941559557649,1,89489e34473ffff
1288514159633282606,0.6285,0.5752072453438606,3,89489e36033ffff
1288637195018342995,0.1519,0.0,2,89489e3544bffff
1288732326041439534,0.7616,0.7615941559557649,2,89489e25d23ffff
1288735453154132644,-0.0021,-0.016869452010004338,6,89489e3423bffff
1288779250067515492,-0.3745,-0.3888203347319563,3,89489e27517ffff
12889332,0.1989,-0.10121671206002603,2,89489e358dbffff
1289012721802647005,0.051,-0.9640275800758169,1,89489e275b7ffff
1289178575717193622,0.3046,0.0,2,89489e3615bffff
1289224392277219624,0.7616,0.7615941559557649,1,89489e27297ffff
1289978277273849757,-0.1333,-0.7615941559557649,2,894898c80bbffff
1290665592540501863,0.7824,0.9640275800758169,1,89489e37147ffff
1290762077228934676,0.7385,0.7615941559557649,2,89489eaca2fffff
12910442,0.448,0.48558268450786257,23,89489e354b7ffff
12912837,0.5915,0.5077294373038432,3,89489e3443bffff
1291381197250951852,0.3606,0.0,2,89489e35ecbffff
1291415795940150151,0.0948,0.10879916513653784,7,89489e342afffff
1291485737105188968,0.0,0.0,2,894898d947bffff
1291550767816741019,0.3163,0.3807970779778824,2,89489e34053ffff
1292026199987287288,0.6524,0.7615941559557649,3,89489e362bbffff
1292027174534530861,0.0565,0.7615941559557649,1,89489e3468bffff
1292027533712788734,0.0565,0.7615941559557649,1,89489e3468bffff
1292027858523312152,0.0117,-0.7615941559557649,1,89489e3468fffff
1292028185232051377,0.3925,0.7615941559557649,1,89489e3468fffff
1292034582741732273,0.396,0.0,2,89489e35167ffff
1292255010638794129,0.0024,0.0,2,89489e35cd7ffff
1292264255451697583,-0.0089,-0.7615941559557649,2,89489e35cc3ffff
1292702737528294267,0.8107,0.8122025119857779,8,89489e22b43ffff
1292710983152385480,-0.2162,-0.2538647186519216,3,89489e3468bffff
1292866179477200409,0.2099,0.0,3,89489e35297ffff
1292922347784411510,0.476,0.7615941559557649,1,89489e22b3bffff
1292932280830660542,0.6655,0.7615941559557649,6,89489e3733bffff
1293076069958383155,0.6961,0.8628108680157909,1,89489e346d7ffff
12933402,0.4506,0.438683661627428,37,89489e34423ffff
1293622658934405277,-0.7616,-0.7615941559557649,2,894898c818bffff
1293795838742622353,-0.2876,-0.7615941559557649,1,89489e27117ffff
1293818798002016522,0.7616,0.7615941559557649,5,89489eace3bffff
1294413076637498855,-0.2977,-0.9640275800758169,1,89489e342abffff
1294442754313710642,0.6434,0.7615941559557649,2,894898ca8c7ffff
1294598340553916125,0.7223,0.7615941559557649,2,89489e2700fffff
12948242,0.2539,0.2538647186519216,3,89489e26057ffff
1294933182920002988,0.7616,0.7615941559557649,1,89489e31877ffff
1294940055811377578,0.7658,0.7615941559557649,6,89489e220afffff
1294959103306822867,0.5787,0.7615941559557649,1,89489e20db3ffff
1294969521362782302,0.7711,0.7615941559557649,1,89489e24513ffff
1295047854287937663,0.3133,0.7615941559557649,2,89489e27407ffff
1295089632447994880,-0.083,-0.7615941559557649,1,89489e366cfffff
1295293364748873936,-0.2471,-0.7615941559557649,1,89489e342abffff
1295603379762911191,0.3808,0.3807970779778824,4,89489e22e23ffff
1295615348328822196,-0.3291,-0.43140543400789544,4,89489e22c33ffff
1295691457150956016,0.5286,0.7615941559557649,1,89489e37283ffff
1295692449851871625,0.1054,-0.7615941559557649,1,89489e3729bffff
1295892761342795514,0.6288,0.7615941559557649,1,89489e3449bffff
12964897,0.3086,0.3056627061719193,46,894898c8ec7ffff
1296548,0.5903,0.7615941559557649,1,89489e353c3ffff
1296606784158479408,-0.0952,0.7615941559557649,1,89489e3535bffff
1297114049515352642,0.8502,0.9640275800758169,1,89489e27477ffff
1297226547459561442,0.4134,0.3807970779778824,4,89489ead243ffff
1297228160885128539,0.397,0.7615941559557649,3,89489e344dbffff
1297585077604961362,-0.0759,-0.7615941559557649,1,89489e372afffff
1297765517789673380,0.1979,-0.7615941559557649,1,89489e20db3ffff
1298005109941450386,0.59,0.6471081510118432,4,89489e32dd7ffff
12983697,0.6787,0.7615941559557649,1,89489e35563ffff
1298732925265614181,0.6708,0.7615941559557649,3,89489e3716fffff
1298736746833419212,0.4663,0.7615941559557649,2,89489e3468fffff
1298822674490861625,0.7196,0.8628108680157909,4,89489e35513ffff
1299028857224281305,0.6375,0.761594155955765,7,89489e3465bffff
1299413927293939175,-0.31,-0.8965497720357996,3,89489e34237ffff
1299723282561740219,0.4161,0.4569564935734589,5,89489e3465bffff
1300070006878407400,0.523,0.7615941559557649,2,89489e35573ffff
1300251821802613383,0.6817,0.7615941559557649,1,89489e37243ffff
1300314268581243284,0.4514,0.7615941559557649,1,89489e3465bffff
1300323386507474928,0.9134,0.9640275800758169,1,89489e32dd3ffff
1300657728399113881,0.2215,-0.10121671206002603,2,89489e3504bffff
1300957445602850578,0.6378,0.8020808407797752,5,89489e35573ffff
1301432463154884805,0.631,0.7615941559557649,2,89489e37373ffff
1301480436133844484,0.26,0.9640275800758169,1,89489e35343ffff
1301590144965438913,0.4899,0.4974431783974693,5,89489e3748fffff
1301656104770114607,-0.7616,-0.7615941559557649,1,894898c841bffff
1301686178899277179,-0.1928,-0.43140543400789544,2,89489e35b8fffff
1301707085553003386,0.4525,0.2538647186519216,3,89489e35563ffff
1301867208129388131,-0.6006,-0.7615941559557649,1,89489e355dbffff
1302155361861567312,0.5983,0.7615941559557649,1,89489e37373ffff
1302501855640780510,0.7806,0.7615941559557649,1,89489e3539bffff
1302523701138864502,0.4237,0.7615941559557649,1,89489e358d3ffff
1302525762962770372,0.5331,0.7615941559557649,1,89489ead243ffff
1302579860102434102,-0.964,-0.9640275800758169,1,89489e24c83ffff
1302910754694433325,0.3104,0.7615941559557649,1,89489e354b7ffff
1302963231447285058,0.6347,0.634661796629804,4,89489e341bbffff
1302999416274510604,-0.7616,-0.7615941559557649,1,89489e3660bffff
13030639,0.3267,0.32488100479431115,10,89489e22ab3ffff
13035,0.5134,0.7615941559557649,2,89489e3465bffff
1303782991214862677,0.5498,0.7615941559557649,3,89489e34457ffff
1304019343493185732,0.0049,-0.2538647186519216,3,89489e22c4fffff
1304328348746403576,0.6065,0.7615941559557649,2,89489ead973ffff
1304403965174926298,0.4489,0.7615941559557649,1,89489e370bbffff
1304429566408844507,0.3233,0.3888203347319563,3,89489e37337ffff
1304432115386631487,0.5732,0.7615941559557649,1,894898cb313ffff
13045515,0.7042,0.761594155955765,7,89489e3444fffff
1304674831798121769,0.2696,0.7615941559557649,1,89489e36693ffff
1305061937445437006,0.735,0.7615941559557649,6,89489e34313ffff
1305069662934360774,0.0922,-0.1167302988654828,2,89489e342a3ffff
1305107380085400850,0.6175,0.7615941559557649,3,89489e3733bffff
1305257,0.4702,0.4627403056911747,35,89489e344cbffff
1305276904669368100,0.7616,0.7615941559557649,1,89489e35ca3ffff
1305378002784273492,0.1507,0.0,3,89489e36633ffff
1305379229822897589,0.6284,0.7615941559557649,2,89489e22dc7ffff
1305875120271840777,0.2975,0.15231883119115297,5,89489e22dc7ffff
1305899526271182212,0.3444,0.0,2,89489e34033ffff
1307181,0.5614,0.563088178155104,11,89489e3446fffff
1307360076430262012,0.7153,0.7615941559557649,2,89489e3505bffff
1308002199615187807,0.6093,0.7615941559557649,2,89489e2701bffff
1308172939484953120,0.4683,0.4974431783974693,5,89489e3736bffff
1308232700574334134,0.4531,0.7615941559557649,1,89489e35047ffff
1308299079546064041,0.5645,0.7615941559557649,1,89489e36407ffff
1308336677970822551,0.4094,0.4145359819978911,6,89489e3737bffff
1308711645312311800,-0.7616,-0.7615941559557649,1,89489e36417ffff
1308737991593278409,0.257,-0.7615941559557649,1,89489e363d3ffff
1308768283068496000,-0.3808,-0.3807970779778824,2,89489e31b4fffff
1308805359153318717,0.3669,0.9640275800758169,1,89489e27103ffff
1308866648359223599,0.589,0.7615941559557649,2,89489eadb5bffff
1309524852156117088,0.0437,0.7615941559557649,1,89489e354a7ffff
1309556496222761978,0.6314,0.8628108680157909,2,894898c8ecfffff
1309626309168329014,0.1675,-0.2538647186519216,3,89489e363cbffff
1309653296513811756,0.6853,0.8290719639957822,3,89489e371d3ffff
1310227294294463640,0.1337,0.7615941559557649,1,89489e342abffff
1310271973356132426,0.6378,0.7615941559557649,1,89489e363d3ffff
1310391676390325704,0.5854,0.7615941559557649,2,89489e37117ffff
1310393203122505616,0.5414,0.7615941559557649,1,89489e37117ffff
1310548311923098309,0.6284,0.7615941559557649,2,89489e22dc7ffff
1310966014063956675,0.6282,0.7615941559557649,3,89489e3718fffff
1311057153931720622,0.3581,0.7615941559557649,1,89489e371abffff
1311165254076573896,0.7268,0.7615941559557649,6,89489eade7bffff
1311190743912437189,0.7616,0.7615941559557649,2,89489e22ddbffff
13115533,0.1433,0.06951341514691987,19,894898c8383ffff
1311613738227488239,0.0533,-0.7615941559557649,1,89489e3628fffff
1311657128692183769,0.5887,0.7615941559557649,1,89489e35e93ffff
1311986203493102951,0.5965,0.7615941559557649,1,89489e31b23ffff
1312307446488926695,0.0681,-0.7615941559557649,1,89489e370bbffff
1312409867441735533,0.8006,0.8493153064077873,10,894898ca217ffff
13124561,0.0,0.0,2,89489e34603ffff
1312489035676775810,0.7742,0.7615941559557649,5,89489e358afffff
1312586020444009451,0.6877,0.7615941559557649,2,894898ca217ffff
1312615099018968243,0.571,0.7615941559557649,1,89489e363dbffff
13128065,0.722,0.7237598806190876,86,894898c802bffff
1313075251274059280,0.2767,0.0,2,89489e3500bffff
1313111438501128540,-0.7616,-0.7615941559557649,1,894898d82dbffff
1313133876374568267,-0.3068,-0.7615941559557649,1,89489e346cbffff
1313175280510138876,0.4924,0.4974431783974693,5,89489e36253ffff
1313252234033736077,0.3163,0.7615941559557649,1,89489e27103ffff
1313412271576139184,0.7391,0.7615941559557649,2,89489e36c93ffff
1313929560211232112,0.4274,0.3807970779778824,2,89489e37323ffff
1313955105456337183,0.6711,0.8628108680157909,2,89489e362bbffff
1314010178979060884,0.4013,0.7615941559557649,1,89489e37397ffff
1314020304431317108,0.0544,-0.7615941559557649,1,89489eade8bffff
13140432,0.5417,0.5077294373038432,6,89489e346b3ffff
1314119883668878054,0.7616,0.7615941559557649,5,89489e20d6bffff
1314544311386333097,0.5293,0.43140543400789544,4,89489e275d3ffff
1314704983015811150,0.5009,0.5414683413238519,6,89489e3736bffff
1314738245253760494,0.4907,0.7615941559557649,1,89489e34263ffff
1314781409617982351,0.494,0.7615941559557649,2,89489e3664bffff
1314822131153630754,-0.3046,-0.7615941559557649,2,89489eadb7bffff
1315214660687978476,0.7122,0.7615941559557649,1,89489e22babffff
1315235232691580390,0.6288,0.7615941559557649,1,89489e3449bffff
1315277395034109658,0.2465,0.21495461903009402,3,89489e35547ffff
1315345197134130774,0.5964,0.7615941559557649,1,89489e3654bffff
13154457,0.0949,0.3807970779778824,4,89489e34653ffff
1315981776191934842,0.1523,0.0,2,89489e34633ffff
1316079068353817253,0.1904,0.7615941559557649,1,89489e35dcfffff
1316177788643831644,0.5635,0.7615941559557649,1,89489e36203ffff
1316836495570253702,0.7616,0.7615941559557649,2,894898d852bffff
1316851190775168291,0.7616,0.7615941559557649,1,894898d8567ffff
1317032029364054767,0.8628,0.8628108680157909,4,89489e34c03ffff
1317291,0.6863,0.7160508839629552,29,89489e3737bffff
1317379075925127823,0.3021,0.2538647186519216,3,89489e35047ffff
1317419401220308282,0.1617,0.0,2,89489e3468fffff
1317496412554786652,0.3553,0.05060835603001301,2,89489e22c27ffff
1317702309286284741,0.7953,0.7953330599757735,3,89489eac39bffff
1317744909295957746,0.2256,-0.05060835603001301,2,89489e34587ffff
1317773275684721359,0.3882,0.7615941559557649,1,89489e22c4fffff
1318017233860088077,0.1718,0.0,2,89489e35857ffff
1318046640682241304,0.5574,0.9640275800758169,1,89489e3469bffff
1318167810553939024,0.0739,-0.9640275800758169,1,89489e3736bffff
1318296668574145035,-0.2711,-0.7615941559557649,1,89489e34233ffff
1318315106783140485,0.2584,0.0,2,89489e22d97ffff
13185632,0.6374,0.6365049368666807,29,89489e34407ffff
1319750023229502662,0.2176,0.3807970779778824,4,89489eadb7bffff
1320396293417274136,-0.4101,-0.7615941559557649,1,89489e3422bffff
1320624285115127190,0.7577,0.8425675256037856,5,89489e351dbffff
13207681,0.7753,0.8290719639957822,3,89489e35b8bffff
1321106292745263949,0.6399,0.7615941559557649,3,89489e34483ffff
1321387945300981661,0.6758,0.8122025119857779,4,89489e35187ffff
1322019841921636895,0.4417,0.3807970779778824,4,89489e3551bffff
1322483482633897943,0.7088,0.8122025119857779,4,89489e3518bffff
1322603364192226232,0.3837,0.7615941559557649,1,89489e37337ffff
1322696346472930312,0.7616,0.7615941559557649,2,89489e24133ffff
1323400592626373323,0.6905,0.7615941559557649,4,89489e37127ffff
1323477324100887109,-0.2115,-0.10121671206002603,2,89489e346cfffff
1323931810485248534,0.799,0.8375066900007844,8,89489ead24fffff
1324030785588272213,0.7092,0.7615941559557649,1,894898d9ea7ffff
1324100048650196716,0.3236,0.0,1,89489e3614bffff
1324168478824236238,0.4934,0.7615941559557649,2,89489e22d23ffff
1324902905516035251,0.7806,0.7615941559557649,1,89489e2418bffff
1325027657551460546,0.6737,0.7615941559557649,5,89489e24663ffff
1325366321990333287,-0.2148,-0.2538647186519216,3,89489e27513ffff
1325383047495902619,0.5231,0.7615941559557649,1,89489e35e9bffff
1325387117054411732,0.7824,0.9640275800758169,1,89489e37147ffff
1325418772997591289,0.7047,0.7615941559557649,3,89489e36043ffff
1325433607979152951,-0.2539,-0.2538647186519216,3,89489e27503ffff
1325665392461621436,0.3953,0.7615941559557649,1,89489e34053ffff
1325751488117563574,0.5498,0.7615941559557649,3,89489e34457ffff
1325768907232801845,0.7429,0.8020808407797752,5,89489e3440bffff
1326148520085019714,0.6765,0.7615941559557649,4,89489e36277ffff
1326301175252452657,-0.1718,0.0,2,89489e34653ffff
1326468339002429158,0.476,0.7615941559557649,1,89489e360c3ffff
1327631273985206853,-0.7616,-0.7615941559557649,1,89489e26a03ffff
1327665689260336822,0.3688,0.2538647186519216,3,89489e35207ffff
1327668,0.7207,0.7216541036817853,28,89489e359cbffff
1327812258172373313,0.1825,0.025304178015006507,4,89489e35a1bffff
1327845255653402465,0.7616,0.7615941559557649,1,89489e2265bffff
1327885024126500329,0.3213,0.32134252669193897,3,894898ca0a7ffff
1328290091442498861,-0.346,-0.3316849178955768,3,89489e27517ffff
1328590329258094095,0.5962,0.7615941559557649,2,89489e36223ffff
1328656195009529999,-0.153,-0.8290719639957822,3,89489e3551bffff
1328661654044188977,0.5833,0.9640275800758169,1,89489e34413ffff
1329091325387172766,0.2919,-0.7615941559557649,1,89489e35013ffff
1329173026931438171,-0.7616,-0.7615941559557649,1,89489e352a7ffff
1329232816525633305,0.4893,0.4569564935734589,5,89489e362bbffff
1329347794841621372,0.1904,0.7615941559557649,1,89489e34637ffff
1330023761104403263,0.5134,0.7615941559557649,1,89489e22d97ffff
1330062538936697964,0.7616,0.7615941559557649,1,894898ca21bffff
1330368699690210995,0.7996,0.7615941559557649,1,89489e22c53ffff
1330518768754362603,0.624,0.614843612867823,9,89489e2554fffff
1330617469612514385,0.5919,0.8628108680157909,2,89489e34693ffff
1330902431009941766,0.7123,0.9640275800758169,1,89489e34393ffff
1331146020015684167,0.7616,0.7615941559557649,2,89489e241dbffff
13312015,0.7269,0.8020808407797752,5,89489e36667ffff
1331236971506605653,0.7616,0.7615941559557649,1,89489e234afffff
1331239939243385789,0.7616,0.7615941559557649,2,89489e34317ffff
1331245531414902974,0.5244,0.43140543400789544,4,89489e37137ffff
1331261840476564780,0.6402,0.7615941559557649,1,89489e35e1bffff
1331330451678112637,0.7446,0.7905132165443438,7,894898d86bbffff
1331333560547160059,0.0559,-0.7615941559557649,1,89489e34613ffff
1331359711100734706,0.3917,0.3807970779778824,4,89489e3504fffff
1331544240553650845,0.7781,0.7868983339707714,4,89489e37307ffff
1331586255539608893,0.8291,0.8290719639957822,3,89489eace63ffff
13317425,0.4152,0.22012581463191294,3,89489e350a3ffff
1331849940301115193,-0.7616,-0.7615941559557649,1,89489e276cbffff
1331913904576682492,-0.0391,-0.2538647186519216,1,89489e344dbffff
1332045355485585137,0.7304,0.7615941559557649,6,89489e3532fffff
1332082645708303834,0.604,0.8628108680157909,2,89489e375bbffff
1332204884880887801,0.7106,0.9640275800758169,1,89489e3669bffff
1332719496569935882,0.5926,0.7615941559557649,1,89489e3500fffff
1332759268684158109,0.3885,0.7615941559557649,2,89489e3701bffff
13330795,0.6741,0.7615941559557649,6,89489e2706fffff
1333104899212949798,0.3435,0.22012581463191294,3,89489e35437ffff
1333325528063654521,0.6584,0.7615941559557649,1,89489e34687ffff
1333330180221589254,0.1675,-0.2538647186519216,3,89489e363cbffff
1333437177106345592,0.2841,0.7615941559557649,1,89489e34697ffff
1333525653947530466,0.6876,0.7615941559557649,4,89489e363cbffff
1333634910974439207,0.518,0.7615941559557649,1,89489e3427bffff
1333638381669943879,0.6584,0.7615941559557649,1,89489e34687ffff
1333727401473652392,0.4965,-0.10121671206002603,1,89489e22babffff
1333732368210183504,0.3434,0.0,2,89489e356afffff
13341155,0.1088,-0.7615941559557649,1,89489e358dbffff
1334726162027028910,-0.0484,0.8122025119857779,2,894898caa3bffff
1334812809099073096,0.6067,0.5711956169668236,4,894898caa0fffff
1334831686226122302,0.7616,0.7615941559557649,1,89489e353dbffff
1334838868207102499,0.5991,0.7615941559557649,1,89489e3422fffff
1334979101588628881,0.8122,0.8628108680157909,2,89489e3590fffff
1335403410774604862,0.321,0.7615941559557649,2,89489e3423bffff
1335516015648804034,0.237,0.7615941559557649,1,89489e342afffff
1335623197119599417,0.6862,0.761594155955765,7,89489e358c3ffff
1336323142735798128,0.7441,0.7615941559557649,3,89489e22013ffff
1336395322505490880,0.7692,0.7615941559557649,2,89489e220afffff
1336447115846286053,0.423,0.7615941559557649,1,89489e3714bffff
1336956719749769981,0.1041,-0.7615941559557649,1,89489e37527ffff
1336972586653392967,0.5559,0.7615941559557649,2,89489e366b3ffff
1337433318687623601,0.6991,0.7615941559557649,2,89489e2444bffff
1337892264266725370,0.5932,0.7615941559557649,2,89489e372cfffff
1338375260261275332,0.4247,0.7615941559557649,1,89489e35533ffff
1338512089950278731,0.5343,0.7615941559557649,1,89489e3581bffff
1338520172332849467,0.3644,0.7615941559557649,1,894898d8273ffff
1338520964413281460,0.7616,0.7615941559557649,2,894898d84b3ffff
1338541469638260978,-0.1691,-0.7615941559557649,1,89489e350c3ffff
1338562187907831023,0.6571,0.7615941559557649,4,894898c8023ffff
1338643444165738771,-0.1606,-0.8290719639957822,1,89489e342afffff
1338693523589752312,0.0944,-0.7615941559557649,1,89489e3545bffff
1338784809233503330,0.688,0.7615941559557649,2,89489e36227ffff
1338829546966678124,0.0565,0.7615941559557649,1,89489e3468bffff
1338829574677310006,-0.3749,-0.9640275800758169,1,89489e3468bffff
1338829635568262979,-0.1071,0.0,2,89489e3468bffff
1338829665235894746,-0.3438,-0.8394143551994201,1,89489e3468bffff
1338829695520403110,-0.1206,-0.033738904020008675,2,89489e3468bffff
1339119029360974285,-0.2476,-0.7615941559557649,1,89489e34267ffff
13392592,0.6105,0.676972583071791,9,89489e34693ffff
1339344019883327723,0.6201,0.7615941559557649,1,89489e3550fffff
1339390633126074450,0.5585,0.5077294373038432,6,89489e35037ffff
1339400154821051081,0.3128,-0.7615941559557649,1,89489eada37ffff
1339857451547752875,0.7616,0.7615941559557649,1,894898c93afffff
1339892836990588662,0.514,0.7615941559557649,1,89489e35ad3ffff
1339989396944752549,0.7616,0.7615941559557649,1,89489e32ca7ffff
1340497381756804525,0.6865,0.7615941559557649,1,89489e37013ffff
1340622267474813022,0.6729,0.7615941559557649,2,89489e22d27ffff
1340742043909266509,0.7953,0.7953330599757735,6,89489e27333ffff
1340878948346614091,0.158,-0.7615941559557649,1,89489e35123ffff
1340929515765262185,0.3622,0.0,2,89489e344d3ffff
1341456478884589929,0.7377,0.7615941559557649,2,89489e37147ffff
1341529868729750750,0.7616,0.7615941559557649,1,89489ead90bffff
1341591389669880172,0.0774,0.7615941559557649,1,894898d964bffff
1341608549933212820,0.6664,0.7615941559557649,3,89489e358cbffff
1341661097269564647,0.6398,0.7615941559557649,1,89489e27283ffff
1341676726226428267,0.7616,0.7615941559557649,1,89489e34e57ffff
1342096309841010557,0.6474,0.7615941559557649,3,89489e3630fffff
1342103444449246955,0.6555,0.7615941559557649,2,89489e3402fffff
1342150189940008197,0.4284,0.0,1,89489e358cbffff
1342169376445278660,0.1924,-0.7615941559557649,1,89489e358c3ffff
1342654,0.1443,0.13904180424758517,38,89489e346bbffff
1342879530547137639,0.8541,0.8628108680157909,4,89489e35b57ffff
1342887191048841156,0.8628,0.8628108680157909,2,89489e2238fffff
1343072837833620062,0.3282,0.7615941559557649,1,89489e3558bffff
1343435259472252397,0.5125,0.7615941559557649,2,89489e372d3ffff
1343443677141425999,0.7658,0.7615941559557649,3,89489e2010fffff
1343482173148145974,0.0952,0.0,3,89489e351afffff
1343489599475304409,-0.1944,-0.9640275800758169,1,89489e342afffff
1343508208208055559,-0.1944,-0.9640275800758169,1,89489e342afffff
1343510292723322914,0.2588,0.0,2,89489e375bbffff
13436718,0.457,0.0,1,89489e34b7bffff
1343700258471780888,0.731,0.8628108680157909,2,89489e35013ffff
1343707,-0.1398,-0.1397901829589282,8,89489e34c6bffff
1343859852934533244,0.6168,0.7615941559557649,1,89489e34277ffff
1343889347957536117,0.3608,0.0,2,89489e37387ffff
1344190678352237197,0.8247,0.9640275800758169,1,894898d858bffff
1344209429078955828,0.1142,-0.7615941559557649,1,89489e35593ffff
1344224856083009876,0.4783,0.5379298632214797,5,89489e22967ffff
1344297963294797751,0.564,0.9640275800758169,1,89489e373d7ffff
1344552878123497237,0.2469,0.7615941559557649,3,89489e35583ffff
1344576255348339152,0.5342,0.7615941559557649,1,89489e37323ffff
1344836112145881422,0.6336,0.7615941559557649,1,89489e22d5bffff
1345051758416571691,-0.0151,-0.2538647186519216,3,89489e371abffff
1345147494580192114,0.1902,-0.7615941559557649,1,89489e363dbffff
13451793,0.0952,0.0,3,89489e22087ffff
1345188029254958858,0.4526,0.7615941559557649,1,89489e36207ffff
1345301887035638521,0.1975,0.7615941559557649,2,89489e3468bffff
1345630779491494464,0.5454,0.7615941559557649,1,89489e3733bffff
1345728850481529162,-0.4101,-0.7615941559557649,1,89489e3422bffff
1345859419209026431,-0.4101,-0.7615941559557649,1,89489e3422bffff
1345915776299007565,0.5875,0.7615941559557649,1,89489e34043ffff
1345938389052960377,0.5331,0.7615941559557649,2,89489e3682fffff
1346279167540139276,0.7616,0.7615941559557649,1,89489e25157ffff
1346279196719539530,0.7616,0.7615941559557649,1,89489e25157ffff
13465393,0.4713,0.46711364835815206,37,89489e3551bffff
13468074,-0.8259,-0.8290719639957822,6,89489e35023ffff
1347196353233603090,0.459,0.32134252669193897,3,89489e3624bffff
1347297307103601534,0.4247,0.7615941559557649,1,89489e35533ffff
1347314020970781094,0.7616,0.7615941559557649,2,89489eade13ffff
1347813718377254603,0.5984,0.7615941559557649,1,89489eadb93ffff
1348715495533562859,-0.7616,-0.7615941559557649,1,89489eacb27ffff
1348724744799777796,0.6613,0.8628108680157909,2,89489e37133ffff
1348779431326111757,0.7616,0.7615941559557649,3,89489e2724fffff
1348884127550486374,0.2931,0.0,4,89489e37203ffff
1348908847372260069,0.7785,0.7615941559557649,1,89489e35bd7ffff
1349299594011863033,0.6481,0.7615941559557649,1,89489e350a3ffff
1349355854651917414,0.3337,0.7615941559557649,1,89489e350a7ffff
1349466435388876749,0.449,0.2538647186519216,3,89489e3440bffff
1349467975994072989,0.6414,0.8628108680157909,2,89489e35187ffff
1349472762374294402,0.212,0.7615941559557649,1,89489e3620bffff
1349519733918947193,0.6911,0.7615941559557649,2,89489e3440bffff
1349538709350998006,0.5712,0.7615941559557649,1,89489e360cfffff
1349780,0.1904,0.1903985389889412,8,89489e36c4fffff
1350020511345569071,0.3428,0.0,2,89489e3519bffff
1350146974270667988,0.3953,0.7615941559557649,1,89489e34053ffff
1350199078294556680,0.7744,0.7615941559557649,4,89489e372b7ffff
1350251191992893710,0.2685,0.7615941559557649,1,89489e371cbffff
1350624119199618153,-0.6261,-0.7615941559557649,1,89489e27113ffff
1350759498595039473,0.5828,0.7615941559557649,2,89489e354b3ffff
1350766747489912458,0.2588,0.0,2,89489e35ad3ffff
1350774224041898550,0.7616,0.7615941559557649,1,89489e353dbffff
1351064985076341899,0.58,0.7615941559557649,5,89489e35c6bffff
13514513,0.4184,0.5077294373038432,3,89489e355bbffff
1351508221323237235,0.5649,0.7615941559557649,1,89489e35e17ffff
1351705398663264728,0.1142,-0.7615941559557649,1,89489e3504fffff
1351710337224009006,0.1438,-0.7615941559557649,1,89489e3501bffff
1351791938143211197,0.0821,-0.0583651494327414,4,89489e3468fffff
1351791968862140218,0.0117,-0.7615941559557649,1,89489e3468fffff
1351842518093425940,-0.0454,0.0,2,89489e342abffff
13529264,0.6125,0.6116303839135364,21,89489e223bbffff
13531233,0.5246,0.4569564935734589,5,89489e374c7ffff
1353531321616290505,0.8152,0.8290719639957822,3,894898c8e1bffff
1353644234015684937,0.4203,0.7615941559557649,1,894898c827bffff
1353762809667691453,0.7328,0.7615941559557649,6,89489e3443bffff
1353872564760848692,0.7313,0.7615941559557649,4,89489e35467ffff
1353895841421385609,0.3561,0.2538647186519216,3,89489e37323ffff
1354072304346185064,-0.1012,-0.10121671206002603,1,89489e32823ffff
1354266190078004240,0.237,0.7615941559557649,1,89489e342afffff
1354417325383784348,-0.1467,0.0,2,89489e355b7ffff
1354725106122809608,0.3877,0.7615941559557649,2,89489e36613ffff
1354793214257173349,0.7616,0.7615941559557649,2,894898d9043ffff
1355223680124340105,0.7616,0.7615941559557649,2,89489e35317ffff
1355224648296472870,0.6724,0.7615941559557649,1,89489e360b3ffff
1355227705792525845,0.4028,0.0,1,89489e35423ffff
1355327570813652515,0.3955,0.2538647186519216,3,89489e35423ffff
1355825463213053066,0.7648,0.7615941559557649,6,89489e3604bffff
1355927500778366289,0.4434,0.32134252669193897,3,89489eac867ffff
1356045124014929700,0.5246,0.7615941559557649,1,89489e362a3ffff
1356051328290466020,0.5246,0.7615941559557649,1,89489e362a3ffff
1356463863506372290,0.6295,0.7615941559557649,2,89489e3614fffff
1356469494481833864,-0.1071,0.0,2,89489e3468bffff
13565075,0.7616,0.7615941559557649,1,894898d96bbffff
1356607808307258635,0.1438,-0.7615941559557649,1,89489e3501bffff
1356743363893020634,0.3803,0.7615941559557649,1,89489e3544bffff
1356748576508612374,0.4752,0.7615941559557649,1,89489e3545bffff
13571814,0.6397,0.6455260381243748,63,89489e34483ffff
1357372271706145463,-0.1098,-0.9640275800758169,1,89489e37237ffff
1357406703662530956,0.7616,0.7615941559557649,2,894898d83c3ffff
1357476980290445316,0.1947,0.2538647186519216,1,89489e37237ffff
1357484236554358672,0.4096,0.7615941559557649,2,89489e37237ffff
1357549624976506915,0.1259,0.0,1,89489e27103ffff
13576771,0.7151,0.7276723767131215,27,89489e3444bffff
1357934737663365982,0.7616,0.7615941559557649,1,89489e35ab7ffff
1357998058950934476,0.7616,0.7615941559557649,2,89489eacb2bffff
1358047987452127976,0.7616,0.7615941559557649,4,89489e36503ffff
1358115119655519758,0.7596,0.8290719639957822,3,89489e254b7ffff
1358233031931747849,0.5827,0.7615941559557649,1,89489e350afffff
1358314190421480801,0.5231,0.7615941559557649,1,89489e35e9bffff
1358682606455032648,0.5343,0.7615941559557649,1,89489e3581bffff
1358765676017380763,0.7616,0.7615941559557649,1,89489e264a7ffff
1358826097628211430,0.559,0.43140543400789544,2,89489e3440bffff
1358927959109484297,-0.7616,-0.7615941559557649,1,89489e34623ffff
1359042574631059786,0.7616,0.7615941559557649,2,89489e31833ffff
1359065236809000461,0.8122,0.8122025119857779,4,89489e36b9bffff
1359388753229094726,-0.5368,-0.8290719639957822,3,89489e355b7ffff
1359454596270074487,0.7616,0.7615941559557649,1,89489e352b7ffff
1359577768900994523,0.7616,0.7615941559557649,1,894898cac67ffff
1359630679366955809,0.275,-0.10121671206002603,2,89489e3518fffff
1359643695976865803,0.5827,0.8628108680157909,2,89489e35117ffff
1359783304220166911,0.7764,0.7615941559557649,1,89489e20903ffff
1360141153228069059,0.2566,-0.7615941559557649,1,89489e3446bffff
1360208456066951550,0.2484,-0.7615941559557649,1,89489e36647ffff
1360501663098122615,0.6171,0.7615941559557649,2,89489e36273ffff
1360631788955768326,0.1012,0.10121671206002603,2,89489e35823ffff
1361025177733039141,0.2079,-0.7615941559557649,1,89489e35e93ffff
1361045911425912855,0.7616,0.7615941559557649,1,89489e34837ffff
1361244096634768722,0.2876,0.2876036226719303,3,89489e3528bffff
1361840580348970144,0.3045,-0.7615941559557649,1,89489e35a27ffff
1362289677542520567,0.2394,0.0,2,89489e3737bffff
1362365731884365185,0.6463,0.7615941559557649,1,89489e37317ffff
1362416240091266057,0.5412,0.7615941559557649,2,89489e35633ffff
13624434,0.7386,0.73864238885484,46,894898dab23ffff
1362465611075984071,0.6121,0.7615941559557649,3,89489e2442fffff
1362471533322875492,0.7411,0.8628108680157909,2,89489e35a27ffff
1362546001777550162,0.4678,0.7615941559557649,2,89489e34683ffff
1362618287632238645,0.6397,0.7615941559557649,5,89489e35403ffff
1363080740507498493,0.7046,0.7615941559557649,2,89489e22d47ffff
13631037,0.2708,0.29292082921375573,13,89489e3600bffff
1363932210497288020,0.7502,0.7953330599757735,6,89489e35a27ffff
13641416,0.8628,0.8628108680157909,2,894898c83b7ffff
1364143306191570801,0.964,0.9640275800758169,2,89489e31867ffff
1364446123063510780,0.7616,0.7615941559557649,3,89489e3429bffff
1364551576447915079,0.6437,0.8290719639957822,3,89489e37323ffff
1364673812165730598,0.6899,0.7953330599757735,3,89489e3449bffff
1364675189597191785,0.7616,0.7615941559557649,1,894898d9297ffff
1364713932939167300,0.7616,0.7615941559557649,1,89489eacd5bffff
1364864664979564129,0.0565,0.7615941559557649,1,89489e3468bffff
1364891429457210507,0.7168,0.7615941559557649,5,89489e355c3ffff
1365194208487915760,0.7508,0.8628108680157909,2,89489e3511bffff
1365215109406958065,0.5646,0.9640275800758169,1,89489e35ad3ffff
1365225773928846541,0.7219,0.7615941559557649,2,89489e254a7ffff
1365379118794996230,0.6864,0.7615941559557649,2,89489e355cbffff
13658208,0.745,0.7477827724068117,74,89489e34453ffff
1365931352996756393,0.8122,0.8122025119857779,4,89489e3522fffff
1366001607644656777,0.7616,0.7615941559557649,1,89489e221cfffff
1366022180768046817,0.5092,0.7615941559557649,3,89489e3510fffff
1366027742314162352,0.5712,0.7615941559557649,1,89489e2701bffff
1366187133365221219,0.7815,0.7615941559557649,3,894898c8e1bffff
1366633598782279812,0.4134,0.3807970779778824,4,89489e374afffff
1367044465483755886,0.5141,0.7615941559557649,1,89489e346d3ffff
1367045774770046980,0.2589,0.0,2,89489e346d3ffff
1367056964819834349,0.6499,0.7615941559557649,2,89489e3556fffff
1367083270126964758,0.3581,0.10121671206002603,1,89489e35e9bffff
1367281168387149857,0.2685,0.7615941559557649,1,89489e371cbffff
1367450039285132528,0.6189,0.7615941559557649,1,89489e3519bffff
1367497766150257847,-0.335,-0.7615941559557649,1,89489e37223ffff
1367508596511798479,-0.3856,-0.9640275800758169,1,89489e37223ffff
1367590014096097600,0.5393,0.8628108680157909,1,89489e3614bffff
1367752093207017850,0.6423,0.7615941559557649,3,89489e3551bffff
1367762589254035636,0.579,0.7615941559557649,1,89489e34483ffff
1368013681166179225,0.4817,0.4569564935734589,5,89489e3551bffff
1368117498331369595,0.5231,0.7615941559557649,1,89489e35e9bffff
1368151187712406671,0.5582,0.8122025119857779,4,89489e34057ffff
1368496725344722564,0.7352,0.7868983339707714,4,89489eacb77ffff
13685912,-0.2275,-0.24050341767024153,19,89489eaceb7ffff
1368842101958709336,0.6854,0.7615941559557649,1,89489e270c7ffff
1368933607672795070,0.7616,0.7615941559557649,1,89489e20c87ffff
1369031004106068720,0.3432,0.0,2,89489e351c3ffff
1369046654631587069,0.2558,0.7615941559557649,1,89489e3462bffff
1369057136333994471,-0.7616,-0.7615941559557649,1,894898da86fffff
1369133036341359961,0.7616,0.7615941559557649,1,89489e274cbffff
13693695,0.7616,0.7615941559557649,1,89489eacdd3ffff
13695279,0.6348,0.7615941559557649,1,89489e37567ffff
1369559488317266988,0.6975,0.7615941559557649,1,89489e3511bffff
1369588977969771216,0.0928,-0.7615941559557649,1,89489e30d37ffff
1369604682256491509,0.7435,0.7615941559557649,1,89489e35e8bffff
1369768538585565947,0.7207,0.7615941559557649,1,89489e3585bffff
1369775191285056519,0.7616,0.7615941559557649,1,89489eadc7bffff
13698295,0.2488,0.21759833027307568,28,89489e3730fffff
1370018321554516487,0.5984,0.7615941559557649,1,89489e372bbffff
13701593,-0.1524,-0.7615941559557649,1,89489e3621bffff
1370350916067298748,0.7616,0.7615941559557649,1,89489e35b67ffff
1370459760485245656,0.1162,-0.7615941559557649,1,89489e36243ffff
1370613813407069140,-0.2239,-0.7615941559557649,2,89489e3557bffff
1370622048037259852,-0.0894,-0.7615941559557649,1,89489e3557bffff
1370949668714695200,-0.3068,-0.7615941559557649,1,89489e346cbffff
1371053319206914762,0.6554,0.7615941559557649,2,89489e3449bffff
1371091014991949137,0.5954,0.7615941559557649,2,89489e37073ffff
1371139551900693861,0.5331,0.7615941559557649,2,89489eadbd7ffff
1371217939471548032,0.6755,0.9640275800758169,1,89489e20d97ffff
1371247424401224854,0.5134,0.7615941559557649,2,89489e3465bffff
1371267833056539080,0.6853,0.7615941559557649,1,89489e35a27ffff
1371272023126981524,0.5663,0.7615941559557649,1,89489e37327ffff
1371343336167940947,0.7616,0.7615941559557649,4,89489e2662bffff
1371346725220973177,0.1215,-0.3807970779778824,2,89489e34413ffff
1371392954012024239,0.1597,0.0,2,89489e27313ffff
1371436175635920588,0.3213,0.32134252669193897,3,89489e34e6fffff
1371444114373997283,0.6646,0.7615941559557649,1,89489e35e5bffff
13716298,0.7487,0.7615941559557649,10,89489eacb8bffff
1371693871347267876,0.2456,-0.7615941559557649,1,89489e3537bffff
1371802538780560713,0.6289,0.7615941559557649,1,89489e3402fffff
1371873181825710627,0.7616,0.7615941559557649,1,89489e244cfffff
1371971681506101320,0.5638,0.5414683413238519,3,89489e3659bffff
1372095508415821840,0.2383,0.7615941559557649,3,89489e346cfffff
1372563018412442593,0.4504,0.3807970779778824,4,89489e362bbffff
1372720204073782412,0.7616,0.7615941559557649,1,89489e36557ffff
13730122,0.7205,0.7615941559557649,8,89489e36283ffff
13730506,0.0792,0.0698950914794641,8,89489e371cbffff
1373084938717731451,0.4401,0.3807970779778824,4,89489e22d37ffff
13733969,0.7205,0.7615941559557649,4,89489e24003ffff
1373552159991750565,0.7616,0.7615941559557649,1,894898dabc3ffff
1373710259719488182,0.684,0.7615941559557649,2,89489e35e5bffff
1373885456464908005,0.5179,0.7615941559557649,1,89489e3504bffff
1374022239660873163,-0.3444,-0.7615941559557649,1,89489e37367ffff
1374145123867815514,0.4844,0.7615941559557649,1,89489e35a1bffff
1374230002204144612,0.5892,0.7615941559557649,1,89489e22c8fffff
13746927,0.5067,0.7615941559557649,2,89489e37363ffff
1374753754808557229,0.7996,0.7615941559557649,1,89489e31b7bffff
1374830312010570045,-0.1823,-0.8290719639957822,3,89489e35123ffff
1375307443514672958,0.7616,0.7615941559557649,1,89489e24123ffff
1375576596745046637,0.3319,-0.7615941559557649,1,894898d965bffff
1375732002725665786,0.1294,-0.9640275800758169,1,89489e35187ffff
1375748366271664534,0.7616,0.7615941559557649,1,894898d9107ffff
1376165868416448264,0.2285,0.0,2,89489eadbd7ffff
1376417205463008831,0.5459,0.7615941559557649,1,89489e251d3ffff
13766999,0.3049,0.7615941559557649,1,89489e372afffff
1376941532700263707,0.4786,0.7615941559557649,1,89489e34293ffff
1376949967020252703,0.1804,0.0,2,89489e37393ffff
1377019591847202705,0.5352,0.5077294373038432,2,89489e356b7ffff
1377248725955573636,0.2943,0.7615941559557649,1,89489e36613ffff
1377801051154784430,0.4841,0.4569564935734589,5,89489e34043ffff
1378252378715781931,0.7044,0.7615941559557649,1,89489ead33bffff
1378366652922690865,0.7616,0.7615941559557649,3,89489ead817ffff
13785841,0.5712,0.5711956169668236,8,894898c80c7ffff
1378923406851429992,0.5174,0.7615941559557649,3,89489e34053ffff
1378933209466268011,0.6054,0.7615941559557649,1,89489e35853ffff
1378999450951864113,0.4408,0.5245988893138476,6,89489e34053ffff
1379003684919887184,0.4686,0.7615941559557649,2,89489e34053ffff
1379063717934282029,0.4988,0.7615941559557649,1,89489e34693ffff
1379076435315790153,-0.1904,-0.7615941559557649,1,89489e26d77ffff
1379100948770295647,0.7616,0.7615941559557649,2,89489e3762bffff
1379288798788656748,0.2109,0.7615941559557649,1,89489e3423bffff
1379307859458928842,0.5647,0.7615941559557649,1,89489e353b3ffff
1379774059841121415,0.6881,0.7615941559557649,2,89489e35163ffff
1379863340319333527,0.7142,0.7615941559557649,1,89489e3710fffff
13799593,0.2414,0.7615941559557649,3,89489e3464bffff
1380020403097836187,0.7869,0.7868983339707714,4,894898c851bffff
1380420847402791931,0.6232,0.7615941559557649,1,89489e35b23ffff
1380735980394323717,0.0148,0.8628108680157909,1,89489e35583ffff
1381165970644933515,0.6864,0.7615941559557649,2,89489e355cbffff
1381538043540480626,0.7115,0.7615941559557649,1,89489e376cbffff
1381941777673702844,-0.1607,0.0,2,89489e35583ffff
13828639,0.7616,0.7615941559557649,2,89489e35c73ffff
1383621903589421331,0.0586,0.7615941559557649,1,89489e27513ffff
1384145072375314600,0.6186,0.9640275800758169,1,89489e35457ffff
1384289717466842113,0.4693,0.3807970779778824,2,89489e3297bffff
13843877,0.7466,0.74741164698197,115,89489e36343ffff
1384945524034424906,0.5578,0.7615941559557649,2,89489e3469bffff
1385106070689092213,0.5053,0.7615941559557649,1,89489e3736bffff
1385223816277593433,0.7616,0.7615941559557649,1,89489e20157ffff
1385762910536942091,0.7402,0.7615941559557649,2,89489e36603ffff
1386222595381788025,0.5657,0.7615941559557649,1,89489e355c7ffff
1386418412326814998,0.7996,0.7615941559557649,1,89489e36377ffff
13864346,0.5217,0.7615941559557649,2,89489e37313ffff
13865143,0.7806,0.7615941559557649,1,89489eaca2bffff
1386639082025351579,0.5331,0.7615941559557649,1,89489e26a43ffff
1386646152300510685,0.2742,0.0,2,89489e26a43ffff
13866655,0.6338,0.6343398963442788,85,89489e3662bffff
13867530,-0.1092,-0.7615941559557649,1,89489e34217ffff
1387042665743102876,0.5812,0.8122025119857779,4,89489e34053ffff
1387063431944649327,0.0723,-0.7615941559557649,1,89489e35047ffff
1387080597831723206,0.7616,0.7615941559557649,1,89489eade0fffff
1387179599670695850,-0.0921,-0.2538647186519216,3,89489e34077ffff
1387520456397254166,0.4304,0.7615941559557649,2,89489e36073ffff
1387682205044275761,0.68,0.7615941559557649,1,89489e344b7ffff
1387931773983939184,0.4046,0.7615941559557649,1,894898c80bbffff
1388265,0.3662,0.36245326009188966,36,89489e35837ffff
1388373493902011917,0.7616,0.7615941559557649,1,894898c807bffff
1388528764309794336,0.5236,0.7615941559557649,3,894898c80bbffff
1389455926642452416,0.5286,0.7615941559557649,1,89489e37283ffff
1389459782615799638,0.7996,0.7615941559557649,1,89489e37293ffff
1389895213564733323,0.4862,0.7615941559557649,1,89489e3729bffff
1389904324770496274,0.7197,0.8628108680157909,2,89489e3605bffff
1390259901949842298,-0.4977,-0.7615941559557649,1,89489e3467bffff
13909405,0.355,0.7615941559557649,1,89489e34057ffff
1391283523662128814,0.3978,0.7615941559557649,1,89489e34237ffff
1391300842085730251,0.3282,0.7615941559557649,1,89489e3558bffff
13913337,0.7752,0.8783244548212477,2,894898ca813ffff
1391504461212192548,0.6528,0.7615941559557649,4,89489e376d3ffff
1391527201443898210,0.6306,0.7615941559557649,2,89489e362bbffff
1393197682577037939,0.2249,-0.8783244548212477,1,89489e37567ffff
1393601511698873252,0.711,0.7615941559557649,3,89489e3622bffff
1393739417232071273,0.6137,0.7615941559557649,2,89489e350d7ffff
1393861250572802322,0.6348,0.7615941559557649,1,89489e37567ffff
13941193,0.6963,0.6980102164095899,113,89489e35183ffff
1394275453240068937,0.5099,0.7615941559557649,2,89489e3666fffff
1394392423638448548,0.6908,0.7615941559557649,1,89489e20d2fffff
1394508577968745526,0.7103,0.9640275800758169,1,894898c8003ffff
1394787345332157076,0.6644,0.7615941559557649,1,89489e31b2fffff
1394998764032850982,0.1097,0.7615941559557649,1,89489e34233ffff
13953218,0.2278,0.2538647186519216,6,89489e370a3ffff
1396580730358429517,0.237,0.7615941559557649,1,89489e342afffff
1397983,0.4646,0.43519666054615136,7,89489e3630fffff
13986233,0.0769,-0.7615941559557649,1,89489e36287ffff
1398635,0.7419,0.744949912645678,95,89489e35c83ffff
1398702,0.2769,-0.7615941559557649,1,894898d9647ffff
1399358595154910811,0.7162,0.7615941559557649,2,89489e246bbffff
1399456948452230589,0.2936,-0.5379298632214797,1,89489e3518bffff
1399815629357711538,0.2888,-0.7615941559557649,1,89489e36227ffff
1400054311282339585,0.7616,0.7615941559557649,1,89489eade63ffff
1400403611493503454,0.476,0.7615941559557649,1,894898db1b7ffff
1400942971686433959,0.7343,0.7615941559557649,1,89489e35cc7ffff
1401050225059787520,0.7343,0.7615941559557649,1,89489e35cc7ffff
1401705,0.5713,0.565117782925131,46,89489e22d47ffff
1402206807232557358,0.6858,0.7615941559557649,1,89489e3622bffff
1402222783928950259,0.7616,0.7615941559557649,1,89489e2558fffff
1402528887563348337,-0.7616,-0.7615941559557649,1,89489e2018fffff
14026446,0.5598,0.5768624046686281,13,89489e3628bffff
1403038373124846103,0.6666,0.7615941559557649,2,89489e37163ffff
1403117818000849753,0.1582,-0.7615941559557649,1,89489e3426fffff
1403860652698598868,-0.7616,-0.7615941559557649,1,89489e3466bffff
1403861700131553058,0.7833,0.7615941559557649,1,894898d905bffff
14044016,0.6282,0.7615941559557649,3,89489e3718fffff
1404425346291585437,0.7616,0.7615941559557649,2,89489ead9d3ffff
1404585221067591888,-0.0592,-0.7615941559557649,1,89489e37237ffff
1404713921502251537,0.7616,0.7615941559557649,1,89489e201bbffff
140474,0.6855,0.6854197778419727,22,89489e35ccbffff
140504,0.7716,0.7742462449632681,32,89489e35ccfffff
1405256626369772283,0.7277,0.7615941559557649,3,89489e35b63ffff
14057627,0.3268,0.2538647186519216,6,89489e35427ffff
1405895667514617528,0.2307,0.7615941559557649,2,89489e22d33ffff
1406555328793987361,0.3437,0.7615941559557649,1,89489e3736fffff
1406728854587031783,0.3216,0.7615941559557649,1,89489e37237ffff
14068513,0.6138,0.7615941559557649,1,894898ca8c7ffff
14069226,0.5353,0.5176865208094745,5,894898ca8c7ffff
14069620,0.5267,0.5077294373038432,6,894898ca8c7ffff
14069621,0.5065,0.0,1,89489e34453ffff
14069917,0.6138,0.7615941559557649,1,894898ca8c7ffff
14070258,0.4595,0.3807970779778824,4,894898ca8c7ffff
14071933,0.7977,0.8020808407797752,5,894898ca88bffff
14072680,0.7789,0.7615941559557649,2,894898ca88bffff
14073051,0.4238,0.0,2,894898ca813ffff
14073415,0.5758,0.4974431783974693,5,894898ca813ffff
14073594,0.7379,0.7615941559557649,4,894898ca813ffff
14074010,0.7285,0.7615941559557649,2,894898ca813ffff
14074230,0.7202,0.7615941559557649,1,894898ca813ffff
1407479439243080890,0.3216,0.7615941559557649,1,89489e37237ffff
1408105644433036637,0.1904,0.7615941559557649,1,89489e351a3ffff
1408125212574170754,0.964,0.9640275800758169,1,894898c13dbffff
1408310582580139905,0.8194,0.8628108680157909,2,89489e27247ffff
1408660734696940148,0.7337,0.7615941559557649,4,89489e36097ffff
1409074247729805800,0.7616,0.7615941559557649,1,894898d960fffff
14091950,0.5712,0.5923510101878171,9,89489e2747bffff
1410240060972002848,0.0458,0.7615941559557649,1,89489e37223ffff
1410506727431172505,0.105,0.0,2,89489e37237ffff
1411033938553505674,0.6401,0.9640275800758169,1,89489e35553ffff
1411095558449776438,0.3163,0.7615941559557649,1,89489e27103ffff
14127190,0.4832,0.4832405342520804,54,89489e354d3ffff
1414704112573448622,0.5212,0.7615941559557649,1,89489e3711bffff
1414925336463731944,0.6049,0.7615941559557649,2,89489e355c7ffff
1415266648310660525,0.8291,0.9640275800758169,1,89489e22cb7ffff
1415462128380348755,-0.335,-0.7615941559557649,1,89489e37223ffff
1415897966965396806,0.212,0.7615941559557649,1,89489e3620bffff
1415944921369672830,0.6817,0.7615941559557649,1,89489e37243ffff
1416030166888370329,0.6712,0.7615941559557649,1,89489e37103ffff
14163920,0.6782,0.7615941559557649,1,89489e344abffff
14166836,0.7616,0.7615941559557649,1,89489e26627ffff
14184017,0.3873,0.3645822003544433,11,89489e20dd3ffff
1418502292680043896,0.7789,0.7615941559557649,2,89489e27247ffff
1418517446341593420,0.7789,0.7615941559557649,2,89489e27247ffff
1418810515352619606,0.5955,0.9640275800758169,1,89489e35427ffff
1419120768287861027,0.7616,0.7615941559557649,1,894898d968bffff
1419907908325152949,0.7833,0.7615941559557649,1,89489e27247ffff
1420226941294597166,0.5666,0.7615941559557649,2,89489e35403ffff
1420523447702928620,0.5712,0.7615941559557649,1,89489e35e43ffff
1421294157445912641,0.7616,0.7615941559557649,2,89489e2694bffff
1421314850271008446,0.7081,0.7615941559557649,1,89489e254b7ffff
14213692,0.5687,0.5890319823526067,10,89489e35e13ffff
14220861,0.7243,0.761594155955765,7,89489e374c7ffff
14253492,0.4624,0.48465082651730496,11,89489e35bdbffff
1425486082042686697,0.3808,0.7615941559557649,1,89489e36087ffff
1426288956064957914,0.6941,0.7615941559557649,1,89489e3712fffff
14263619,0.7089,0.761594155955765,7,89489e35b0fffff
14268142,0.4562,0.5210907382855233,19,89489e35c93ffff
1426844643099281182,0.7616,0.7615941559557649,1,894898db247ffff
14281587,0.6479,0.8290719639957822,3,89489e35437ffff
14281779,0.7645,0.7717158271617675,50,89489e35c1bffff
14282701,0.6322,0.6313433617038933,46,89489e2748bffff
1428582,-0.6879,-0.7203537345542181,69,89489e355b3ffff
14303616,0.7402,0.7615941559557649,3,89489e37157ffff
14304274,0.4864,0.46809306977988085,9,89489e345d3ffff
14317978,0.7849,0.7849518587388478,26,89489e35bd7ffff
1433338223087084089,0.4056,0.9640275800758169,1,89489e34057ffff
1433413755430107748,0.7616,0.7615941559557649,1,89489eacb1bffff
1441538,0.4662,0.7615941559557649,1,89489e343d7ffff
14430270,0.6424,0.8122025119857779,4,89489e3512bffff
14463342,0.3984,0.7615941559557649,1,89489e35c6bffff
14474805,0.5927,0.5917220096298942,29,894898c8033ffff
14483719,0.0177,-0.7615941559557649,1,89489e35c6bffff
14485320,0.5429,0.4569564935734589,5,89489e35eb3ffff
14488932,0.0856,-0.10121671206002603,2,89489e3407bffff
14501733,0.1274,0.13298857790068505,62,89489e34627ffff
145210,0.6435,0.6434051094330399,52,89489e35c83ffff
14536507,0.7616,0.7615941559557649,2,89489e37587ffff
14556731,0.6332,0.642602782027351,35,89489e3551bffff
14575753,0.5881,0.5439958256826892,7,89489e35467ffff
14587157,0.6048,0.5943033795026468,17,89489e344b3ffff
14609621,0.6286,0.7615941559557649,2,89489e3730fffff
1461266,0.5431,0.5259813630147222,25,89489e35ccbffff
14614986,-0.2659,-0.4320600083944606,11,89489e36247ffff
14616676,-0.694,-0.7451653687705236,24,89489e346cfffff
1462311,0.5416,0.5459264289606998,97,89489e37123ffff
1462557,0.6996,0.6990170016057872,56,89489e359cbffff
14632346,0.5488,0.5500265081041326,80,89489e350d7ffff
14636770,0.7235,0.7215102530107246,19,89489e35873ffff
14671618,0.6401,0.6515312486398084,12,89489e253b7ffff
14671731,0.619,0.6261321161822799,39,89489e3518fffff
14697359,0.0602,0.03646081025260266,39,89489e3553bffff
14706958,0.5499,0.5497552078680213,64,89489e22dcfffff
14709100,0.7691,0.7690916901824335,27,89489e3434bffff
14731134,0.5471,0.5923510101878171,9,89489e3712bffff
14741664,0.6444,0.6379444516208516,23,89489e35897ffff
14745552,0.6125,0.588065068976828,12,894898c9497ffff
14775358,0.3396,0.3395560591031054,45,89489e22b2fffff
14784589,0.676,0.6743281589191668,32,89489e35897ffff
14785881,0.6872,0.6878719747939143,51,89489e35327ffff
14789393,0.7237,0.7615941559557649,3,89489e35ccbffff
14824538,0.7307,0.7615941559557649,8,89489e37137ffff
14844106,0.4243,0.4154149941576899,11,89489e362b3ffff
1484462,0.6524,0.6536742192453029,72,89489e344bbffff
14866552,0.6758,0.6810125457879649,46,89489e3403bffff
14869837,0.7002,0.7615941559557649,3,89489e36227ffff
14882299,0.6486,0.7615941559557649,3,89489e35103ffff
14883534,0.4514,0.7615941559557649,1,89489e3465bffff
14894891,0.5789,0.5439958256826892,7,89489e3622bffff
14895186,0.6171,0.7615941559557649,9,89489e3558bffff
14900344,0.7616,0.7615941559557649,9,894898cac7bffff
14900580,0.6114,0.6193969959706145,20,89489ead967ffff
14901480,0.4907,0.4907424226507165,21,89489e371c7ffff
14914673,0.4673,0.45689664350059656,22,89489e37373ffff
14927066,0.5161,0.5458914389518171,8,89489e35c57ffff
14930867,0.2804,0.3807970779778824,12,89489e373bbffff
14948387,0.4834,0.2538647186519216,3,89489e3402bffff
14949492,0.764,0.7631988073065796,30,89489e3533bffff
14966345,0.6854,0.6854347403601884,10,89489e34a0fffff
14969194,0.2947,0.2538647186519216,18,89489e3730fffff
14979866,0.6514,0.6533355585958077,61,89489e37253ffff
14991271,0.4761,0.4886484364798563,16,89489e36b33ffff
15008897,0.1428,0.1427989042417059,16,89489ead8a3ffff
15018860,0.7791,0.8290719639957822,3,89489e26657ffff
1502213,0.2893,0.17256217360315818,5,89489e36253ffff
15025313,0.7489,0.761594155955765,7,89489e36677ffff
15026051,0.7616,0.7615941559557649,1,89489e345d7ffff
15035937,0.6535,0.6534965787845763,47,894898d9503ffff
15052633,0.5924,0.5923510101878171,9,89489e2011bffff
15063141,0.7616,0.7615941559557649,9,89489e36babffff
15073482,0.3641,0.7615941559557649,1,89489e342a3ffff
15074147,0.4077,0.0,2,89489e34403ffff
1507941,0.6114,0.6048316622314703,23,89489e351d7ffff
15081404,0.4907,0.7615941559557649,1,89489e34263ffff
15086376,0.2413,0.2538647186519216,12,894898c833bffff
15113719,0.6781,0.7672173066257663,12,89489e345abffff
15131298,-0.7616,-0.7615941559557649,1,89489e2718bffff
15133009,0.267,0.7615941559557649,2,89489e3546fffff
15140062,0.4955,0.7615941559557649,1,89489e355abffff
15157293,0.5859,0.588065068976828,48,89489e20d33ffff
15191175,0.6938,0.6992741558290807,84,89489e3730fffff
15192607,0.7448,0.7615941559557649,18,89489e355a3ffff
15194730,0.5977,0.6049223197263304,59,89489e34413ffff
15206817,0.1178,0.04659672765297607,12,89489e3732fffff
15208205,0.7552,0.7780076768303636,37,89489e35567ffff
15216392,0.4964,0.3807970779778824,4,89489e344abffff
15220915,0.5768,0.5787692359748573,70,89489e3530bffff
15221277,0.5157,0.5369423942758377,33,89489e35227ffff
15232873,0.3716,0.34617916179807495,11,89489e3426fffff
15232948,0.6802,0.6919062601996818,35,89489e37373ffff
15233818,0.2837,0.2538647186519216,3,89489e3406bffff
15235776,0.7616,0.7615941559557649,16,89489e35413ffff
15241699,0.6819,0.6987010660609326,21,89489e35e0bffff
15274691,0.212,0.7615941559557649,1,89489e3620bffff
15283295,0.7193,0.7615941559557649,6,89489e35143ffff
15283358,0.6567,0.660016153821753,41,89489e37253ffff
15299266,-0.2734,-0.2538647186519216,3,89489e3422bffff
15315326,0.6708,0.6842508847844303,44,89489e35567ffff
15395320,0.6641,0.6645862182205527,48,89489e35aabffff
15398584,0.6184,0.7615941559557649,2,89489e3551bffff
154103,0.6884,0.7615941559557649,1,89489e344b3ffff
15422675,0.7266,0.7266466102160328,16,89489e34037ffff
15425423,-0.3965,-0.3903352397554079,27,89489e34673ffff
1542779,0.6589,0.6584288619034233,53,89489e22d47ffff
15485824,0.6912,0.6913197128986193,133,89489e35eb3ffff
15552468,0.7523,0.7967999688462086,23,89489e3712bffff
15552668,0.5367,0.5517546002302258,15,89489e3500bffff
15603943,0.6788,0.7615941559557649,3,89489e35287ffff
15617401,0.6129,0.6339222959738676,37,89489e350dbffff
15632001,0.6287,0.5923510101878171,9,89489ead93bffff
15634528,0.413,0.3920433793178853,18,89489e251cfffff
15661329,0.6982,0.9640275800758169,1,89489e346b3ffff
15706243,0.6093,0.7615941559557649,2,89489ead86bffff
15706510,0.7465,0.7486943244127878,71,89489e35eafffff
15729240,-0.3681,-0.40627759995757246,7,89489e3464bffff
1574481,-0.0954,-0.05060835603001301,4,89489e346cbffff
15745163,0.3925,0.7615941559557649,1,89489e3468fffff
1577342,0.5868,0.5903340966767634,51,89489e3556bffff
1578787,-0.4247,-0.7615941559557649,1,89489e35537ffff
1579405,-0.2126,-0.22641988420306525,37,89489e35543ffff
15826995,0.1853,0.20310673743975285,22,89489e37023ffff
15830951,0.185,0.18638691061190427,3,89489e3558bffff
158398,0.544,0.3807970779778824,2,89489e344b7ffff
15873476,0.556,0.5559694513935942,41,89489e20dd7ffff
15886011,-0.3766,-0.40215617724058955,51,89489e355b3ffff
15916842,0.7057,0.761594155955765,7,89489e3556fffff
15918079,0.5198,0.5077294373038432,6,89489e35917ffff
1592065,0.5177,0.5077294373038432,12,89489e344cbffff
1593451,-0.0068,-0.04294615624470307,31,89489e3448fffff
15940810,0.6704,0.7615941559557649,2,89489e346b3ffff
15942648,-0.208,-0.22356521696263953,93,89489e34053ffff
15943159,0.6325,0.6360776654687583,17,89489e32dafffff
1594441,0.2558,-0.10121671206002603,2,89489e35187ffff
15956612,0.046,0.03465883135592755,60,89489e34053ffff
15966725,0.7011,0.7055234352324797,29,89489e37177ffff
15972856,0.0274,-0.7615941559557649,2,89489e35853ffff
15977128,0.4397,0.42566096275464665,13,89489e355c7ffff
15987775,0.5906,0.5906366337034215,30,894898d922bffff
15990274,0.5941,0.5914389593788288,20,89489e32dafffff
16018534,0.2725,0.4164698087494485,5,89489e2711bffff
1608994,0.7182,0.7216541036817853,28,89489e35ccbffff
16094172,-0.2492,-0.3826485987672841,13,89489e355bbffff
1612438,0.5372,0.5536355125455488,21,89489e3469bffff
16124855,0.5726,0.5777610838285113,29,89489e3551bffff
16157135,0.628,0.6270701181681784,155,89489e34453ffff
1618754,0.7616,0.7615941559557649,2,89489e26613ffff
16194494,0.5835,0.5439958256826892,7,89489e2419bffff
16207501,-0.0569,-0.06780698344075997,15,894898cb30bffff
16215954,0.666,0.6710572410102326,46,89489e35b73ffff
16219766,0.634,0.6092753247646119,5,89489e34453ffff
16222316,0.6448,0.7615941559557649,6,89489e3712bffff
16236845,-0.3057,-0.3070117137202199,46,89489e34653ffff
16238095,0.677,0.676972583071791,9,894898d9443ffff
16240199,-0.0454,0.0,2,89489e342abffff
16254209,-0.5656,-0.6473550325624001,20,89489e344c3ffff
16255356,-0.5998,-0.634661796629804,30,89489e344d7ffff
16266984,0.3553,0.3553165559981924,7,894898c83a7ffff
16267882,-0.125,-0.7615941559557649,1,89489e3462bffff
1627417,0.692,0.6919676515251282,54,894898c164bffff
16289813,0.6237,0.7615941559557649,2,89489e35b17ffff
16314405,0.6379,0.676972583071791,9,89489e36273ffff
16325486,0.6776,0.7615941559557649,1,89489e3586fffff
16338748,-0.4717,-0.4907966823321577,39,89489e270cfffff
16379302,-0.4986,-0.5485633505111532,41,89489e3558bffff
1640231,-0.2988,-0.3540775499047119,39,89489e3736bffff
16408376,0.5228,0.7615941559557649,4,89489e3736fffff
1641751,0.6422,0.6437877594852435,75,89489e344d3ffff
16426579,0.674,0.7615941559557649,12,89489e365d3ffff
16427486,0.0423,-0.7615941559557649,1,89489e3714bffff
16479513,0.7746,0.7760536862500543,14,89489e2667bffff
16486522,0.5374,0.7615941559557649,1,89489e2442fffff
16534724,0.7231,0.7326103572357847,79,89489e3733bffff
16545961,0.6664,0.7615941559557649,3,89489e358a7ffff
16547602,0.6366,0.634661796629804,12,89489e3283bffff
16556622,0.3453,0.2538647186519216,3,89489e3627bffff
16568745,0.6146,0.5964997949818301,12,89489e34463ffff
16585918,0.5412,0.5439958256826892,21,89489ead8afffff
16588135,0.7078,0.7199628814307024,11,89489e35d53ffff
16628889,0.5751,0.574954898530706,75,89489e3716fffff
16628934,0.706,0.7615941559557649,3,89489e344abffff
16633368,0.6522,0.6525141592238006,81,89489e2748bffff
1664692,0.6874,0.6932335879693216,55,89489e343d3ffff
16661758,0.7724,0.7615941559557649,1,89489e37403ffff
16691554,0.7519,0.7615941559557649,8,89489e35e8fffff
1673142,0.4512,0.4771998359854641,10,89489e3452bffff
16768939,0.6018,0.6452052041360568,32,894898c8853ffff
1677516,0.5875,0.5711956169668236,4,894898c8013ffff
16775575,0.7199,0.7198054233823302,124,89489e35cc7ffff
16780131,0.5403,0.7615941559557649,2,89489e37527ffff
16804040,0.8032,0.8020808407797752,5,89489eacb7bffff
16807575,0.4702,0.4766649522018592,18,89489e346d3ffff
16808961,0.7226,0.9640275800758169,1,89489e355c3ffff
1681072,0.5533,0.5448000850576019,41,89489e34433ffff
16811720,0.0889,-0.7615941559557649,2,89489e3447bffff
16815364,0.7526,0.7771659578111534,13,89489e27483ffff
16827775,0.2856,0.2826504911121209,63,89489e3465bffff
16830378,0.4153,0.4377273161943544,37,894898c8853ffff
16831133,0.6614,0.6626512286069653,38,89489e34407ffff
1683574,0.5374,0.5077294373038432,15,89489e35ccbffff
16842314,0.6407,0.6867535454372646,38,89489e355b3ffff
16844630,-0.6294,-0.6633239422840532,31,89489e3464bffff
16858716,0.6737,0.6732658231055301,111,89489e35c2fffff
16869933,-0.645,-0.6780104948926143,59,89489e35cd7ffff
16870186,0.5641,0.5439958256826892,7,89489e36283ffff
16872790,0.2805,0.1903985389889412,12,89489e37103ffff
16873914,0.1423,0.3807970779778824,2,89489e35a13ffff
16896958,0.3021,0.31193796511532407,14,89489e356a3ffff
16910804,0.6862,0.7615941559557649,3,89489e36283ffff
16912016,0.7086,0.7615941559557649,1,89489e35467ffff
16913180,0.5853,0.7615941559557649,1,89489e3556bffff
16913365,0.3375,0.33746931424377125,38,894898da26fffff
16941416,0.6335,0.7615941559557649,1,89489e34473ffff
16943185,-0.3665,-0.3917983793409446,45,89489e34627ffff
16943777,0.7869,0.7615941559557649,1,89489e37213ffff
16946016,0.1382,0.43140543400789544,2,89489eace73ffff
16973996,0.5505,0.4569564935734589,5,89489e35383ffff
1698089,-0.1288,-0.18280725989094213,12,89489e3462bffff
1699415,0.696,0.6994651857517967,18,89489e3443bffff
16997691,0.5999,0.6295186671766171,10,89489e37327ffff
16999421,0.5772,0.5754423706301053,42,89489e3444bffff
17013307,0.7206,0.7286900453888907,55,89489e3550fffff
17023189,0.5334,0.543237580375038,20,89489e22003ffff
17031093,0.5743,0.5717188728420893,23,89489e3445bffff
1703216,0.556,0.5488522058148653,37,89489e3440bffff
1704436,0.5799,0.5786075407990688,53,89489e37163ffff
17046910,0.4268,0.2538647186519216,3,89489e35e1bffff
1704832,0.6981,0.7615941559557649,3,89489e34497ffff
1706466,0.7214,0.7615941559557649,6,89489e37103ffff
17103933,0.7062,0.7061985211208398,182,89489e35803ffff
17108048,0.074,0.7615941559557649,1,89489e346cbffff
17108315,0.3941,0.2538647186519216,3,89489e37377ffff
17125858,0.7616,0.7615941559557649,2,89489e35967ffff
17134518,0.6857,0.6817140514078058,7,894898d960bffff
17140752,-0.2397,-0.43519666054615136,7,89489e35517ffff
17153001,0.7533,0.9068921632394374,3,89489e3404bffff
1717090,0.4306,0.4947594040965673,6,89489e3405bffff
17173166,0.6281,0.6281390998169916,51,89489eadad3ffff
17178125,0.4456,0.0,1,89489e3445bffff
17179008,0.4907,0.4968260082615649,14,89489e3552bffff
1720604,0.6625,0.6663948864612943,8,89489e345a3ffff
17209248,0.6983,0.6983023949178729,23,89489e35bd3ffff
17211643,0.6627,0.6600247559663718,56,89489e371b3ffff
17219191,0.4659,0.4663101238345312,27,89489e3552bffff
17232532,0.5918,0.5901206353121475,61,89489eacb67ffff
17238326,0.2599,0.2876036226719303,6,89489e3736fffff
17239710,0.6059,0.6280557353758104,27,89489e3504fffff
17254260,0.0809,-0.7615941559557649,1,89489e37313ffff
17255053,-0.5886,-0.6258868323457276,52,89489e355b3ffff
17255736,-0.0485,-0.9640275800758169,1,89489e3510fffff
17257163,0.5278,0.35541060611269026,3,89489e365cbffff
1725964,0.4963,0.5077294373038432,6,89489e3733bffff
17263419,-0.1405,-0.30463766238230594,10,89489e355abffff
1728927,0.6423,0.7615941559557649,3,89489e3551bffff
1731755,0.7669,0.7615941559557649,3,89489e36297ffff
17319828,0.7445,0.7717158271617675,10,89489e35ca7ffff
17323446,0.5506,0.547395799593206,32,89489e3449bffff
1733137,0.7042,0.7073924592565892,45,89489e3447bffff
17331488,0.2473,0.24212256429869888,26,89489eaca77ffff
17343624,0.7281,0.7615941559557649,3,89489e356b3ffff
17358165,-0.5549,-0.5742226587852335,72,89489e373b3ffff
17361724,0.6746,0.7615941559557649,1,89489e34407ffff
17365159,0.6989,0.7066155207335271,37,89489e37163ffff
1736648,-0.7594,-0.775511455234254,57,89489e34673ffff
17369527,0.6062,0.8122025119857779,4,89489e26a67ffff
1737139,0.6812,0.68138347343523,80,89489e3443bffff
17385294,0.0448,-0.10879916513653784,7,89489e2733bffff
17386378,0.8122,0.8122025119857779,2,89489e3506fffff
17387404,0.7211,0.7214995493375312,170,89489e3710fffff
17388607,0.5849,0.5943033795026468,17,894898c8e9bffff
17388830,0.4875,0.8290719639957822,6,89489e354a7ffff
17416292,0.765,0.7615941559557649,6,89489e362afffff
17421057,0.6008,0.6790469754687976,16,89489e3558bffff
17429565,0.7212,0.7615941559557649,2,89489e35eafffff
17437940,-0.5839,-0.6100229783758172,35,89489e3464bffff
17443832,-0.3185,-0.2984743268830712,20,89489e34673ffff
17446923,0.6465,0.662537539371404,20,89489e22dc7ffff
17447748,-0.0884,-0.1903985389889412,8,89489e3558bffff
17462007,0.6374,0.7615941559557649,1,89489e3446bffff
17465421,0.7616,0.7615941559557649,1,89489e3583bffff
17478756,0.0363,0.7615941559557649,1,89489e37367ffff
17479289,0.1669,0.10879916513653784,7,89489e3405bffff
17480332,0.4844,0.7615941559557649,1,89489e35203ffff
17480569,0.7321,0.7320964046001905,167,894898c36c3ffff
174828,0.2313,0.2331550619172656,54,89489e35a83ffff
17498259,0.1646,-0.7615941559557649,1,89489e3733bffff
17498517,0.2495,0.20018258420816,17,89489e35513ffff
17500220,0.5644,0.7615941559557649,4,89489e36633ffff
17506283,0.6724,0.6779487677292059,34,89489e346b3ffff
17506366,0.6921,0.7615941559557649,1,89489e34433ffff
17508608,0.5345,0.5439958256826892,21,89489e22003ffff
17510305,0.2069,0.2538647186519216,3,89489e354b7ffff
17511653,0.7011,0.7022767610867975,36,89489e3686bffff
1751718,0.6486,0.6600482684949962,15,89489e34417ffff
17524998,0.6668,0.6679784239785457,38,89489e35073ffff
17532925,0.7646,0.7615941559557649,3,89489e2667bffff
17545365,0.6809,0.6903338840534711,57,89489e37327ffff
17545745,0.718,0.7615941559557649,12,89489e37373ffff
17545952,0.7616,0.7615941559557649,1,89489e356d7ffff
17547673,0.3131,0.7615941559557649,1,89489e342bbffff
1755240,-0.6309,-0.6414095774338058,30,89489e34647ffff
17557972,0.448,0.44221596152270215,31,89489e363dbffff
17559799,0.6854,0.7615941559557649,3,89489e34b7bffff
17566215,0.6773,0.8122025119857779,4,89489e35b4bffff
17573927,0.6145,0.7615941559557649,1,89489e3622fffff
17574920,0.7416,0.7415612544600759,122,894898c94c7ffff
17575563,0.7166,0.761594155955765,14,89489e3442bffff
17576092,-0.7841,-0.7840867586357706,9,894898c8adbffff
17586259,0.1716,0.21564317260286672,19,89489e34233ffff
17586715,0.6056,0.7615941559557649,4,89489e351b3ffff
17590487,0.4585,0.5179334023600315,20,89489e342afffff
17620198,0.6393,0.6735438301029997,15,89489e22003ffff
17623664,0.8083,0.8083095615219307,13,89489e2200bffff
17624098,0.2496,0.223400952413691,25,89489e22003ffff
17625534,0.7079,0.7056780827721936,20,89489eaca43ffff
17625957,0.5528,0.5669096757558345,18,89489e22003ffff
17634330,0.6771,0.7615941559557649,1,89489e35e97ffff
17642403,0.78,0.7799971945121332,11,89489e3436bffff
17648807,0.2165,0.21840208276463996,9,89489e346bbffff
17650728,0.2434,0.23154217943192545,75,89489e3730fffff
17655820,0.0493,0.05591607318357128,10,89489e3423bffff
17678915,0.7633,0.7953330599757735,9,89489e26a6fffff
17701228,0.7241,0.7241012494019541,29,89489e35ab3ffff
17713996,0.5075,0.5059559443889512,29,89489ead8afffff
17720511,0.7201,0.7185817919684023,13,89489e22013ffff
17736424,0.1949,0.15231883119115297,10,89489e37363ffff
17777978,0.3021,-0.1167302988654828,2,89489e35c43ffff
17794919,0.7477,0.748925316529456,129,894898c8e7bffff
17826920,0.7162,0.7273598254352109,49,89489e37377ffff
17876485,0.2006,0.0,4,89489e3645bffff
17895385,0.7126,0.8965497720357996,3,89489e35513ffff
17905837,0.6463,0.7615941559557649,1,89489e37317ffff
17907547,0.6479,0.6473481747415514,48,89489e37193ffff
1793471,0.5363,0.531745129028684,19,89489e34443ffff
17977048,0.6961,0.717288857152632,47,89489e35573ffff
17994877,-0.7074,-0.7615941559557649,1,89489e35587ffff
18005480,-0.7616,-0.7615941559557649,4,89489e34383ffff
1802053,0.2088,0.0,2,89489e3465bffff
18041548,0.7017,0.7036822119446156,110,89489e34393ffff
18054084,0.7163,0.7203205657122812,32,89489e351cfffff
1805494,0.6644,0.6760125295886454,19,89489e34473ffff
18060105,0.7652,0.7615941559557649,9,89489e3515bffff
18074684,-0.0665,-0.3263974954096135,7,89489e3730fffff
18076389,0.2958,0.30463766238230594,10,89489e27313ffff
18110012,0.526,0.4569564935734589,5,89489e37103ffff
18122977,0.4708,0.4543681204646059,33,89489e35e87ffff
18136117,0.8628,0.8628108680157909,2,89489e3595bffff
18137109,0.7093,0.7615941559557649,6,89489e3584fffff
1814899,0.6252,0.7615941559557649,2,89489e34297ffff
18161681,0.2301,0.14380181133596515,6,89489e3732fffff
18172832,0.5807,0.5533592515810406,10,89489e3712fffff
1822588,0.2223,0.24608269872755612,30,89489e35597ffff
18227140,-0.6331,-0.6431239539182014,45,89489e3766fffff
1825193,0.4266,0.40610125599288893,8,89489e366a7ffff
18255361,0.5229,0.5224514675734264,84,89489e37377ffff
18264271,0.7034,0.7615941559557649,5,89489e35ec7ffff
18269784,0.6412,0.639883582375568,68,89489e20d3bffff
18270230,-0.4259,-0.5077294373038432,33,89489e35567ffff
18275385,0.6774,0.6916990644763008,16,89489eade23ffff
18288929,0.2869,0.2691295193111112,30,89489e3426fffff
1830545,0.5833,0.5824834227168849,19,89489e35b73ffff
18326728,0.5772,0.5812165927030837,38,89489e3556bffff
18357021,0.7616,0.7615941559557649,5,89489e25157ffff
1836617,-0.7048,-0.7885852791717718,15,894898d914fffff
18394688,0.7616,0.7615941559557649,1,89489e36a47ffff
18405855,0.441,0.43060539864653796,27,89489e37377ffff
18407255,0.6611,0.7615941559557649,2,89489e3445bffff
18416466,0.4402,0.45695649357345886,15,89489e36287ffff
18431719,0.6718,0.761594155955765,7,89489e36643ffff
1843753,0.1726,-0.7615941559557649,1,89489e36253ffff
18459192,0.7074,0.7074169054557977,46,894898dab33ffff
18461003,0.3001,-0.7615941559557649,1,89489e35ca7ffff
18475693,0.7616,0.7615941559557649,1,89489e3534fffff
184853,0.7616,0.7615941559557649,3,89489e36267ffff
18488990,-0.0441,-0.2855978084834118,8,89489e3404bffff
18489403,-0.298,-0.2980151045044297,23,89489e341c7ffff
18489407,0.2097,0.15231883119115297,10,89489e37123ffff
18504283,-0.2868,-0.4771998359854641,10,89489e3465bffff
18508388,0.6825,0.6814263500656843,19,89489e22a97ffff
1850914,0.7616,0.7615941559557649,5,89489e36347ffff
18517366,0.4896,0.7615941559557649,1,89489e358dbffff
18547601,0.6634,0.6698540527395388,31,89489e34493ffff
18563602,0.7308,0.7349674544397785,21,894898caacbffff
18584106,0.4593,0.4506562323107173,73,89489e35c4bffff
18594935,-0.6307,-0.6531897843775524,47,89489e3464bffff
1860352,0.5376,0.5230962005085491,23,89489e3438bffff
18617668,-0.7234,-0.7372828197889948,23,89489eadb57ffff
18636277,0.6393,0.6379444516208516,23,89489e3716bffff
18650628,0.7129,0.7329811483225935,38,89489e37323ffff
18684918,0.5842,0.5944939807933117,48,89489e3736bffff
18686060,0.3808,0.3807970779778824,4,894898c167bffff
18720910,0.5834,0.5439958256826892,7,89489e3443bffff
18730475,0.1195,0.19280551601516338,5,894898cb30bffff
18737178,0.5282,0.5272574925847603,39,89489e3730fffff
1875121,0.6055,0.6190980993270386,121,89489e355b3ffff
18787574,0.3627,0.2538647186519216,1,89489e358dbffff
18793629,0.5022,0.5049493673291476,37,89489e22003ffff
18793942,0.5991,0.7615941559557649,1,89489e3422fffff
1880094,0.6928,0.695826953748532,146,89489e37373ffff
18806788,0.7616,0.7615941559557649,2,894898d9053ffff
18834915,0.6583,0.65829835645306,81,89489e35b5bffff
18857336,-0.1698,-0.16141504286579925,39,89489e3464bffff
18895377,0.7471,0.7468995003752307,21,89489e3543bffff
18925017,0.0586,-0.15231883119115297,5,89489e36e4fffff
1892933,0.4498,0.4406714868682215,20,894898cb313ffff
18936099,0.5572,0.5597470164724314,80,89489e34063ffff
18946299,0.7996,0.7615941559557649,1,89489e3637bffff
18949447,0.7616,0.7615941559557649,10,89489e34d8bffff
18962911,0.5578,0.7615941559557649,2,89489e3469bffff
19012398,0.6587,0.7615941559557649,11,89489e37397ffff
19016686,0.5853,0.6002573037414718,34,89489e3512bffff
19017960,-0.1612,-0.16118558201694677,44,894898c8ebbffff
19019801,0.7789,0.7615941559557649,2,894898d905bffff
19020738,0.6807,0.7615941559557649,3,89489e3404bffff
19030405,0.6984,0.6790469754687976,8,89489e3520fffff
19032678,0.6657,0.6785916210401862,41,89489e34063ffff
19035001,0.8242,0.8628108680157909,2,894898cb6dbffff
19038266,0.6732,0.6704337502099225,34,89489e35e37ffff
19046404,0.3978,0.7615941559557649,1,89489e34237ffff
19053626,0.7616,0.7615941559557649,1,89489e32833ffff
19069567,0.5739,0.7615941559557649,1,89489e3702fffff
19086489,0.654,0.6586139132586081,51,89489e35333ffff
19101673,0.7249,0.747873874889778,26,89489e3518fffff
19131961,0.6991,0.761594155955765,7,89489e376c3ffff
19132280,0.3604,0.21570271700394772,4,89489e376c3ffff
1913498,0.5409,0.6430965226348062,12,89489e355afffff
19138105,0.4046,0.7615941559557649,1,89489e35ebbffff
19139936,0.5705,0.5711956169668236,8,89489e36263ffff
19141267,0.7022,0.701559842874334,22,89489e35e83ffff
19143870,0.5501,0.4569564935734589,5,89489e365cfffff
19174182,0.7329,0.7615941559557649,1,89489e35397ffff
19179509,0.0245,0.0220055649260333,24,89489e350c7ffff
19181658,0.4722,0.47202471211585,27,89489e35567ffff
19205496,0.4775,0.47250930696273713,75,89489e35c47ffff
19219981,0.5582,0.5838477059743269,8,89489e34063ffff
19227768,0.3381,0.3807970779778824,4,89489e37397ffff
19228005,0.7741,0.7742462449632681,16,89489e34337ffff
19228353,0.5985,0.5964997949818301,16,89489e35e23ffff
19243254,0.3788,0.37030959449302175,55,89489e37377ffff
19271012,-0.0779,-0.08382848522398408,46,89489e34627ffff
1928538,0.3303,-0.7615941559557649,1,89489e35eafffff
1929377,0.5395,0.5030538650736733,11,89489e24c8bffff
19295842,0.5467,0.549504896675635,62,89489e3441bffff
19297733,0.6432,0.7107958910407081,26,89489e355b3ffff
19310237,0.5369,0.5077294373038432,6,89489e37107ffff
1934911,0.4662,0.43519666054615136,14,89489e350b7ffff
1935282,0.3855,0.37930859691817614,68,89489e3556bffff
19384587,0.4231,0.42310786441986936,9,89489e2218bffff
19386525,0.3637,0.32134252669193897,3,89489e363c3ffff
19390484,-0.043,-0.2538647186519216,3,89489e27103ffff
19466953,0.634,0.7615941559557649,1,89489e34417ffff
19473894,0.6712,0.7179804397866518,21,89489e36247ffff
19496305,0.7616,0.7615941559557649,8,894898caa0bffff
19496423,0.6469,0.6482131802911554,118,89489e3624bffff
19497035,0.6919,0.6942668662446712,123,89489e3624bffff
19498556,0.6533,0.7615941559557649,1,89489e31bd3ffff
19505687,0.7616,0.7615941559557649,4,89489e27397ffff
1953384,0.66,0.6599659746448105,12,894898c124bffff
19540952,0.7751,0.7750897175637683,15,89489e22907ffff
19546107,0.3629,0.3628916757348913,23,89489e37187ffff
19546546,0.6551,0.6600247559663718,28,89489e346b3ffff
19547270,0.5289,0.5266923135239705,91,89489e3624bffff
19547838,0.6307,0.6317558236990884,94,89489e3624bffff
195674,0.1264,-0.15231883119115297,5,89489e34473ffff
19572818,0.7616,0.7615941559557649,5,89489eac82bffff
19583356,0.8291,0.8290719639957822,3,89489e3704fffff
19609666,0.4472,0.4471671447483279,26,89489eacc5bffff
19662891,0.7114,0.7127201312555824,79,89489e34453ffff
19695459,0.5771,0.5715838390678272,31,89489e35183ffff
19712479,0.5114,0.5161641633088454,24,89489e3733bffff
19721357,0.3808,0.3807970779778824,4,89489e35153ffff
19758042,0.051,-0.9640275800758169,1,89489e275b7ffff
19766891,-0.03,-0.05077294373038432,45,89489e35227ffff
19789358,0.6719,0.6718247515482634,110,89489e30e3bffff
19805452,0.3792,0.18638691061190427,3,89489e351c3ffff
19812421,0.4475,0.7615941559557649,4,89489e3620bffff
19812784,0.6565,0.761594155955765,7,89489e3712bffff
19821280,0.6815,0.7615941559557649,8,89489e37117ffff
19840017,0.0502,-0.10879916513653784,7,89489e34007ffff
19840061,-0.0005,-0.3807970779778824,4,89489e3442bffff
19862947,0.2661,0.1903985389889412,8,89489e22003ffff
19863514,0.2545,0.2316721292324249,32,89489e3732bffff
19875868,0.5007,0.49530053981531447,53,89489e3428fffff
19892325,-0.5619,-0.5766179408271822,56,89489e34653ffff
19908226,0.7616,0.7615941559557649,6,89489e36557ffff
19949360,0.4993,0.35508143071194764,2,89489e37107ffff
19952574,0.5585,0.7615941559557649,2,89489e20d2bffff
19962072,0.0,0.0,5,894898c9403ffff
19966750,0.7065,0.8628108680157909,2,89489e22987ffff
19994783,0.5929,0.6038599403081564,47,89489e34007ffff
20010784,0.5585,0.7615941559557649,2,89489e20d2bffff
20027827,-0.5788,-0.6854347403601884,20,89489e355afffff
20030072,0.662,0.6631804305530524,96,89489e34687ffff
20033689,0.6474,0.652794990819227,28,89489e34493ffff
20036438,0.5405,0.5314195808854505,35,89489e27483ffff
20036674,0.6445,0.6444258242702626,26,89489e2748bffff
20075196,0.0,0.0,1,894898d916fffff
20095230,0.2992,0.2899277446274613,26,89489e3545bffff
2010358,0.7155,0.7158702915640696,70,89489e3400bffff
20122299,0.7055,0.7068956967492146,118,89489e35e87ffff
20148978,-0.7616,-0.7615941559557649,1,89489e345dbffff
20150256,0.7042,0.7185817919684023,26,89489e3716fffff
20153781,0.7616,0.7615941559557649,2,89489eac3abffff
20171877,-0.6225,-0.6567075321722279,44,89489e373bbffff
20172684,0.6593,0.7615941559557649,4,89489e3551bffff
20194856,0.6877,0.6988359107122615,51,89489e35507ffff
20196659,0.3171,0.0,2,89489e35c53ffff
202187,0.6699,0.6710733485400592,231,89489e37167ffff
20220399,0.1051,0.0,14,89489e37127ffff
20265582,0.5701,0.5655932283172442,71,894898c8e47ffff
20269925,0.6842,0.9640275800758169,1,894898d9cd7ffff
20281822,0.5447,0.5711956169668236,8,89489e35567ffff
20303018,0.202,0.1650943609739347,8,89489e37393ffff
20319737,0.0469,-0.2538647186519216,6,89489e37137ffff
20351755,0.4339,0.42310786441986936,36,89489e364cbffff
20353321,-0.233,-0.21767581486250526,9,89489e3464bffff
20363722,0.7932,0.7984002330685016,66,894898c8e47ffff
20394484,0.3806,0.35150499505650684,26,894898caacfffff
20396222,0.5214,0.7615941559557649,3,89489e37397ffff
20406990,0.7433,0.7750897175637683,15,89489e3449bffff
20422907,0.7042,0.7041700303996137,23,894898d957bffff
20424715,0.2827,0.2538647186519216,3,89489e3542fffff
20424830,0.7227,0.7291644007088866,22,89489e34453ffff
20425149,0.0825,0.0716553662101164,47,89489e3544bffff
20455620,0.7004,0.7615941559557649,5,89489e35c8fffff
20460741,0.5523,0.6018339468598468,7,89489e3427bffff
20479515,0.4664,0.0,1,89489e22c2bffff
20482650,0.823,0.822958526203481,17,894898da063ffff
2048537,0.366,0.3934491669853857,16,89489e34057ffff
2049254,0.1061,0.10713599711666205,45,89489e343c3ffff
20523873,0.7481,0.747873874889778,26,89489e35d67ffff
20537657,0.4321,0.2538647186519216,3,89489e350a3ffff
20538021,0.6434,0.7615941559557649,2,894898ca8c7ffff
20541331,0.6941,0.7615941559557649,1,89489e3712fffff
2056845,0.1364,-0.32134252669193897,3,89489e3445bffff
20587024,0.5375,0.5423995197718445,19,89489e3442bffff
20602342,0.2036,0.0943396348422484,7,89489e37323ffff
20607756,0.6326,0.6326213845377084,10,89489e24183ffff
20641339,0.241,0.23694040407512687,45,89489e3405bffff
20647325,0.6854,0.7615941559557649,1,89489e35b43ffff
20650208,0.7287,0.7287023482007229,17,89489e35b4fffff
20652492,0.7685,0.7615941559557649,5,89489e251dbffff
20654452,0.5533,0.5272574925847603,13,894898caac3ffff
20677979,0.7264,0.7615941559557649,6,89489e3447bffff
20693118,0.7088,0.7087639604441057,25,89489e3516bffff
20703219,0.5819,0.561286525085833,18,89489eacb8bffff
207054,0.3062,0.35746785789396507,25,89489e373bbffff
20730656,0.4595,0.5362480712270916,16,89489e3727bffff
20743135,0.5827,0.7615941559557649,1,89489e35d57ffff
20784275,0.6855,0.6916990644763008,16,89489e3601bffff
20786738,0.7082,0.7211691807837839,88,89489e355bbffff
20794343,0.7565,0.7707956752339491,22,89489e3404fffff
20801999,0.6836,0.6852373998909029,157,89489e3428fffff
20817466,-0.0115,-0.012397037495991303,80,89489e34627ffff
20826811,0.6502,0.6719948434903807,17,89489e37133ffff
20829166,0.5761,0.8965497720357996,3,89489e371b7ffff
20834075,0.6476,0.7615941559557649,4,89489e3562fffff
20847670,0.3984,0.7615941559557649,1,89489e35c6bffff
20871331,0.5331,0.5077294373038432,6,89489e2708bffff
20871514,0.7616,0.7615941559557649,2,894898cb223ffff
20872203,0.5729,0.572914886271268,7,89489e343bbffff
20882883,0.7621,0.7707956752339491,22,89489e3710fffff
20883334,-0.7616,-0.7615941559557649,1,89489e24503ffff
20886470,0.5487,0.5964997949818301,8,89489e34007ffff
208897,0.6562,0.6645282341182654,34,89489e3542bffff
20890370,0.6046,0.7615941559557649,1,89489e344afffff
20890377,0.1855,-0.3807970779778824,2,89489e358c7ffff
20890503,0.2629,0.2629166127479501,11,894898cb663ffff
20913527,0.6706,0.6723468859023396,33,89489e3404fffff
20929723,0.5545,0.4569564935734589,5,89489e36343ffff
20932887,0.7203,0.7225421712149165,69,89489e35c4bffff
20933380,0.1904,0.7615941559557649,1,89489e26d77ffff
20945127,0.7123,0.7615941559557649,2,89489e34403ffff
20950201,-0.1699,-0.7615941559557649,1,89489e3423bffff
20956567,0.59,0.6415255297929032,11,89489e37123ffff
20957794,0.778,0.7760536862500543,7,89489e36ad7ffff
20969599,0.7616,0.7615941559557649,1,89489e36423ffff
2098455,0.4535,0.4468348223674563,20,89489e3732bffff
20994703,0.7379,0.7615941559557649,10,89489e37047ffff
20996306,0.3046,0.4569564935734589,5,89489e354afffff
21004527,0.3721,0.7615941559557649,2,89489e37033ffff
21012798,0.5992,0.7615941559557649,3,89489e3627bffff
21021951,0.7616,0.7615941559557649,1,89489e262c7ffff
21026388,0.6197,0.6199466724708896,131,89489e350a3ffff
21053193,0.5903,0.5791388876798297,27,89489e35467ffff
21066752,0.6817,0.6817140514078058,49,894898c8ea3ffff
21069049,0.765,0.7891987137903175,11,89489e3511bffff
21069221,0.7616,0.7615941559557649,3,894898d9223ffff
210834,0.7097,0.7615941559557649,4,89489e346d7ffff
21092592,0.0125,0.0,24,89489e37033ffff
21093131,0.5746,0.5711956169668236,4,89489e3717bffff
21094663,-0.1948,-0.3263974954096135,7,89489e37033ffff
21095942,0.7373,0.7382124375279165,87,89489e274abffff
21098269,0.3725,0.5077294373038432,9,89489e355d3ffff
21107728,0.5967,0.5632751994084084,7,89489e26633ffff
21111228,0.4666,0.4388115431197237,14,89489e3446bffff
21111278,0.7317,0.7615941559557649,1,89489e37147ffff
21111497,0.6459,0.6450866873805071,92,894898c802bffff
21123796,0.6561,0.7615941559557649,2,89489e35b0fffff
21127046,0.6829,0.7615941559557649,1,89489e37193ffff
21128602,0.6082,0.5867278595178157,12,89489e375b7ffff
21133759,0.7299,0.7615941559557649,1,89489e36677ffff
21142674,0.7048,0.7615941559557649,9,89489e37377ffff
21148947,-0.5132,-0.5858416584275115,26,89489e36063ffff
21150134,0.5667,0.5699028180663689,24,89489e355cfffff
21152440,0.509,0.5094192254161991,71,89489e3732bffff
21152981,0.6712,0.7615941559557649,1,89489e37103ffff
21153296,0.6391,0.614843612867823,9,89489e274abffff
21154279,0.2297,0.22655076244331027,26,89489e372d7ffff
21162912,0.6764,0.7615941559557649,5,89489e37377ffff
21163397,-0.1524,-0.20058753593952888,30,89489e355bbffff
21173708,0.6383,0.7615941559557649,1,89489e34423ffff
21175064,0.6623,0.8628108680157909,2,89489e35513ffff
21182850,0.6767,0.7615941559557649,1,89489e37137ffff
21184376,0.4034,0.9640275800758169,1,89489e35517ffff
21201436,-0.0658,0.7615941559557649,2,89489eadb57ffff
21206542,0.7616,0.7615941559557649,9,89489e372a7ffff
21213911,0.739,0.7868983339707714,4,89489e3443bffff
21216827,0.6808,0.8425675256037856,5,89489e3712bffff
21218304,0.6744,0.7615941559557649,4,89489e35577ffff
21218569,0.495,0.7615941559557649,1,89489e363c3ffff
21219412,0.1352,0.12495423261319659,26,89489e35443ffff
21224597,0.7616,0.7615941559557649,2,89489e34227ffff
21231281,0.7227,0.724316773833384,90,89489e34453ffff
21244188,0.6906,0.7615941559557649,2,89489e3634bffff
21245882,0.6215,0.5964997949818301,8,89489eac86fffff
2124726,0.5056,0.5077294373038432,9,89489e35507ffff
21249974,0.4375,0.2538647186519216,3,89489e344bbffff
21251281,0.7031,0.7615941559557649,2,89489e344b3ffff
21264411,0.1683,0.14219715998515037,20,89489e3666fffff
21267034,0.2558,0.7615941559557649,1,89489e3462bffff
21267121,0.2558,0.7615941559557649,1,89489e3462bffff
21274494,0.6064,0.6060402953938236,32,894898d902fffff
21278067,0.4048,0.3807970779778824,4,89489e3504bffff
21278706,0.7333,0.7615941559557649,9,89489e37137ffff
21280278,0.7113,0.7121884072655341,61,89489e35897ffff
21290088,0.6761,0.6749872780677991,61,89489e35dd3ffff
21290100,0.585,0.5855022622652672,47,89489e35b23ffff
21292446,0.6468,0.6473550325624001,20,89489e3624fffff
21295435,0.5007,0.4164698087494485,5,89489e37103ffff
2130032,0.7045,0.761594155955765,7,89489e3519bffff
21315415,0.3475,0.2602936304684053,8,89489e3716fffff
21352178,0.7616,0.7615941559557649,1,89489e25097ffff
21360822,0.5725,0.5711323678454719,55,89489e34493ffff
21366577,0.3046,0.30463766238230594,10,89489eacd9bffff
21371195,0.7779,0.8290719639957822,6,89489e2419bffff
21380098,0.7722,0.7722485466989255,19,89489e20103ffff
21383010,0.1269,0.2538647186519216,3,894898d8033ffff
21383011,-0.7506,-0.7615941559557649,13,894898d9567ffff
2138690,0.6093,0.5923510101878171,9,89489e24c13ffff
2138750,0.3146,-0.7615941559557649,1,89489e24c8bffff
2139352,0.4897,0.7615941559557649,1,89489e3737bffff
21428621,0.0413,-0.8628108680157909,2,89489e3668bffff
21428764,-0.0993,0.2538647186519216,3,89489e34673ffff
21435388,0.6435,0.6599976261256513,13,89489e3416bffff
21437139,0.5811,0.5824834227168849,19,89489e3416bffff
21438820,0.7046,0.7615941559557649,5,89489e346b3ffff
21549405,0.6615,0.7615941559557649,2,89489e2705bffff
21561353,0.7,0.7615941559557649,1,89489e34403ffff
21592169,-0.4042,-0.7615941559557649,1,89489e346cfffff
21619991,0.6795,0.7799971945121332,11,89489e358d3ffff
21622623,0.2058,0.2298490269270809,19,89489e3724fffff
21622665,0.2462,-0.7615941559557649,1,89489e37167ffff
21665490,0.2539,0.2538647186519216,3,894898ca0afffff
21696485,-0.082,-0.08198956837716784,23,894898dabbbffff
21699318,0.2295,0.3807970779778824,4,89489e35083ffff
21708147,0.7018,0.7693800568834591,26,89489e36063ffff
21729941,0.6246,0.7615941559557649,1,89489e32b37ffff
2174970,-0.5683,-0.58036752590982,72,89489e3464bffff
21798486,0.6713,0.7615941559557649,5,89489e36273ffff
21836513,0.632,0.6473550325624001,20,89489e24033ffff
21838336,0.6965,0.7615941559557649,2,89489eadd0bffff
21851805,0.516,0.47599634747235303,8,89489e35aa7ffff
21869480,0.2679,-0.7615941559557649,1,89489e37253ffff
21871311,0.1261,0.11375136476551628,31,89489e3544bffff
21881708,0.1867,0.0,2,89489e358d3ffff
21881807,0.3984,0.7615941559557649,1,89489e35c6bffff
2189386,-0.7616,-0.7615941559557649,1,89489e34623ffff
219168,0.6666,0.7615941559557649,2,89489e37163ffff
21925063,0.6932,0.681121367865804,12,89489eacb13ffff
21931186,0.7722,0.8628108680157909,4,89489e37173ffff
21931663,0.4813,0.6092753247646119,10,89489e37023ffff
21934497,0.631,0.7615941559557649,3,89489e355c7ffff
21938635,0.5512,0.4569564935734589,5,89489eadc13ffff
21950186,0.2295,0.10711417556397966,9,89489e34493ffff
21963671,0.7579,0.7583785108459971,65,89489e358bbffff
21976448,0.7379,0.7615941559557649,5,89489e3710fffff
21983036,0.6373,0.7615941559557649,3,89489e34447ffff
21983210,0.4022,0.398642633249235,47,89489e37323ffff
2198635,0.6415,0.6415255297929032,22,89489e35973ffff
22010350,0.524,0.3301887219478694,2,89489eadd0bffff
2208270,0.6281,0.6251212962178105,32,89489e3510bffff
22084054,0.3807,0.3930808546868464,31,89489e3544bffff
22084100,-0.0852,-0.08763887091598335,11,89489e34267ffff
22089645,0.6296,0.9640275800758169,1,89489e34483ffff
22119637,0.3121,0.2808558418679285,15,89489e22003ffff
22123171,0.3367,0.3311278938938108,23,89489e3545bffff
22125374,0.5599,0.7615941559557649,1,89489e344cfffff
22159043,0.3905,0.43140543400789544,4,89489e35883ffff
22163729,0.232,0.22990273946446094,30,89489e3544bffff
22179139,0.2322,0.0,3,89489e35123ffff
22181357,0.5285,0.5364057201470555,46,89489e355abffff
22192996,-0.1773,-0.20305062799644447,16,89489e34643ffff
22193912,0.7137,0.7184776083672957,72,894898d8417ffff
22194552,0.755,0.7840867586357706,9,89489eadebbffff
22227442,0.3046,0.30463766238230594,5,89489e35d73ffff
2223634,0.6584,0.6584101803470557,64,89489e37177ffff
22241805,0.7358,0.7361136339760748,28,89489eacb8fffff
22247580,0.6626,0.7615941559557649,6,89489e3426fffff
22266927,0.6592,0.6796021181600922,45,89489e350dbffff
22293429,0.1097,-0.2538647186519216,3,89489e3733bffff
222986,0.0787,-0.06212897020396809,9,89489e37327ffff
22304248,0.6476,0.7615941559557649,1,89489e346b3ffff
22309638,0.1775,-0.7615941559557649,1,89489e35a33ffff
2231056,0.7412,0.7679202004595165,32,89489e34413ffff
22328612,0.6479,0.7615941559557649,3,89489e37377ffff
22361123,0.6629,0.666588997511796,62,89489e366b7ffff
22408939,-0.2559,-0.37356731283073774,14,89489e35503ffff
22417324,0.3171,0.35098218191367647,27,89489e34627ffff
22437523,0.6524,0.6528252750413496,131,89489e36ad3ffff
22439136,0.5669,0.5077294373038432,6,894898d9203ffff
22451703,0.5927,0.5722896974332883,11,89489eadebbffff
224603,0.629,0.6358079761661003,21,89489e35c43ffff
22461983,-0.3824,-0.5379298632214797,5,89489e22d33ffff
22468288,0.7715,0.7835244435687705,40,894898c8383ffff
22471766,0.644,0.6462011020230732,66,89489e3428fffff
22477918,0.0857,0.07063719646829802,43,89489e3405bffff
22479594,0.7616,0.7615941559557649,2,894898cad4bffff
22481500,-0.4165,-0.4164698087494485,5,894898d953bffff
22482998,-0.3676,-0.5584553559769786,14,89489e3551bffff
2248559,0.6787,0.677744450010212,43,89489e27137ffff
22496776,0.6395,0.6385612154325325,18,89489e37663ffff
2250253,0.6473,0.7615941559557649,1,89489e358d7ffff
22517059,0.7616,0.7615941559557649,2,89489e3657bffff
22542674,0.7283,0.761594155955765,14,89489e3550fffff
22546693,0.645,0.650728922964401,60,89489e3710bffff
2254712,0.2605,0.25227358154366963,39,89489e343d7ffff
22561297,0.6466,0.6455819022984054,74,894898c802bffff
22564957,-0.1377,-0.20305062799644447,8,89489e34657ffff
22588422,-0.4491,-0.49146892829409056,50,89489e37337ffff
22588695,0.7616,0.7615941559557649,2,89489e366cbffff
22613307,0.0952,-0.7615941559557649,1,89489e35b33ffff
22613517,0.7889,0.7953330599757735,6,89489e37403ffff
22630568,0.6712,0.7615941559557649,1,89489e37103ffff
22654712,0.4806,0.7615941559557649,2,89489e35503ffff
22668715,0.6866,0.6948346012240401,37,89489e3449bffff
22673073,0.6803,0.7615941559557649,2,89489e3669bffff
22682290,0.1705,0.2538647186519216,3,89489e3462bffff
22682496,0.2558,0.7615941559557649,1,89489e3462bffff
22687071,0.6517,0.6555483014448583,57,89489e3717bffff
22687970,0.396,0.0,2,89489e35037ffff
22688708,0.7279,0.7615941559557649,3,89489e35eafffff
22705362,0.7616,0.7615941559557649,1,89489e266cfffff
22716452,0.7616,0.7615941559557649,8,89489e34c43ffff
22723442,0.6473,0.7615941559557649,1,89489e358d7ffff
2273233,0.6747,0.7107114870917997,18,89489e37323ffff
22733454,0.7616,0.7615941559557649,1,89489e35b87ffff
227372,-0.0197,-0.0658761013786953,28,89489e3712bffff
22741340,-0.1708,-0.11886757189165109,2,89489e37367ffff
22744926,0.2224,0.1377182257251167,7,89489e3736bffff
22748219,0.7012,0.7016840775447957,56,894898d824bffff
22751134,0.4314,0.3807970779778824,4,89489e36407ffff
22751349,0.2178,0.7615941559557649,1,89489e34657ffff
22767264,0.7246,0.8020808407797752,5,89489e37107ffff
22768666,-0.7616,-0.7615941559557649,1,89489e3517bffff
2277691,0.68,0.7615941559557649,1,89489e3601bffff
22791533,0.355,0.7615941559557649,1,89489e34057ffff
22805603,0.7773,0.7919591695737727,20,89489e34403ffff
22807222,0.5292,0.5316419505534795,34,89489e37327ffff
22813153,0.6827,0.6854347403601884,40,89489e27483ffff
22814799,0.2741,0.26490231511504864,23,89489e370bbffff
2282208,0.1803,0.033738904020008675,6,89489e3733bffff
22828,0.5921,0.6042144891616106,20,89489e3702fffff
22830974,0.2596,0.0,1,89489e37037ffff
22831766,0.7175,0.7615941559557649,5,89489e3668bffff
22842543,0.66,0.6587208009073741,38,89489e3511bffff
22842952,0.3977,0.39766652998788676,12,89489e25503ffff
22843720,0.4679,0.4771998359854641,10,89489e3627bffff
22867195,-0.1699,-0.7615941559557649,1,89489e3423bffff
22869183,-0.0663,-0.15231883119115297,15,89489e35573ffff
22902780,-0.4149,-0.5495037232699547,17,89489e3465bffff
2292322,0.5205,0.5217450025568651,47,89489e37327ffff
22938571,0.1457,0.15231883119115297,5,89489e3557bffff
22946072,0.6247,0.634661796629804,12,89489e3402fffff
22970319,0.4512,0.44483634740901096,21,89489e3562fffff
22971555,0.5211,0.7615941559557649,2,89489e354abffff
22978720,0.382,0.22012581463191294,3,89489e371a7ffff
22999540,0.6045,0.6366676108183226,24,89489e342b7ffff
23002083,0.3892,0.3920445057018443,61,89489e35c8bffff
23005979,0.2894,-0.7615941559557649,1,89489e371d7ffff
23006316,0.6951,0.7083407529237922,21,89489e3444bffff
23019627,0.7129,0.7273598254352109,49,89489e351c7ffff
23019704,0.4163,0.2538647186519216,3,89489e22d93ffff
23019982,0.348,0.7615941559557649,1,89489e3407bffff
23024175,0.3888,0.3807970779778824,8,89489e2500fffff
23038138,0.5238,0.5238666237214028,78,89489e3551bffff
23039068,-0.3685,-0.3890954738272355,38,89489e34233ffff
23040806,0.5867,0.5439958256826892,7,89489e35eb3ffff
23054173,0.7466,0.7615941559557649,1,89489eacb13ffff
23059459,0.577,0.6113634328033161,24,89489e3405bffff
23072312,0.6009,0.6092753247646119,10,89489e3550fffff
23079589,0.8021,0.8020808407797752,5,894898d9c13ffff
23080224,0.4356,0.43519666054615136,7,89489e35403ffff
23088398,0.457,0.4780340927861854,29,89489e3544bffff
23088541,0.6133,0.6600482684949962,15,89489e3545bffff
23088792,0.6884,0.9640275800758169,1,89489e3434fffff
23090195,0.4803,0.4768495884430197,47,89489e34297ffff
23091683,0.4133,0.4027416092143512,56,89489e350a3ffff
2310024,0.3304,0.7615941559557649,4,89489e355b7ffff
23106397,0.3064,0.9640275800758169,1,89489e3462bffff
23120071,-0.4419,-0.6295186671766171,10,89489e3558bffff
23121094,0.2558,0.7615941559557649,1,89489e3462bffff
23121260,0.6105,0.6070377329163367,47,894898c8e07ffff
23121514,0.4795,0.7615941559557649,2,89489e3550bffff
23124821,0.4034,0.3807970779778824,22,89489e353cbffff
23128066,0.7215,0.7287023482007229,34,89489e35c5bffff
23139922,0.3002,0.48201379003790845,4,89489e355b3ffff
23150008,0.7616,0.7615941559557649,21,89489e35a0fffff
2315963,0.688,0.761594155955765,14,89489e370bbffff
23165714,0.5886,0.7615941559557649,2,89489e3733bffff
23166561,0.6706,0.761594155955765,7,89489e37323ffff
23166868,-0.4023,-0.40230325997156374,13,894898d995bffff
2318394,0.7388,0.7423908996408959,61,89489e22d47ffff
23216551,0.7468,0.7489627344373344,38,89489e34c4bffff
2322667,0.8021,0.8020808407797752,5,894898d8ca3ffff
23238849,-0.0238,-0.0351642287053843,64,89489e34057ffff
23247128,0.7616,0.761594155955765,7,894898d924fffff
23253977,0.244,-0.2538647186519216,2,89489e372abffff
23257141,0.712,0.7133904866379241,90,89489e34433ffff
23257468,0.544,0.5439958256826892,7,894898d9557ffff
23258461,-0.0125,-0.015255370533320852,74,89489e35057ffff
23273225,0.7377,0.7615941559557649,2,89489e37147ffff
23288490,0.2342,0.10879916513653784,7,89489e37133ffff
23302655,0.6865,0.7615941559557649,2,89489e35b93ffff
23304367,0.1736,0.17355820973895073,68,89489e370a3ffff
23304839,0.5206,0.7615941559557649,1,89489e35623ffff
23306982,0.6033,0.5923510101878171,9,89489e355cbffff
23319078,0.5574,0.9640275800758169,1,89489e3469bffff
23320176,0.7184,0.7185817919684024,91,89489e371b3ffff
23326070,0.3778,0.3949006734585448,27,89489e35443ffff
23326212,0.2223,0.21876486151561594,26,89489e3544bffff
23328526,0.8375,0.9640275800758169,1,89489e22dd3ffff
23329976,0.5311,0.7615941559557649,3,89489e37393ffff
23342054,0.7468,0.7615941559557649,17,89489e35cd3ffff
23354827,0.7475,0.7615941559557649,9,89489e365cfffff
23355247,0.6859,0.7615941559557649,3,89489e350a3ffff
23361777,0.7616,0.7615941559557649,11,89489eadeafffff
2336368,0.3148,0.31131811662571973,33,89489e35433ffff
2336937,0.6609,0.6415255297929032,11,89489e22d0bffff
23374656,0.7567,0.7615941559557647,23,89489e37157ffff
23375683,0.7386,0.7868983339707714,8,89489e346b3ffff
233930,0.6594,0.6572415086229431,37,89489e35ccbffff
23394896,0.6584,0.7615941559557649,4,89489e36273ffff
23400546,-0.4289,-0.5439958256826892,7,89489e3629bffff
23412318,0.7401,0.7615941559557649,1,89489e34387ffff
23412671,0.6467,0.6599976261256513,13,89489e22d57ffff
23414362,-0.1904,-0.7615941559557649,1,89489e373dbffff
23420686,0.66,0.6600482684949962,15,89489e27637ffff
23438631,0.4526,0.7615941559557649,1,89489e36207ffff
23440099,0.6245,0.7615941559557649,1,89489e22d93ffff
23452161,0.6403,0.7056780827721936,20,89489e3736fffff
23456152,0.638,0.7615941559557649,4,89489e3733bffff
23468465,0.6833,0.6874862149245292,114,89489e3551bffff
23469417,0.2176,-0.7615941559557649,1,89489e3766bffff
23481891,0.5647,0.5674077881472132,91,89489e35207ffff
2349447,0.3961,0.38853329977912515,43,89489e371a3ffff
23494517,0.6383,0.7615941559557649,4,89489e35567ffff
23496157,0.6488,0.6635271490694543,58,89489e35573ffff
23505794,0.2864,0.2851849326468944,46,89489e355d7ffff
23518914,0.627,0.7615941559557649,1,89489e37167ffff
2352061,0.0439,-0.7615941559557649,1,89489e35533ffff
2352384,0.6965,0.6916990644763008,16,89489e37147ffff
23539929,0.6676,0.7615941559557649,1,89489e3589bffff
23540097,0.457,0.4569564935734589,5,89489e35e47ffff
23542067,0.4813,0.5077294373038432,6,89489e350b3ffff
23546324,0.7407,0.7615941559557649,3,89489e34047ffff
23547218,0.6968,0.7615941559557649,1,89489e3443bffff
23547997,0.2079,0.2538647186519216,3,89489e3739bffff
23549508,-0.1299,-0.3553165559981924,7,89489e35117ffff
23561095,0.3023,0.0,2,89489e371a3ffff
23564286,0.6132,0.620941515563817,39,89489e37113ffff
23564752,0.2699,0.2538647186519216,3,89489e3741bffff
23567682,0.5712,0.5711956169668236,8,89489ead8dbffff
2357048,0.2157,-0.7615941559557649,1,89489e371d3ffff
2357311,0.7169,0.7168718118594559,36,89489e34e43ffff
23573899,0.0791,-0.7615941559557649,1,89489e3430bffff
23576003,0.1184,0.1163902038988937,41,894898cb397ffff
23579624,0.6366,0.6397390910028424,25,89489e350a3ffff
23580084,-0.0749,-0.06841149644489095,26,89489e3708fffff
23591275,0.6929,0.7615941559557649,4,89489e37387ffff
23596047,-0.6547,-0.7391943278394189,34,89489e3405bffff
23596373,0.731,0.7615941559557649,9,89489e35163ffff
23609897,0.6433,0.7615941559557649,6,89489e355abffff
23611635,0.5875,0.9640275800758169,1,89489e35cdbffff
23614299,0.6334,0.5964997949818301,8,89489e35cafffff
23614870,0.4237,0.3807970779778824,4,89489e372cfffff
23615500,0.1048,0.0,1,89489e3701bffff
23625540,0.4394,0.44848062064336397,48,89489e35503ffff
23626200,0.448,0.7615941559557649,1,89489e36247ffff
23626750,0.4158,0.4338180327140583,11,89489e36207ffff
23627870,0.5611,0.7615941559557649,2,89489e35177ffff
23629432,0.3046,0.0,2,89489ead86bffff
23631978,0.7118,0.7107114870917997,18,894898d8543ffff
23632717,0.7616,0.7615941559557649,2,89489e20187ffff
23644254,-0.0313,-0.07190090566798257,24,89489e35503ffff
23649841,0.3894,0.5077294373038432,6,89489e372afffff
23661244,0.6868,0.8020808407797752,10,89489e3405bffff
23682481,0.6633,0.6634737642360014,59,89489e35c33ffff
23683402,0.768,0.7724184537005194,65,89489e3712fffff
23696016,0.6811,0.695556411566191,10,894898caacfffff
23699374,0.581,0.7615941559557649,1,89489e36273ffff
23701815,0.461,0.7615941559557649,1,89489e273d7ffff
23702129,0.1269,-0.7615941559557649,1,89489e27423ffff
23712229,0.1621,0.06212897020396809,9,89489e3552bffff
23716670,0.5903,0.7615941559557649,1,89489e353c3ffff
23728846,0.248,0.18638691061190427,3,89489e35093ffff
23732864,0.6553,0.6916990644763008,16,89489e3500bffff
23747098,0.7616,0.7615941559557649,1,89489e24ea3ffff
23751956,0.7412,0.741916104567085,69,89489e35cc7ffff
23768043,0.0,0.7615941559557649,1,89489e36217ffff
23789371,0.2632,-0.7615941559557649,1,89489e3584fffff
23799806,0.7205,0.7615941559557649,3,89489e34403ffff
23807370,-0.0977,-0.5077294373038432,3,89489e35533ffff
23822379,0.495,0.7615941559557649,1,89489e363c3ffff
2384420,0.5712,0.7615941559557649,1,89489e27613ffff
23860926,0.2287,0.2167234318411705,52,89489e35403ffff
2386534,0.2926,0.16067126334596948,6,89489e35b9bffff
238657,0.7657,0.7766689854115134,47,89489e3445bffff
2390894,0.0937,0.0943396348422484,28,89489e344c7ffff
23961677,0.7966,0.809039489733902,32,894898c8e07ffff
23963513,0.3808,0.3807970779778824,16,89489e274b3ffff
2396602,0.6755,0.6886725354505595,39,89489e371a3ffff
23995750,-0.3109,-0.3807970779778824,4,89489e349c3ffff
23995778,-0.7616,-0.7615941559557649,2,89489e35e7bffff
24017011,0.4104,0.7615941559557649,1,89489e35503ffff
24044028,0.3666,0.0,2,89489e37253ffff
240541,0.6503,0.65577800230309,84,89489e3732bffff
24061411,0.4296,0.42899845698167327,40,89489eac877ffff
24064713,0.2558,0.7615941559557649,1,89489e3462bffff
2406879,0.7616,0.7615941559557649,9,894898caec7ffff
2406891,0.641,0.6415255297929032,11,89489e35163ffff
24078800,0.7625,0.8122025119857779,4,89489e2700fffff
24085182,0.0124,-0.03259982169409918,32,89489e35cc3ffff
24121174,0.7616,0.7615941559557649,8,894898ca2cfffff
24122207,0.347,0.3272399901958926,9,89489e25023ffff
24130271,0.5945,0.6231224912365348,11,89489e34063ffff
24159699,0.7097,0.7397872978712083,21,89489e35507ffff
24162503,0.2033,-0.2876036226719303,3,89489e35eafffff
2417854,0.6631,0.7615941559557649,4,89489e35b17ffff
24179296,0.7259,0.7289108445436147,52,89489e24c8bffff
2418647,0.6729,0.6716764775171927,26,89489e35c3bffff
24240282,0.8291,0.8290719639957822,3,89489e34ec7ffff
24248077,0.457,0.3807970779778824,2,89489e34a37ffff
24261601,0.2747,0.7615941559557649,1,89489e37033ffff
24263874,0.674,0.695556411566191,20,89489e3710bffff
24266301,0.677,0.7615941559557649,3,89489e353d3ffff
2426905,-0.6128,-0.619342133403824,30,89489e3460bffff
2431123,0.5342,0.7615941559557649,1,89489e37323ffff
2432292,0.72,0.8122025119857779,4,89489e34487ffff
24331140,0.3063,0.2538647186519216,6,89489e3712bffff
24331719,0.5649,0.7615941559557649,1,89489e35e17ffff
24336209,0.5258,0.7615941559557649,1,89489e22c5bffff
24379201,0.7472,0.7766249842954551,29,89489e372dbffff
24386030,0.7616,0.7615941559557649,3,89489e26a63ffff
24407709,0.6047,0.6193969959706145,20,89489e35aafffff
2442377,0.7953,0.7953330599757735,12,89489e26297ffff
24488979,0.4681,0.7615941559557649,1,89489e26637ffff
24492464,0.6435,0.6419877012486135,59,89489e24c8bffff
24492647,0.1864,0.18638691061190427,3,89489e364d3ffff
2452800,0.5634,0.5689265892668882,34,89489e355c7ffff
2453663,0.5635,0.7615941559557649,1,89489e372c3ffff
2453713,0.7616,0.7615941559557649,1,89489e36553ffff
24608111,0.6295,0.6358079761661003,21,89489e3664fffff
24614680,-0.0908,-0.15231883119115297,10,89489e3186fffff
24627763,0.7021,0.7082732674237884,81,89489e34297ffff
24642622,0.709,0.7305296708537807,18,89489e3716fffff
2464759,0.5309,0.5439958256826892,7,89489e355c7ffff
24649925,0.2876,0.2876036226719303,6,894898da0cbffff
24655175,-0.1942,-0.25513574236819914,32,89489e34413ffff
24655483,0.4513,0.4927962185596126,17,89489e35517ffff
2466535,0.6966,0.8020808407797752,5,89489e36273ffff
2467384,0.6582,0.6735438301029997,15,89489e352b3ffff
2467411,0.6378,0.7615941559557649,1,89489e372a3ffff
24692374,0.429,0.2538647186519216,3,894898d9193ffff
24693234,0.579,0.5838477059743269,16,89489e376c3ffff
24697658,0.3337,0.7615941559557649,1,89489e350a7ffff
24701487,0.2462,-0.7615941559557649,1,89489e37167ffff
24735383,0.6807,0.6854347403601884,20,89489e35e97ffff
24753700,0.5772,0.598989065858238,15,89489e22003ffff
24755024,0.6658,0.7615941559557649,2,89489e35c47ffff
2476940,0.2361,0.0,4,89489e20d33ffff
24778208,0.6189,0.8290719639957822,3,89489e36243ffff
24806616,0.0923,-0.2538647186519216,3,89489e373a3ffff
248515,0.6979,0.7142680413251458,44,89489e37323ffff
24854477,0.7076,0.7615941559557649,2,89489e3712fffff
24874643,-0.0001,-0.04479965623269205,17,89489e3544bffff
24876178,0.1142,0.0,2,89489e271c7ffff
24918898,0.0,0.0,2,89489e34543ffff
2492407,0.5783,0.6260899142078258,18,89489e3550bffff
24945475,0.713,0.7143207007431589,57,89489e26a4fffff
24993347,0.4554,0.3807970779778824,4,89489e375b3ffff
2500385,0.5108,0.5122309448857072,101,89489e3552bffff
25010946,0.7005,0.7022767610867975,24,89489e35eb3ffff
2501888,0.7616,0.7615941559557649,12,89489e36a73ffff
25027246,0.1944,0.10879916513653784,7,89489e35633ffff
25043299,0.7795,0.7953330599757735,6,89489e35157ffff
25050950,0.7616,0.7615941559557649,4,89489e24e97ffff
25051514,0.7389,0.7615941559557649,1,89489e3440fffff
25055838,0.785,0.7935573281852468,19,89489e24c0bffff
25096768,0.7616,0.7615941559557649,2,89489e26a63ffff
25154502,0.652,0.6430965226348062,12,89489e3686bffff
25156197,0.7447,0.7615941559557649,16,89489e35c4fffff
2516299,0.2876,0.2876036226719303,9,89489e35197ffff
25183200,0.7603,0.7679202004595165,32,89489e34403ffff
2521003,0.652,0.6556658208008304,41,89489e3444bffff
2524101,0.3141,0.2538647186519216,12,89489e375b3ffff
2526099,0.7616,0.7615941559557649,1,89489e35a87ffff
2528473,0.5185,0.5174464225493507,146,89489e353cbffff
2529203,0.2406,0.0,2,89489e37123ffff
25293881,0.7616,0.7615941559557649,1,89489e353afffff
25323026,0.7436,0.7433433991232195,28,894898d83c7ffff
25344755,0.6555,0.6716686973445196,61,89489e351abffff
25380160,0.0949,0.3807970779778824,4,89489e34653ffff
254232,0.6957,0.7615941559557649,2,89489e3404fffff
25456126,0.6887,0.6971670882586196,41,89489e3550fffff
2546012,0.714,0.7615941559557649,5,89489e34497ffff
25485814,0.3808,0.3807970779778824,4,89489e259a7ffff
25506394,0.6507,0.7615941559557649,3,89489e3730fffff
25519435,0.262,0.0,2,89489e35c57ffff
2553977,0.7121,0.7615941559557649,2,89489e353bbffff
25548367,0.3554,0.35538068107625914,22,89489e26b03ffff
25549057,0.0995,0.09948863567949387,25,894898da31bffff
2558549,0.4867,0.0,1,89489e35e97ffff
25586186,0.2112,0.7615941559557649,1,89489e35083ffff
25729634,0.2023,0.19396180166732768,39,89489e27363ffff
25732190,-0.6017,-0.8020808407797752,5,89489e35583ffff
25781968,0.2589,0.7615941559557649,2,89489e34267ffff
2582546,0.7027,0.7818374983677701,5,89489e3518bffff
25827103,0.7071,0.7615941559557649,3,89489e3756bffff
25833363,0.6038,0.6231224912365348,11,89489e376dbffff
25839785,0.2616,0.20313879997878623,14,89489e34297ffff
25840498,0.5422,0.5336507929526403,45,89489e351a7ffff
25842709,0.3351,0.33538575177301133,29,89489e22ab3ffff
25862482,0.5978,0.7615941559557649,1,89489e362bbffff
25870401,0.1579,0.08462157288397387,9,89489e30d37ffff
26003152,0.537,0.7615941559557649,1,89489e3552bffff
26008727,0.546,0.531745129028684,19,89489e35b93ffff
26010785,-0.5113,-0.5500402237458302,18,89489e3464bffff
26012073,0.7013,0.7615941559557649,10,89489e355c7ffff
26033929,0.4909,0.47599634747235303,16,89489e3444fffff
26075986,-0.2963,-0.38802684312502717,14,89489e355afffff
26079316,0.7894,0.7905132165443438,7,89489e245afffff
26107354,0.646,0.6454197801862634,103,89489e27593ffff
26131736,0.667,0.8122025119857779,4,89489e3733bffff
26134318,0.4988,0.7615941559557649,1,89489e34693ffff
26138249,0.1874,-0.9640275800758169,1,894898c9c33ffff
26150600,0.6345,0.6331491114965138,34,89489e3586fffff
26169515,0.6612,0.6630683110867598,50,89489e3428bffff
26231112,0.5,0.4823664779672755,14,89489e37167ffff
26236338,0.4223,0.3807970779778824,8,89489e376dbffff
26259302,0.7882,0.7883724135950257,55,894898cb06fffff
26259689,0.3584,0.3578998769890981,20,89489e37313ffff
26263007,0.7806,0.7615941559557649,1,89489e245afffff
26293461,0.7071,0.7133310565643348,80,89489e3730fffff
26296849,0.7616,0.7615941559557649,5,89489eacb43ffff
26326034,0.528,0.5189757386438462,18,89489e37167ffff
26336484,0.7459,0.7953330599757735,6,89489e36457ffff
26384338,0.2026,0.0,4,89489e35427ffff
26390899,0.7123,0.7167944997230729,17,89489e34463ffff
26444399,0.5388,0.4569564935734589,5,89489e34453ffff
26469790,0.3034,0.2538647186519216,3,89489e35433ffff
26495184,-0.3975,-0.4393812438206336,26,89489e35283ffff
2650844,0.1347,0.11901985247490396,26,894898c808fffff
26531000,0.3118,0.3155528476888964,28,89489e34237ffff
26536675,0.6396,0.6694707478000103,14,89489e355c7ffff
26560743,0.5664,0.5711956169668236,16,89489e355cfffff
26564312,0.4157,0.3934491669853857,16,89489e34297ffff
2657000,0.3928,0.2538647186519216,3,89489e35b17ffff
26573955,0.8122,0.8122025119857779,4,894898d927bffff
26629680,-0.5156,-0.5375958747923046,17,894898c8333ffff
26643434,0.6163,0.625469998694216,25,89489e3730fffff
2665394,0.1027,0.04590607524170557,21,89489e355c7ffff
26655796,0.6636,0.6622557877876216,46,89489e3505bffff
26661054,0.1324,0.010121671206002603,10,89489e3730fffff
26667257,0.7616,0.7615941559557649,1,89489ea99a3ffff
26667414,0.5457,0.5466107511322021,39,89489e34297ffff
26688520,0.5033,0.5126535665487431,31,89489e35593ffff
26692783,0.4836,0.47126862705124056,39,89489e35c1bffff
26718562,0.5117,0.5190625841964686,43,89489e35593ffff
26739224,0.5136,0.5532104956770746,13,89489e3666fffff
2677765,0.6685,0.7006666234793036,25,89489e34263ffff
26778255,0.5875,0.7615941559557649,1,89489e34043ffff
26807255,0.6101,0.6128549385452475,14,89489e34487ffff
26816767,0.511,0.5104952938331853,36,89489e3561bffff
2686649,0.6439,0.6557929552604738,31,89489e36273ffff
26894880,0.6196,0.6173593382912366,46,89489e35c4fffff
26914567,-0.4587,-0.5439958256826892,14,89489e34663ffff
26918145,-0.0702,-0.12325869543082726,21,89489e36633ffff
26958666,0.5698,0.5813172881728262,40,89489e3534bffff
27021568,0.0429,-0.7615941559557649,1,89489e358d3ffff
27031966,0.521,0.5161641633088454,24,89489e3623bffff
27079031,0.7515,0.7905132165443438,7,89489e3622bffff
271052,0.6689,0.6735438301029997,15,89489e34407ffff
27106472,0.7631,0.9640275800758169,1,89489e3640bffff
27133697,0.7616,0.7615941559557649,10,894898d9287ffff
27136327,0.298,0.2980151045044297,23,89489e340cbffff
27190808,0.6939,0.6938631360690224,39,894898db3a3ffff
27250780,0.0299,0.013202179833916439,46,89489e3741bffff
27277527,0.7953,0.7905132165443438,7,89489e3626bffff
27307442,0.5862,0.614843612867823,9,89489e355c7ffff
27318014,0.3808,0.3807970779778824,4,89489e25d0bffff
27330570,0.7616,0.7615941559557649,1,89489eacd0bffff
27331682,-0.0766,-0.08183748478417295,57,89489e3540fffff
27336723,0.361,0.3609788942159013,27,89489e22abbffff
27355714,0.4237,0.7615941559557649,1,89489e358d3ffff
27370249,0.44,0.2538647186519216,3,89489e3669bffff
27383701,-0.0416,-0.10879916513653784,14,89489e34683ffff
27431039,0.1349,0.1221827954644782,46,89489e355bbffff
27486300,-0.3669,-0.6092753247646119,10,89489e3711bffff
27487781,-0.0993,-0.0291825747163707,8,89489e34653ffff
27503305,0.6666,0.6719948434903807,17,89489e35b93ffff
27506626,0.2539,0.2538647186519216,3,89489e35e53ffff
27519547,0.6645,0.7615941559557649,2,89489e3404bffff
27524298,0.3927,0.2798689048232211,7,89489e3447bffff
27545483,-0.6559,-0.6518850964500456,25,89489e35587ffff
27554103,-0.4453,-0.565117782925131,23,89489e3733bffff
27556416,0.5439,0.5340786999795243,25,89489e22c23ffff
27578322,0.1664,0.0,2,89489e35c6bffff
27579562,0.4237,0.7615941559557649,1,89489e358d3ffff
27584348,0.2602,0.17256217360315818,10,89489e344afffff
27632,0.7551,0.810457396260605,29,89489e34057ffff
27636411,0.694,0.6954748985293734,53,89489e35c4bffff
27650656,0.74,0.7615941559557649,1,89489e36237ffff
27661048,0.5737,0.5737342641533428,50,89489e35d5bffff
27662181,0.8628,0.8628108680157909,2,894898c83b7ffff
27673991,0.6661,0.6725445946686551,77,89489e355c7ffff
27675990,0.257,-0.7615941559557649,1,89489e372a3ffff
277028,-0.3048,-0.4083910691357,23,89489e34063ffff
27729695,0.6383,0.6515312486398084,12,89489e34067ffff
27730184,0.5396,0.5245988893138476,12,89489e3404bffff
27730819,0.0552,-0.7615941559557649,2,89489e3404bffff
27733627,0.7616,0.7615941559557649,1,894898d9007ffff
27752200,0.4345,0.4670781647794615,20,89489e35947ffff
27775728,0.6749,0.6938301084368409,23,89489e3710bffff
27788199,0.6897,0.7615941559557649,1,89489e25e9bffff
27812638,0.335,0.2538647186519216,3,89489e3534bffff
27856309,0.5004,0.5210907382855233,19,89489e3553bffff
27892604,0.5044,0.5210907382855233,19,89489e3737bffff
27894886,0.733,0.773881555836342,19,89489e35567ffff
27901166,-0.169,-0.16831434546385987,41,89489e3468bffff
27913304,0.0175,0.10879916513653784,7,89489e354a7ffff
27927993,-0.5076,-0.6190266918127342,26,89489e37323ffff
27929560,-0.6742,-0.7124590491199091,31,89489e3464bffff
27933897,0.715,0.7615941559557649,12,89489e35513ffff
27957811,0.7109,0.7100428823622935,72,89489e3440fffff
27979704,0.7535,0.8122025119857779,4,89489e3443bffff
27989668,0.5769,0.5717188728420893,46,89489e3447bffff
28003194,-0.1412,-0.1831668533921273,23,89489e37027ffff
28007223,0.7359,0.7615941559557649,2,89489e37157ffff
28013906,0.2413,-0.7615941559557649,1,89489e35333ffff
28053221,0.7516,0.7550284587814836,47,89489e3710fffff
28077665,0.4172,0.4771998359854641,10,89489e35947ffff
28081355,0.275,0.20313879997878623,14,89489eac957ffff
28096662,0.6746,0.7615941559557649,1,89489e34407ffff
28103602,-0.0923,-0.29549364775033143,4,89489e340cfffff
28107759,0.4617,0.7615941559557649,1,89489e37313ffff
281182,-0.2351,-0.3263974954096135,14,89489e350a7ffff
28124646,0.6895,0.770028881960767,24,89489e35c93ffff
28150235,0.7054,0.7236815202990755,18,89489e37107ffff
28155148,0.2632,-0.10121671206002603,1,89489e370afffff
28163068,0.2265,0.10879916513653784,7,89489e37327ffff
28179655,0.6641,0.676972583071791,9,894898c8003ffff
28182587,-0.6615,-0.7056052904222452,26,89489e3464bffff
28184779,-0.7141,-0.71737221023353,23,89489e35587ffff
282342,0.2742,0.0,2,89489e2743bffff
28245181,0.6911,0.7615941559557649,2,89489e3440bffff
28250995,0.74,0.7615941559557649,1,89489e36237ffff
28253030,0.6176,0.6444258242702626,13,89489e37327ffff
28253567,0.6395,0.7615941559557649,2,89489e35577ffff
28254684,0.7042,0.7042443373059482,39,89489e34c6fffff
28256201,0.6276,0.6231224912365348,11,89489e35c1bffff
28256873,0.5666,0.6092753247646119,20,89489e35227ffff
28257171,0.7307,0.7305286048111788,35,89489e34387ffff
28302431,0.7616,0.7615941559557649,5,89489e24e93ffff
28305472,0.7616,0.7615941559557649,2,89489eac827ffff
28335164,0.7384,0.7703956091783758,23,89489e35cc3ffff
28343735,0.7446,0.7840867586357706,9,89489e3669bffff
28355549,0.6248,0.6295186671766171,20,894898caa07ffff
28362968,-0.6372,-0.7615941559557649,15,89489e35597ffff
28366970,0.4896,0.49744317839746927,15,89489e3636bffff
28379054,0.6963,0.6962821010649775,91,89489e272d3ffff
28387752,0.7627,0.7784636079657692,24,89489e355cbffff
28408030,0.6388,0.6720743645449462,21,89489e35593ffff
28411541,0.6837,0.6815484051805237,33,89489e35323ffff
28441778,0.5314,0.6092753247646119,10,89489e34683ffff
28443182,0.5662,0.5673026665029764,52,89489e34287ffff
28458297,0.6745,0.6778251344595854,37,89489e340abffff
28461568,-0.7616,-0.7615941559557649,1,89489e37383ffff
28463789,-0.7074,-0.7615941559557649,1,89489e35587ffff
28466259,-0.3995,-0.7615941559557649,1,89489e3464bffff
28466833,-0.4584,-0.7615941559557649,3,89489e346cbffff
28485287,0.2699,0.0,2,89489e3554bffff
28490380,-0.3371,-0.3807970779778824,4,89489e3464bffff
28495316,0.7485,0.7615941559557649,2,89489e35e07ffff
28513815,0.7495,0.7615941559557649,20,89489e34433ffff
28521981,0.4125,0.5439958256826892,7,89489e36693ffff
2853144,0.7712,0.7615941559557649,6,894898db34fffff
2855422,0.3801,0.38400490931320147,82,89489e34053ffff
2855712,0.5841,0.6123125728209088,33,89489e34053ffff
28562596,0.6515,0.6515312486398084,12,89489e370b7ffff
28580619,0.5554,0.6295186671766171,10,89489e20113ffff
28586138,0.7266,0.727002470585536,77,89489e272dbffff
28587368,0.6723,0.6722630245554173,62,894898da8abffff
28588705,0.7693,0.7919591695737727,10,89489e3437bffff
28607716,0.0642,0.10879916513653784,7,89489e34643ffff
28610989,0.1855,0.16244050239715557,10,89489e32ba7ffff
28635902,0.461,0.4609648838679629,38,89489eaca4bffff
28636511,0.1622,-0.7615941559557649,1,89489e36047ffff
28637495,0.5861,0.5839759510182653,77,89489e346d7ffff
28640193,0.7308,0.7339403755444119,114,89489e350b7ffff
28660193,0.5397,0.5020148490225245,9,89489e3601bffff
28661258,0.77,0.7615941559557649,1,89489e36293ffff
2867059,-0.1269,-0.15517207592927298,52,89489e35573ffff
28686944,0.457,0.4569564935734589,10,89489e22167ffff
28736861,0.6295,0.7615941559557649,1,89489e34067ffff
28738883,0.6658,0.685270152659817,12,89489e35b73ffff
28773292,0.2821,0.0,2,89489e36047ffff
28784329,0.2974,0.29737276201812235,15,89489e35adbffff
28796943,0.6936,0.6936206115581486,81,89489eade47ffff
28805352,0.3836,0.0,2,89489e35c5bffff
28817504,0.6946,0.7615941559557649,1,89489e34073ffff
28830910,0.357,0.3263974954096135,7,89489e350b3ffff
28836280,0.8018,0.8194322771329227,14,89489e34047ffff
28838357,0.4348,0.7615941559557649,1,89489e351abffff
28853517,0.102,-0.15231883119115297,5,89489e3518fffff
28854237,0.1631,-0.3807970779778824,2,89489e3518fffff
28857920,0.4314,0.43140543400789544,6,894898d8497ffff
28868762,0.7688,0.7771956783761174,44,89489e34407ffff
28885108,0.457,0.4569564935734589,10,894898c8eabffff
28897994,0.6431,0.6667960492989979,30,89489e35593ffff
28898451,0.5133,0.5267418599193422,24,89489e35593ffff
28908735,0.7655,0.7868983339707714,8,89489eadc13ffff
28909212,0.7382,0.7649250852849159,68,89489e355afffff
28912434,0.5875,0.7615941559557649,1,89489e34043ffff
28913923,-0.0258,-0.7615941559557649,1,89489e34057ffff
28932789,0.7524,0.7760536862500543,14,89489e355c3ffff
28942131,0.8398,0.9640275800758169,1,89489e3707bffff
28989413,-0.0156,-0.9640275800758169,1,89489e37393ffff
28991123,-0.1012,-0.10121671206002603,2,89489e220bbffff
29028608,0.4948,0.4870197805691872,27,89489e35e0bffff
29035011,0.3954,0.3807970779778824,10,89489e276cfffff
29036711,0.6609,0.652794990819227,14,89489e3710fffff
29058712,0.7149,0.7196571010680863,40,89489e35563ffff
29079904,0.5738,0.5813172881728262,40,89489e35567ffff
29096662,0.6913,0.6912678357597909,26,894898d8197ffff
29208990,0.7616,0.7615941559557649,1,89489e36397ffff
29253536,0.3744,0.0,2,89489e34687ffff
29259035,0.2333,0.3807970779778824,4,89489e34657ffff
2926708,-0.6569,-0.7799971945121332,11,89489e37367ffff
29273293,0.2761,0.7615941559557649,1,89489e3186fffff
29286645,0.0,0.0,1,894898c938fffff
29302404,0.6369,0.6413279385444887,69,89489e37377ffff
29315029,0.7557,0.770028881960767,24,89489e37103ffff
29335099,0.6563,0.7615941559557649,2,89489e3752bffff
29362729,-0.2256,-0.4569564935734589,5,89489e354b7ffff
29441551,0.6532,0.6515312486398084,12,89489e35b43ffff
29511390,0.4977,0.7615941559557649,1,89489e34587ffff
29520953,0.46,0.4456004670998751,9,89489ead973ffff
295275,0.514,0.5077294373038432,18,89489ead937ffff
29538555,0.6555,0.7784636079657692,12,89489e342bbffff
29566341,0.7141,0.7615941559557649,3,89489e22d47ffff
29602154,0.7616,0.7615941559557649,2,894898cac13ffff
29625496,0.7656,0.7615941559557649,9,894898cacabffff
29636875,0.5712,0.7615941559557649,1,89489e2701bffff
29657338,0.4031,0.40239820768521334,27,89489e36b33ffff
29659880,0.6558,0.6557225873441425,83,89489eade7bffff
29662560,0.6381,0.6515312486398084,12,89489e3449bffff
29674314,0.7847,0.7849518587388478,26,89489e36ad7ffff
29686350,0.7662,0.7615941559557649,4,89489e36297ffff
29700710,0.7429,0.7615941559557649,6,89489e365cfffff
29710046,0.518,0.7615941559557649,1,89489e3427bffff
29727035,0.4895,0.4569564935734589,5,89489e37373ffff
29736245,0.7181,0.7200775113179755,93,89489eade7bffff
29762127,0.2095,0.15799684442794484,9,89489e35573ffff
29774978,0.6426,0.7046270159670621,44,89489e35583ffff
2979222,-0.6545,-0.6882188844117939,18,89489e34673ffff
29797445,-0.7616,-0.7615941559557649,1,89489e35223ffff
2984602,0.5549,0.548815669114119,21,89489e34423ffff
29858348,0.805,0.8049727468386332,14,89489e35b2bffff
29877523,0.7132,0.7168957083379743,33,89489e34073ffff
2989481,0.5869,0.5766948043835202,26,89489e3443bffff
29906126,0.7316,0.8194322771329227,7,89489e3556bffff
29919160,0.747,0.746164767596204,10,89489e35d67ffff
29921801,0.6787,0.7615941559557649,3,89489e3428fffff
2992224,0.4632,0.45343220949545016,29,89489e344cbffff
29924605,0.7107,0.7615941559557649,4,89489e3624fffff
299282,0.7633,0.8005236605942364,13,89489e35c47ffff
29928316,0.7203,0.7615941559557649,3,89489e353bbffff
2994424,0.6445,0.6414095774338058,30,89489e3443bffff
29947173,0.7441,0.744080746131499,66,894898c8e57ffff
29965151,-0.2124,-0.23692045405083942,33,89489e355b3ffff
29986605,0.7065,0.7070807544412446,55,894898d965bffff
29995274,0.6095,0.7615941559557649,4,89489e355abffff
30012873,0.6285,0.634661796629804,12,89489e344d3ffff
30014902,0.6644,0.6757296522478236,16,89489e344d3ffff
30043996,0.6208,0.6212391692800932,70,89489e350b7ffff
300574,0.7156,0.7191554080488572,97,89489e3444bffff
30061651,0.2621,0.0,2,89489e3627bffff
30089598,-0.1363,-0.2320578605673651,7,89489e3462bffff
30090405,0.029,0.0,6,89489e3462bffff
30090770,0.4044,0.4164698087494485,5,89489e34293ffff
30104242,0.6415,0.6418491791261646,95,89489e36627ffff
30121569,0.2148,0.7615941559557649,1,89489e344dbffff
30128402,0.6591,0.6599976261256513,26,89489e35563ffff
30145361,0.7282,0.7615941559557649,6,89489e37013ffff
30168821,0.6629,0.6631987973729508,63,894898dae97ffff
30176018,0.4455,0.3807970779778824,4,89489e35b17ffff
30198612,0.5272,0.0,1,894898cb46fffff
30203165,0.6792,0.8290719639957822,3,89489e34043ffff
30234214,0.7665,0.7755550817571477,29,89489e35113ffff
30287319,0.3705,0.35850162124565366,32,89489e35507ffff
3032156,0.2178,-0.10121671206002603,2,89489e346b7ffff
30370506,0.4896,0.4569564935734589,5,89489eace27ffff
30414000,0.7012,0.7129714836222246,23,894898c8383ffff
3041605,0.6503,0.7615941559557649,3,89489e3588bffff
30446884,0.6487,0.7615941559557649,1,89489e37253ffff
30459552,0.6995,0.7868983339707714,8,89489e3662fffff
30470066,0.419,0.5161641633088454,8,89489e354b7ffff
304808,0.5821,0.5937940657683434,69,89489e35533ffff
304866,0.5406,0.5370723244002642,38,89489e36647ffff
3053308,0.5427,0.5483477922881507,25,89489e35cb7ffff
305392,0.6054,0.7615941559557649,2,89489e37327ffff
30540254,0.355,0.38206390799168355,19,89489e3558bffff
30560123,0.4217,-0.18638691061190427,1,89489e3605bffff
30562424,0.2117,0.7615941559557649,1,89489e350c3ffff
30577487,0.6649,0.7615941559557649,11,89489e3714bffff
30590667,0.3339,0.40083902945040256,19,89489e373b3ffff
30591538,0.7616,0.7615941559557649,1,89489e3583bffff
30691457,0.7623,0.7615941559557649,17,89489e37307ffff
30691704,0.6498,0.6497620095886223,10,894898c830fffff
30694169,0.7508,0.7534734252402064,38,894898c8377ffff
30735077,0.4172,0.7615941559557649,1,89489e3405bffff
30737494,0.6583,0.6515312486398084,12,89489e3414fffff
30740060,0.3998,0.43519666054615136,7,894898d96cfffff
30760932,0.7759,0.9950547536867305,1,894898cb46fffff
30764241,0.7176,0.7615941559557649,1,894898cb46fffff
30913064,0.7127,0.7144243385346406,56,89489e2556bffff
30914095,0.7696,0.7615941559557649,1,89489e36297ffff
31005465,0.6978,0.6987010660609326,63,89489e3752fffff
31014454,0.7264,0.7615941559557649,2,894898cb46fffff
31015780,0.7176,0.7615941559557649,1,894898cb46fffff
31016886,0.7176,0.7615941559557649,1,894898cb46fffff
31019216,0.7176,0.7615941559557649,1,894898cb46fffff
31039303,0.7616,0.7615941559557649,3,89489eadbabffff
31039810,-0.0465,-0.07843735163779918,22,894898daa3bffff
31041676,0.4792,0.3807970779778824,4,89489e350a3ffff
31087143,0.7616,0.7615941559557649,3,89489e35ab7ffff
3111194,0.5236,0.4569564935734589,5,89489e35edbffff
31117421,0.7616,0.7615941559557649,1,89489e373c7ffff
31122191,0.3459,0.35986152684765865,34,894898daa3bffff
31145312,0.7169,0.7382754556044401,43,89489e34693ffff
31152586,0.4575,0.4751367128201308,14,89489e35627ffff
31169311,0.7451,0.7868983339707714,8,89489e35183ffff
31175547,0.5134,0.7615941559557649,1,89489e373d7ffff
31175588,0.6479,0.7953330599757735,6,89489e35433ffff
31232379,0.5408,0.5711956169668236,4,89489e355c7ffff
31240111,0.7616,0.7615941559557649,2,894898d9053ffff
3124593,0.2202,0.10562671164495985,5,89489e3712bffff
31255207,0.7616,0.7615941559557649,4,89489e26acbffff
31270775,0.7616,0.7615941559557649,4,89489eac227ffff
31317807,0.4371,0.3408570257039029,7,89489e37153ffff
31333278,0.7001,0.7056780827721936,10,89489e36033ffff
31337958,0.5907,0.7615941559557649,3,89489e3736bffff
31352146,0.7616,0.7615941559557649,2,89489ead917ffff
31382915,0.7392,0.776589224409102,27,89489e3732fffff
31389486,0.4516,0.4546523743583371,29,89489e3469bffff
31390767,0.7616,0.7615941559557649,1,89489e24c17ffff
31410509,0.7625,0.7615941559557649,17,89489e2667bffff
31416497,-0.4972,-0.634661796629804,24,89489e3444bffff
31433462,-0.1244,-0.7615941559557649,1,89489e344c7ffff
31451418,0.7709,0.7784636079657692,12,89489e24c47ffff
31467534,0.7761,0.7760536862500543,14,89489e35cbbffff
31469170,0.7209,0.7905132165443438,7,89489e209d7ffff
31517115,0.358,0.2538647186519216,3,89489e3552bffff
315239,0.4631,0.0,1,89489e3662bffff
31530285,0.6636,0.6600482684949962,15,89489e22113ffff
31544027,0.447,0.3807970779778824,8,894898c8567ffff
31588625,0.5134,0.7615941559557649,2,89489e3465bffff
31609555,-0.7069,-0.7410105301191225,37,89489e34653ffff
31641404,0.3083,0.3263974954096135,7,89489e27313ffff
31661267,0.5862,0.8628108680157909,4,89489e35947ffff
31662665,0.3534,0.7615941559557649,1,89489e35947ffff
316630,0.4757,0.3807970779778824,4,89489e3444bffff
31668518,0.433,0.3807970779778824,8,89489e3416bffff
31697555,0.7616,0.7615941559557649,1,89489e34b63ffff
31709062,0.66,0.7615941559557649,1,89489e3669bffff
31712019,0.707,0.7615941559557649,2,89489e351a7ffff
31716264,0.6683,0.7615941559557649,4,89489e37373ffff
31718325,0.187,0.0,4,89489e2730fffff
31732608,0.8216,0.8215744297691135,9,89489e365b3ffff
31796544,0.3983,0.4569564935734589,5,89489e37393ffff
31801664,0.5438,0.5396853953785021,27,89489e343d3ffff
31825683,0.6868,0.7615941559557649,4,89489e366b7ffff
31834175,0.3808,0.3807970779778824,6,89489e35077ffff
31835512,0.3453,0.2538647186519216,3,89489e3427bffff
31838560,0.6429,0.6419347734132472,17,89489e24c2fffff
31885404,0.6896,0.7615941559557649,4,89489e3715bffff
31886844,0.1904,-0.7615941559557649,1,89489e35e43ffff
31895436,0.7047,0.7615941559557649,3,89489e36043ffff
31903670,0.5253,0.5189757386438462,18,89489e36277ffff
31928824,0.6358,0.7840867586357706,9,89489e350a7ffff
31949649,0.7255,0.7453792783323258,22,89489e3716fffff
31949702,0.484,0.4496561908404408,14,89489e355a3ffff
31961041,0.6077,0.7615941559557649,1,89489e356cfffff
31977380,0.7616,0.7615941559557649,1,89489e27597ffff
31987948,0.5504,0.8628108680157909,2,89489e3666fffff
319894,0.3835,0.38345731735022054,29,89489e22193ffff
32084736,0.0,0.0,6,89489e27447ffff
32084809,-0.2662,-0.2513876353604449,29,89489e3467bffff
32085630,0.6347,0.7615941559557649,1,89489e36673ffff
32106405,0.7831,0.7840867586357706,9,89489e35687ffff
32106693,0.5811,0.5969767073572685,33,89489e35593ffff
32111929,-0.6225,-0.6889438165549506,14,89489e35537ffff
32112839,0.7627,0.8783244548212477,2,89489e3414fffff
32125293,0.6939,0.69415373989714,110,89489e246bbffff
32161243,0.5766,0.5718290319737243,38,89489e35b93ffff
32163474,0.7388,0.7615941559557649,4,89489eadc13ffff
32183601,0.7582,0.7953330599757735,6,89489e37203ffff
32184210,0.3558,0.3191677302624688,14,89489e37133ffff
32187839,0.1951,0.08462157288397387,9,89489e3556bffff
32214291,0.6695,0.9640275800758169,1,89489e3519bffff
32216321,0.6518,0.6522117251979569,26,89489e24c2fffff
32225150,0.4808,0.3989302721673054,7,89489e3712fffff
32240197,-0.4724,-0.5439958256826892,21,89489e3620bffff
32241153,0.5176,0.7615941559557649,1,89489e2730fffff
32243017,0.7069,0.7056780827721936,10,89489ead907ffff
32245403,0.3043,0.2943295800537773,49,89489e35437ffff
3225770,0.3989,0.5711956169668236,8,89489e34663ffff
32268238,0.7616,0.7615941559557649,1,89489e270c3ffff
322834,0.2242,0.0,4,89489e3551bffff
32284604,0.475,0.47399053328383456,6,89489e351c7ffff
3230604,0.6695,0.6702522275718574,79,894898c9c3bffff
32312311,0.4231,0.7615941559557649,3,89489e27303ffff
32315819,0.4973,0.8628108680157909,2,89489e3713bffff
32335562,0.4985,0.5439958256826892,14,89489e3741bffff
32339759,0.4161,0.4569564935734589,5,89489e3465bffff
32362636,-0.7616,-0.761594155955765,7,894898ca3a7ffff
32364479,0.4262,0.10121671206002603,2,89489e3624fffff
32367301,0.7183,0.7343180226954862,41,89489e36407ffff
323733,-0.0674,-0.06959384564158506,35,89489e34677ffff
32379276,-0.0051,0.0,6,89489e35597ffff
32414505,0.6402,0.7615941559557649,1,89489e3404bffff
32417547,0.7616,0.7615941559557649,3,89489e22c97ffff
32419781,0.7015,0.8290719639957822,3,89489e34033ffff
32446015,0.7409,0.7615941559557649,13,89489e35563ffff
324480,0.5366,0.7615941559557649,1,89489e35c9bffff
32466320,0.7048,0.7615941559557649,9,89489e34297ffff
32468523,0.7639,0.7750897175637683,30,89489e3404fffff
32469860,0.8021,0.8020808407797752,5,89489e35217ffff
32491021,0.497,0.7615941559557649,1,89489e36243ffff
32502524,0.6949,0.7615941559557649,2,89489e344abffff
32517261,0.7005,0.7083407529237922,21,89489e34407ffff
32522569,0.0282,-0.10879916513653784,7,89489e3465bffff
32528785,0.755,0.7563124805983525,76,894898d820bffff
32528913,0.6726,0.6735725058772218,66,89489e35563ffff
32544075,0.5277,0.5221889675981327,42,894898d9193ffff
32546017,0.2393,0.23210437232851694,38,89489e35c8bffff
32552584,0.4185,0.4569564935734589,5,89489e35417ffff
32553213,0.7778,0.7784636079657692,12,89489e2285bffff
32570381,0.7661,0.7707956752339491,22,89489e3440fffff
32574329,0.7616,0.7615941559557649,3,89489e24587ffff
32577834,0.7616,0.7615941559557649,8,89489e27397ffff
325889,0.0827,0.014459530294289433,14,89489e37123ffff
32593239,-0.2723,-0.4787511946660098,10,89489e3512bffff
32593503,0.493,0.5077294373038432,24,89489e35627ffff
32594247,0.299,0.24352232744828375,3,89489e35417ffff
32609935,0.6232,0.7615941559557649,2,89489e3530bffff
32609973,0.746,0.8290719639957822,6,89489e3716fffff
32615462,0.7058,0.7096989144352774,47,89489e3440bffff
32631529,0.3808,0.7615941559557649,1,89489e34633ffff
32635384,0.6633,0.6622557877876216,46,894898d9643ffff
32637664,0.461,0.7106331119963848,7,89489e373bbffff
32637996,0.76,0.7905132165443438,7,89489e35c2fffff
32640212,0.679,0.7615941559557649,4,89489e36263ffff
32642224,0.5305,0.5964997949818301,8,89489e35417ffff
32642437,0.4098,0.43519666054615136,14,89489e3550bffff
32642588,0.6682,0.6970160764883744,21,89489e3662fffff
32646959,0.7256,0.8628108680157909,2,89489e358b3ffff
32659519,0.7021,0.8425675256037856,5,89489e3645bffff
32660772,0.3989,0.2538647186519216,3,89489e27367ffff
32664093,0.5281,0.5414683413238519,6,89489e37327ffff
32664431,0.5988,0.6444258242702626,13,89489e37123ffff
32664554,0.0,0.0,2,894898da84bffff
32666944,0.2714,0.10121671206002603,2,89489eadbd3ffff
32667361,0.3808,0.0,2,89489e34497ffff
32667583,0.7138,0.7151357603157901,58,89489ead92bffff
32692674,0.7616,0.7615941559557649,3,894898cb043ffff
32695158,0.7083,0.7615941559557649,1,89489e37057ffff
32695888,0.6493,0.7760536862500543,14,89489e355b3ffff
32696235,0.4539,0.4676177262545051,12,89489e3737bffff
32698932,0.5681,0.43140543400789544,4,89489e31803ffff
32699122,0.0292,0.2538647186519216,3,89489e354a7ffff
3271554,0.6928,0.6817140514078058,7,89489e37157ffff
32715639,0.7044,0.761594155955765,7,89489e3518bffff
32716659,0.7688,0.7615941559557649,1,89489e22e2fffff
32720013,0.1404,-0.7615941559557649,1,89489e3711bffff
32720821,0.2288,0.21759833027307568,14,89489e37397ffff
32725641,0.7616,0.7615941559557649,5,89489e25d17ffff
32727537,0.3599,0.1903985389889412,4,89489e35b0fffff
32744342,0.4581,0.4868422943207875,34,89489e355afffff
32762072,0.5583,0.5769652696634583,33,89489e350dbffff
32763092,0.3514,0.2855978084834118,8,89489e37133ffff
32769025,0.3695,0.3807970779778824,4,89489e35417ffff
32793430,0.7616,0.7615941559557649,2,89489e25537ffff
32813630,0.6988,0.6987875025650936,34,894898d8ccfffff
32835679,0.3342,0.3164051379202012,13,89489e3712bffff
32836796,0.7616,0.7615941559557649,1,89489e274bbffff
32843046,0.3171,0.0,2,89489e35c53ffff
32858558,-0.6569,-0.7189891595753946,31,89489e35597ffff
32862330,0.5117,0.3807970779778824,4,89489e35eb3ffff
32866140,0.1523,0.15231883119115297,15,89489e34eafffff
32871278,0.5689,0.5414683413238519,6,894898c8567ffff
32891450,0.801,0.8009562106457749,24,89489e35473ffff
32891913,0.8435,0.9640275800758169,3,89489eaca2fffff
32898594,0.6522,0.6536546254714493,56,894898c8003ffff
32901053,-0.5817,-0.6377618552952704,29,89489e34643ffff
32911946,0.6712,0.7615941559557649,2,89489e350b7ffff
32917130,0.669,0.6953164009577838,36,89489e350dbffff
329172,0.7616,0.7615941559557649,2,89489e34cc7ffff
32918855,0.7616,0.7615941559557649,3,89489e35b77ffff
32921018,-0.2746,-0.3934491669853857,16,89489e3430bffff
329306,0.6456,0.6534006646627156,92,89489e355abffff
32941776,0.5106,0.5106443117211227,7,89489eacb6fffff
3294395,0.3482,0.42566096275464665,13,89489e34627ffff
3294758,0.4169,0.43140543400789544,4,89489e351b3ffff
32966021,0.8122,0.8122025119857779,4,894898c8063ffff
32966360,0.752,0.7615941559557649,9,89489eaca43ffff
32967085,-0.4688,-0.4688193376820156,2,89489e22893ffff
32982434,0.7832,0.7829029374420862,19,89489e241d3ffff
33017365,0.6989,0.7615941559557649,2,89489eade7bffff
330301,0.7806,0.7615941559557649,1,89489e2418bffff
33043270,0.6452,0.6450569599741639,68,89489e36043ffff
33099128,0.4715,0.3807970779778824,4,89489e353d3ffff
33116882,0.5548,0.7615941559557649,1,89489e36223ffff
33153055,0.7728,0.7615941559557649,3,89489e27497ffff
33153072,0.6746,0.6817140514078058,7,89489e35b5bffff
33175877,0.6824,0.676972583071791,9,89489e34347ffff
33191880,0.6748,0.6748288196652792,65,89489e26a33ffff
33195107,0.5712,0.7615941559557649,1,89489e2747bffff
33315718,-0.1805,-0.25155171370541907,30,89489e3710bffff
33319633,0.6803,0.6923583235961499,11,89489e355cbffff
333442,0.346,0.3460403704044225,38,89489e35d93ffff
33373105,0.7616,0.7615941559557649,1,89489eac81bffff
333815,-0.0157,-0.030755892536145635,28,89489e34697ffff
334554,0.6379,0.7615941559557649,1,89489e34493ffff
33464696,0.5995,0.5923510101878171,9,89489eacbd3ffff
3349126,0.6292,0.6600482684949962,15,89489e34397ffff
33521803,0.8178,0.8290719639957822,6,89489e35babffff
33549833,0.7616,0.7615941559557649,1,894898d9167ffff
33556891,0.6605,0.7615941559557649,1,89489eacb67ffff
335945,-0.1136,-0.43140543400789544,4,89489e3714bffff
33609676,0.5924,0.5923510101878171,3,89489e263c7ffff
33634526,0.8426,0.8628108680157909,2,89489e34667ffff
33664380,0.7069,0.7771659578111534,13,89489e3732fffff
33689551,0.6093,0.7615941559557649,2,89489e25437ffff
337125,0.5924,0.5923510101878171,9,89489e2459bffff
33716003,0.7391,0.7818374983677701,10,89489e372a3ffff
33718358,0.6456,0.8020808407797752,5,89489eadbd3ffff
33758394,0.2142,0.15231883119115297,5,894898d96cfffff
33815516,0.3534,0.7615941559557649,1,89489e35947ffff
33838773,0.7616,0.7615941559557649,5,89489e23593ffff
3386939,0.6804,0.6839161270949894,119,89489e3730fffff
33900350,0.4653,0.7615941559557649,1,89489e3448fffff
33925331,0.7642,0.7953330599757735,6,894898caacbffff
33965652,0.5516,0.5077294373038432,6,89489e35c5bffff
33996993,0.7674,0.7615941559557649,1,89489e360c7ffff
340630,0.4381,0.3807970779778824,4,89489e35843ffff
341382,0.5555,0.5585023810342276,15,89489e355cfffff
34143842,0.7907,0.7953330599757735,12,89489e3533bffff
341530,0.5492,0.5414683413238519,18,89489e37127ffff
341596,0.7502,0.7840867586357706,9,89489e37137ffff
34180524,0.6818,0.6878417173864105,20,89489e351d3ffff
34201107,0.7634,0.7742462449632681,16,89489e365cfffff
342039,0.609,0.6100308961491322,88,89489e37333ffff
34220164,0.0729,-0.013552128789030421,16,89489e34297ffff
3424259,0.5159,0.52992202672334,64,89489e35517ffff
34280929,0.4664,0.9640275800758169,1,89489e37393ffff
34312388,0.7176,0.7615941559557649,1,89489e3603bffff
343258,0.472,0.4145359819978911,6,89489e366b7ffff
3432834,0.6486,0.6614707089958007,70,89489e3465bffff
34331903,0.5915,0.5923510101878171,9,89489e35c23ffff
34334982,0.729,0.7615941559557649,8,89489e355c3ffff
34343420,0.5372,0.5389363439763017,52,89489e3442bffff
34344067,0.4725,0.7615941559557649,4,89489e3462bffff
343462,0.6658,0.6741562201591513,43,89489e350d3ffff
34368002,0.7781,0.7829029374420862,19,89489e35157ffff
34372480,0.4864,0.5458914389518171,8,89489e36b57ffff
343889,0.4478,0.4338180327140583,11,89489e35507ffff
34399866,0.7108,0.7615941559557649,1,89489e375b7ffff
34400498,0.7011,0.7056780827721936,20,89489e3412bffff
34419374,0.0952,-0.7615941559557649,1,89489e35bdbffff
34459248,0.6665,0.7615941559557649,3,89489e3519bffff
34496792,0.7044,0.7615941559557649,1,894898d9203ffff
34505738,0.6832,0.7615941559557649,6,89489e3556bffff
34543715,0.2109,0.7615941559557649,1,89489e3423bffff
345473,0.6383,0.6415255297929032,33,89489e37163ffff
345536,0.5194,0.5161641633088454,36,89489e344cbffff
34574891,0.6824,0.6815773932702982,40,89489e220a7ffff
34593323,0.6271,0.6225673256619251,19,89489e3447bffff
34655688,0.7978,0.8020808407797752,20,89489e360c7ffff
34673947,0.69,0.7041700303996137,23,89489e259b3ffff
34676007,0.5923,0.7615941559557649,4,89489e3448fffff
34684047,0.6978,0.6964640370138082,66,89489e35e8fffff
34742229,-0.6503,-0.6703172748090063,68,89489e354a7ffff
3475010,0.7308,0.740610196678373,17,89489e3443bffff
34751101,0.7685,0.780873529681484,42,89489e37127ffff
347572,0.2502,0.0,3,89489e355c7ffff
347654,0.6414,0.7615941559557649,5,89489e3711bffff
34770803,0.3895,0.2538647186519216,3,89489e3448bffff
3478000,0.4126,0.39375775580228095,15,89489e3442bffff
34780559,0.7238,0.7238482063440286,49,89489ead047ffff
34788558,0.7616,0.7615941559557649,4,89489e22a87ffff
34807046,-0.4238,-0.4352763173064057,38,89489e3464bffff
34807587,-0.2769,-0.30407730302226005,37,89489e355b3ffff
34835894,0.7616,0.7615941559557649,5,89489e26adbffff
34864514,-0.4008,-0.45003291033749737,22,89489e34643ffff
34894951,0.2259,0.10879916513653784,7,89489e35507ffff
34895820,0.7176,0.7615941559557649,1,894898cb46fffff
34898782,0.1993,0.19280551601516338,5,89489e3407bffff
349447,0.514,0.5150952278504644,148,89489e3552bffff
34962814,0.6584,0.7615941559557649,1,89489e34687ffff
349635,0.708,0.7051797740331156,27,89489e343b7ffff
34969093,0.4789,0.5272574925847603,13,89489e3468fffff
34978642,-0.0967,-0.10574625907578479,47,89489e373a7ffff
34996030,0.7287,0.7615941559557649,2,89489e35803ffff
350072,-0.206,-0.7615941559557649,1,89489e344c3ffff
35012936,0.6893,0.7615941559557649,2,89489e37103ffff
3513732,0.7435,0.7615941559557649,1,89489e35e8bffff
35159279,0.5995,0.5956151754562371,30,894898ca217ffff
35160706,-0.6252,-0.6684007006498126,12,89489e34673ffff
35166021,0.5076,0.7615941559557649,3,89489e3713bffff
35186114,-0.0367,-0.13958444833346406,12,89489e35627ffff
35198877,0.4533,0.7615941559557649,5,89489e34663ffff
35291393,0.6987,0.8628108680157909,2,89489e22d57ffff
35315550,0.7143,0.7615941559557649,4,89489e35563ffff
35315648,0.4786,0.7615941559557649,1,89489e34293ffff
35316633,0.6787,0.7615941559557649,1,89489e35563ffff
35319512,0.2109,0.7615941559557649,1,89489e3423bffff
35323273,0.7399,0.7615941559557649,9,89489e26633ffff
353261,-0.111,-0.13833981289526015,40,89489e3713bffff
35337289,0.2761,0.24050341767024153,19,89489e3401bffff
3534046,0.6375,0.614843612867823,9,89489e365cfffff
35356218,0.3758,0.2538647186519216,6,89489e36233ffff
35387320,0.6552,0.7615941559557649,1,89489e36233ffff
35417197,0.4371,0.4367131511614537,10,89489e373a3ffff
354263,0.5938,0.5979741608578186,72,89489e344cfffff
3543410,0.658,0.6829142736505099,31,89489e37123ffff
354513,0.5462,0.7615941559557649,2,89489e3732fffff
354569,0.6533,0.7615941559557649,2,89489e343d3ffff
35512995,0.2337,0.1828484325095321,15,89489e3441bffff
355176,0.3171,0.1903985389889412,4,89489e3628bffff
35521340,0.4108,0.364956242861052,7,89489e20db3ffff
35547415,0.6913,0.7615941559557649,1,89489e3532fffff
355792,0.6347,0.7615941559557649,3,89489e342b3ffff
35581214,0.2743,0.025304178015006507,4,89489e35ec7ffff
35616280,0.6278,0.6287274164915113,26,89489e36233ffff
3561885,-0.0506,-0.09820076458633062,10,89489e34217ffff
3562212,0.3808,0.7615941559557649,1,89489e34a3bffff
35650640,0.6472,0.6522117251979569,26,89489e37163ffff
35662324,0.6506,0.7615941559557649,6,89489e350b3ffff
356719,0.7616,0.7615941559557649,1,89489e35307ffff
35682574,0.4189,0.7615941559557649,2,89489e271c7ffff
356837,-0.0549,-0.7615941559557649,3,89489e34213ffff
35689647,0.5741,0.5428292944401488,13,89489e27403ffff
35704312,0.6417,0.6447834678358066,60,89489e3716fffff
35717558,0.5047,0.5054932940633272,23,89489e3732bffff
357529,0.708,0.7107741871681316,70,89489e3440bffff
35768600,0.6902,0.6980691949712233,28,89489e351dbffff
35770227,0.6445,0.6452052041360568,48,89489e35183ffff
35770634,0.7313,0.7818374983677701,5,89489e36457ffff
35794364,0.5753,0.5652501618382293,30,89489e3511bffff
35798331,0.6546,0.676894207976376,21,89489e3732bffff
35800909,0.7907,0.9640275800758169,1,89489eacb8fffff
35801001,0.596,0.7615941559557649,3,89489e346b7ffff
35801269,0.6574,0.650425474232817,16,89489e35a03ffff
35808516,0.3488,0.0,2,89489e35c43ffff
35833887,0.7085,0.7615941559557649,6,89489e3444bffff
35844996,0.3688,0.3731963687097319,37,89489e22d23ffff
35868948,0.1928,0.19280551601516338,5,89489e2239bffff
35870872,0.1477,0.05096104395938011,7,89489e3462fffff
35879759,0.4352,0.43519666054615136,14,89489e35c77ffff
35881491,0.3969,0.4154149941576899,11,89489e355bbffff
35904425,0.6474,0.7615941559557649,3,89489e353c3ffff
35908452,0.742,0.7435567129933225,62,89489e27403ffff
35938028,0.7379,0.7615941559557649,12,89489e3624fffff
35945722,0.0,0.0,4,894898ca8d7ffff
35999506,-0.1362,-0.9640275800758169,1,89489e3701bffff
36071439,0.7436,0.7435726384910417,65,89489e26e43ffff
36072039,0.6519,0.6523931145734448,36,89489e35a97ffff
36075025,0.083,-0.2538647186519216,3,89489e3736bffff
3613678,0.6712,0.7615941559557649,1,89489e37103ffff
36143911,0.3925,0.7615941559557649,1,89489e3468fffff
3615030,0.6807,0.7615941559557649,3,89489e3404bffff
36204749,-0.5615,-0.6000438804499966,33,89489e35127ffff
36205206,0.612,0.6191876936205082,46,89489e3512fffff
36227596,0.7203,0.7905132165443438,7,89489e35b9bffff
362525,0.7998,0.815351175930324,21,89489e37057ffff
362662,-0.3134,-0.42072091683339363,22,89489e3733bffff
3629021,0.0435,0.0471339017506309,9,89489e344dbffff
3637181,0.7342,0.7953330599757735,12,89489e34063ffff
363944,0.5996,0.5711956169668236,8,89489e3443bffff
364025,0.4678,0.9640275800758169,1,89489e3405bffff
364269,0.7187,0.7305296708537807,36,89489e34477ffff
364402,0.428,0.30463766238230594,5,89489e35e33ffff
36449682,0.4854,0.2538647186519216,3,894898c8377ffff
36450149,0.4471,0.45690451851018377,19,89489eadbd3ffff
36507879,0.7688,0.7615941559557649,4,89489e3660fffff
36529204,0.4393,0.5077294373038432,6,89489e3405bffff
365471,0.0883,0.18196381298393904,12,89489e34653ffff
36560058,0.0928,0.10121671206002603,2,89489e3462bffff
36560092,0.0056,-0.1167302988654828,2,89489e3462bffff
36562760,0.7646,0.7615941559557649,10,89489e250abffff
36566180,0.8043,0.8086716964488001,43,894898ca81bffff
36633198,-0.1524,-0.7615941559557649,2,89489e3713bffff
36637796,0.5761,0.5439958256826892,7,89489e35563ffff
36660633,0.675,0.7615941559557649,1,89489e35a97ffff
36666816,0.745,0.761594155955765,7,89489e35383ffff
36670467,0.5287,0.4569564935734589,5,89489e37137ffff
36672804,0.6625,0.7615941559557649,2,89489e363d3ffff
36696844,0.7652,0.8122025119857779,8,89489e371d7ffff
36700041,0.5129,0.5128725667570302,10,89489e24433ffff
367356,0.6253,0.6245072078837272,50,89489e35c5bffff
36770125,0.4563,0.7615941559557649,1,89489e35417ffff
367789,0.7705,0.7615941559557649,1,89489e34337ffff
36795547,-0.0228,-0.03570472518799322,18,89489e37023ffff
36798343,0.7835,0.9640275800758169,1,89489e35397ffff
36807370,-0.3682,-0.7296553314988106,8,89489e3428fffff
36807671,0.5641,0.5585023810342276,15,89489e22c3bffff
36865615,0.7176,0.7615941559557649,3,89489e351cfffff
36874034,0.037,-0.2538647186519216,3,89489e36b57ffff
36878110,-0.5752,-0.5752072453438606,6,89489e34a17ffff
3689085,0.7508,0.7510964074073296,107,89489e35807ffff
36933576,0.3115,0.2538647186519216,3,89489e3553bffff
36974841,0.7616,0.7615941559557649,1,89489e276b3ffff
36977789,0.7667,0.761594155955765,7,89489e255d3ffff
37008818,0.6369,0.7615941559557649,1,89489e37107ffff
37016541,0.7255,0.7249439773759073,37,89489e36237ffff
37022716,0.5466,0.7615941559557649,1,89489e34397ffff
37052599,0.7414,0.8628108680157909,2,89489e3622bffff
37054782,0.2617,0.23699526664191728,12,89489e354abffff
37057369,0.6993,0.7615941559557649,1,89489e35113ffff
37121183,0.7066,0.7065627022977866,24,89489e20db7ffff
37124526,-0.0912,-0.10829366826477038,15,89489e270dbffff
37125884,0.6354,0.6853730199725492,16,89489e3553bffff
37177966,0.6495,0.6600482684949962,15,89489e3624bffff
37184470,-0.0625,-0.15231883119115297,5,89489e3462bffff
37201813,0.5562,0.563088178155104,22,89489eadbcbffff
37213750,0.7135,0.7263676928960966,26,89489e3444bffff
37255345,0.6043,0.6076475233479446,32,89489e36263ffff
37256778,0.7194,0.7615941559557649,1,89489e365cfffff
37335437,-0.2476,-0.7615941559557649,1,89489e34267ffff
37414507,0.7953,0.7953330599757735,12,894898d82abffff
37449553,-0.0825,0.0,2,89489e35127ffff
37463749,0.6636,0.6633239422840532,31,89489e25173ffff
37479298,0.756,0.8020808407797752,5,894898d9643ffff
37502913,0.5381,0.5450068194262241,15,89489e35457ffff
37530061,0.8122,0.7615941559557649,1,89489e34667ffff
37530488,0.7894,0.7905132165443438,7,89489e248bbffff
37567910,0.6712,0.7615941559557649,1,89489e37103ffff
3757576,0.7318,0.7615941559557649,2,89489e371b3ffff
37595264,0.5812,0.5936275593552057,26,89489e35567ffff
37659072,0.7667,0.761594155955765,7,89489e3590fffff
37664069,-0.3889,-0.5439958256826892,7,89489e3554fffff
37679985,0.4429,0.7615941559557649,1,89489e37363ffff
37684695,0.2328,0.0,6,89489e3710fffff
37686296,-0.4749,-0.4932978675799045,32,89489e3464bffff
37687874,0.1904,0.7615941559557649,1,89489e36403ffff
37690504,0.2869,0.07134546154313215,5,89489e35c83ffff
37711261,0.2132,0.0,2,894898da32bffff
37752657,0.3561,0.3496970644290523,30,89489e3736bffff
37780485,0.2587,0.17575249752825342,13,894898c8e77ffff
37803975,0.7492,0.7615941559557649,12,89489e36447ffff
37804375,0.7575,0.7632474839383596,77,89489e350a3ffff
37804724,0.7975,0.7975097634609354,31,894898d9d8bffff
37809135,0.6505,0.7615941559557649,2,89489e34477ffff
37849523,0.7322,0.8628108680157909,4,89489e35577ffff
37860216,0.7285,0.7615941559557649,2,89489e35383ffff
37875339,0.7424,0.7615941559557649,4,89489e27003ffff
37887321,0.7616,0.7615941559557649,4,89489e3686fffff
37898658,0.0523,0.0,2,89489e3462bffff
37899310,0.1673,0.2876036226719303,2,89489e3462bffff
37903697,0.8291,0.8290719639957822,3,894898d9cc7ffff
37905806,-0.2239,-0.23434140806513815,60,89489e35597ffff
37911803,0.7459,0.7615941559557649,2,894898c8073ffff
37912694,-0.1593,-0.1766108420855592,25,89489e35597ffff
37913963,-0.3534,-0.3594294683230412,37,89489e3464bffff
37916734,0.5827,0.7615941559557649,1,89489e3551bffff
37933707,0.8137,0.8155764023877787,15,894898ca84bffff
37956896,0.7616,0.7615941559557649,1,894898d834fffff
37962004,0.5456,0.47399053328383456,6,89489e26a4fffff
37986561,0.5064,0.5053195155881283,42,89489e36273ffff
37991217,0.7276,0.735425926254297,35,89489e35b93ffff
37997147,0.7616,0.7615941559557649,1,89489ead943ffff
38013349,0.4417,0.3807970779778824,4,89489e3551bffff
38013518,0.5856,0.7615941559557649,1,89489e37133ffff
3801572,0.5928,0.5927606777377962,77,89489e3516fffff
38022100,0.7616,0.7615941559557649,8,89489e34023ffff
38055707,0.6522,0.6839026919680309,17,89489e27487ffff
38095804,0.8021,0.8020808407797752,5,894898ca2bbffff
38098824,-0.3992,-0.47544930723912077,22,89489e354b7ffff
38103680,0.0162,0.0,3,89489e344dbffff
38106797,0.7616,0.7615941559557649,1,89489e34a2bffff
381240,0.7162,0.7615941559557649,5,89489e346d7ffff
38134778,0.3173,0.2538647186519216,3,89489e345a7ffff
38151123,0.749,0.761594155955765,7,89489e34047ffff
38153497,0.6198,0.6165286024403811,21,89489e360b3ffff
38162108,0.7028,0.7615941559557649,1,89489e370a7ffff
38164716,0.687,0.7129714836222246,23,89489e3441bffff
38166625,0.7593,0.8122025119857779,4,89489e26a4fffff
38168397,0.6626,0.7615941559557649,6,89489e3426fffff
38192856,0.6576,0.7615941559557649,3,89489e356b7ffff
38233198,0.5618,0.7615941559557649,2,89489e350b3ffff
38251338,0.7541,0.8290719639957822,3,89489e353bbffff
38289000,0.6339,0.685270152659817,12,89489e350b3ffff
38291616,0.3961,0.3970119556013216,11,89489e30e77ffff
38292200,0.5185,0.3807970779778824,2,89489e350a3ffff
38294127,0.5002,0.5185153037029991,28,89489e355bbffff
38295313,0.8021,0.8020808407797752,5,89489e209d3ffff
38300189,-0.0337,-0.033738904020008675,6,89489e25d43ffff
38354595,0.742,0.7615941559557649,9,89489e370a7ffff
38359813,0.695,0.7615941559557649,6,89489e3542bffff
38362602,0.7651,0.765103232150527,70,894898c332bffff
38383301,0.119,0.15231883119115297,5,89489e362cfffff
3840726,0.7479,0.7479435067250475,139,894898da2d3ffff
38429825,0.6312,0.6308318066114733,47,89489e35b93ffff
38431967,0.6518,0.676972583071791,9,89489e34477ffff
38432518,0.6004,0.5923510101878171,18,89489e3655bffff
38447033,-0.3016,-0.3292264529228624,31,89489e35a13ffff
38482667,0.6676,0.6916990644763008,16,89489e350cbffff
38495895,-0.5404,-0.6012585441756039,19,89489e346cbffff
38509841,0.6672,0.6800498825630568,48,89489e3500bffff
38511590,-0.4174,-0.652794990819227,7,89489e355afffff
38539489,0.4946,0.4974431783974693,5,89489e34063ffff
38549249,0.7616,0.7615941559557649,1,89489e35d47ffff
38557072,-0.1501,-0.10711417556397966,9,89489e3464bffff
38558718,0.5585,0.5077294373038432,6,89489e35a07ffff
38570544,0.4087,0.3689061677206938,15,89489e37317ffff
38579028,-0.1718,-0.2304084873671517,17,89489e354b7ffff
38580142,0.7616,0.7615941559557649,5,89489ead877ffff
38595412,0.7949,0.7949361316931851,85,894898d86b7ffff
38595888,0.103,0.03289180775504193,17,89489e355c7ffff
38596517,0.4724,0.4771998359854641,10,89489e34413ffff
38616018,0.3671,0.410089160899258,13,89489e37027ffff
38619660,-0.4333,-0.5763596038133041,13,89489e24447ffff
3862246,0.4554,0.45376261112776345,80,89489e355c7ffff
38626103,0.7616,0.7615941559557649,1,89489eacd47ffff
38642308,0.1032,0.022492602680005785,9,894898d9103ffff
38643138,0.6543,0.6672545211135165,14,89489e3715bffff
38645917,0.7616,0.7615941559557649,1,89489e25007ffff
38674492,0.3626,0.3284194828966834,15,89489e353c3ffff
3868266,0.6227,0.6295186671766171,10,89489e3404bffff
38724154,0.7003,0.7001958398323215,74,894898d846bffff
38743237,0.4596,0.47599634747235303,8,89489e3512bffff
38746755,0.4685,0.3807970779778824,4,89489e35557ffff
38759978,0.3618,0.33516726370068506,5,89489e24457ffff
38774645,0.7616,0.7615941559557649,2,89489e22b4fffff
38775834,0.7033,0.7615941559557649,1,89489e22b07ffff
38776369,0.7145,0.7615941559557649,10,89489e344cbffff
38776571,0.3432,0.31601906631792265,21,89489e353c3ffff
38781762,0.7616,0.7615941559557649,3,89489e22b4fffff
38802145,0.62,0.6231309022852262,40,89489e32b37ffff
38802306,0.5367,0.5343382163136428,41,89489e32b33ffff
38804959,0.7237,0.7369071460317845,33,89489e32b37ffff
38818528,0.7535,0.7522065952264053,38,89489e360c7ffff
38825059,-0.0122,0.15231883119115297,5,89489e34653ffff
38826133,0.77,0.7615941559557649,3,89489e3590fffff
3883966,0.4923,0.7615941559557649,1,89489e3732fffff
38841031,0.7543,0.7543140068187105,49,89489eace7bffff
38847876,-0.334,-0.4164698087494485,5,89489e3464fffff
38849122,0.6087,0.7615941559557649,1,89489e344cbffff
38855288,-0.032,-0.34512434720631635,5,89489e34063ffff
38870208,0.7742,0.7615941559557649,1,89489e35ea7ffff
38878174,0.3767,0.3559213948459885,29,89489e37333ffff
38904902,0.502,0.5020148490225245,9,894898d9117ffff
38924035,0.6969,0.7615941559557649,10,89489e366a7ffff
38924911,0.7235,0.7615941559557649,1,89489ead907ffff
38931892,0.0,0.0,2,89489e24e83ffff
38934574,0.5575,0.5522584144222832,49,89489e3624fffff
38935608,-0.6033,-0.6663948864612943,8,89489e350abffff
38978447,0.6409,0.6599976261256513,13,89489e35577ffff
38979092,0.6853,0.8290719639957822,3,89489e31b23ffff
38999175,0.4173,0.5077294373038432,6,89489e35087ffff
39005935,0.6644,0.6657937271032184,61,89489eac873ffff
39006587,0.722,0.7225519203019793,76,89489e35e83ffff
39028901,0.0072,-0.02233873267198472,41,89489e34693ffff
39029322,0.3457,0.3203139097987651,28,89489e37167ffff
39034443,0.7616,0.7615941559557649,2,894898cb007ffff
39034446,0.6007,0.6014134602829,13,89489e20da3ffff
39046668,0.4167,0.41668170899576334,13,89489e3663bffff
39053687,0.6217,0.6247711630659829,26,89489e37107ffff
39056933,0.0238,-0.19280551601516338,5,89489eadbd3ffff
39063175,-0.2321,-0.23692045405083942,33,89489e3468bffff
39078439,0.6751,0.7615941559557649,4,89489e3604fffff
39080620,0.4721,0.5077294373038432,6,89489e37123ffff
39084799,-0.1907,-0.43528383070925963,8,89489e35c9bffff
39110341,0.355,0.3544721851256532,52,89489e35573ffff
39116489,0.7285,0.7615941559557649,2,89489e35383ffff
3911693,0.0782,0.07751937433029198,57,89489e343c3ffff
39136587,0.6219,0.614843612867823,9,89489e3624fffff
39138835,0.175,0.1446088938174762,13,89489e27603ffff
39146141,0.7861,0.7861452115700368,26,89489e26a5bffff
39150062,-0.0972,-0.09720508368298908,8,89489e35ed7ffff
39153602,0.244,-0.7615941559557649,1,89489e3717bffff
39155115,-0.2334,-0.2855978084834118,16,89489e35c93ffff
39158239,0.0809,0.045984450337120474,21,89489e35e0fffff
3916923,0.4525,0.3553165559981924,7,89489e34403ffff
39174587,0.5127,0.7615941559557649,4,89489e37027ffff
39174984,0.6957,0.6916990644763008,8,89489e35383ffff
39177459,0.3332,0.7615941559557649,1,89489e36003ffff
39198981,0.3963,0.0,2,89489e3622bffff
39203878,0.4097,0.417426050452811,33,89489e35e0fffff
39224270,0.5339,0.5339069784990804,18,894898cb063ffff
39229071,0.2066,0.18353839845594774,26,89489e3559bffff
39251147,0.6531,0.7615941559557649,1,89489e31807ffff
39253639,0.3408,0.30463766238230594,20,89489e37167ffff
39254241,-0.1812,-0.8628108680157909,2,89489e34053ffff
39268450,0.5991,0.7615941559557649,1,89489e3422fffff
39302909,0.7202,0.7615941559557649,1,89489e35383ffff
39364778,0.5172,0.5077294373038432,36,89489e36627ffff
39389030,0.7296,0.7354616564465759,76,89489e3716fffff
39394139,0.7616,0.7615941559557649,1,89489eac32bffff
39398966,0.5788,0.7615941559557649,2,89489e26a43ffff
39419051,0.6746,0.7615941559557649,1,89489e34407ffff
39422696,0.7616,0.7615941559557649,1,89489e366bbffff
39444911,0.6694,0.6720743645449462,42,894898caacfffff
39497749,0.5683,0.7615941559557649,1,89489e371a3ffff
39528087,0.7616,0.7615941559557649,2,89489e26363ffff
3953357,0.3134,-0.7615941559557649,1,89489e3712fffff
39534449,0.5107,0.7615941559557649,2,89489e36247ffff
39558606,0.4378,0.410089160899258,13,89489e35577ffff
39562064,0.5949,0.5873744165655574,14,894898daa9bffff
39578467,0.699,0.7615941559557649,3,89489e35b93ffff
3959242,0.6042,0.6054114311198588,21,89489e37127ffff
39628570,0.386,0.2538647186519216,3,89489e34483ffff
39670499,0.3822,0.2876036226719303,6,89489e3519bffff
39675747,0.2655,0.3165530011660246,32,89489e3464bffff
39678647,0.6126,0.5923510101878171,9,89489e351b7ffff
39702506,0.4013,0.39766652998788676,12,89489e3534bffff
39727065,0.7616,0.7615941559557649,2,89489e36607ffff
39731256,0.7389,0.7407888518181562,76,89489e35467ffff
39753269,0.0518,0.04249691926014781,49,89489e3736fffff
3979017,0.7306,0.7615941559557649,26,89489e35cdbffff
39820546,-0.4783,-0.48683898745023413,22,89489e2710fffff
39857022,0.7558,0.7615941559557649,3,89489e3520fffff
39867825,0.747,0.7519528773688551,37,89489e35ccbffff
39872391,0.1866,0.0,6,89489e3604fffff
39889185,-0.2641,-0.2618121991565628,19,89489e3464bffff
39912188,-0.1573,-0.2538647186519216,3,89489e34663ffff
39912567,0.7616,0.7615941559557649,2,89489e22a2fffff
39913412,-0.0701,-0.04208833502516053,41,89489e34673ffff
39927210,-0.2445,-0.19651490000210492,13,89489e34673ffff
39928045,-0.4325,-0.42510525830898055,8,89489e34673ffff
39928623,-0.7165,-0.7693761758801304,15,89489e34673ffff
39938717,0.6003,0.6038599403081564,47,89489e37373ffff
39948741,-0.0972,-0.30463766238230594,10,89489e3445bffff
39966219,0.8426,0.8425675256037856,5,89489e22d73ffff
39974185,0.7044,0.7192147913052899,48,89489e3426bffff
39993615,0.0628,0.16581439279915644,15,89489e34673ffff
40012714,0.1523,0.13207548877914776,10,89489e34057ffff
40012945,-0.3197,-0.43519666054615136,14,89489e34057ffff
40061514,0.5134,0.7615941559557649,1,89489e22d97ffff
40067207,-0.3531,-0.2538647186519216,3,89489e34673ffff
40081723,0.7616,0.7615941559557649,5,89489eada83ffff
40093183,0.7693,0.7927348489140454,40,89489e34413ffff
40110806,0.6628,0.6651091040979975,60,89489e370b3ffff
40110899,-0.3808,-0.7615941559557649,3,894898d8617ffff
4013309,0.289,0.28216259965479157,42,89489e34293ffff
4013329,0.5478,0.5597327168471457,41,89489e34293ffff
40133718,0.5953,0.7615941559557649,1,89489e3730fffff
4014472,0.7071,0.7085469037210103,69,89489e35ddbffff
40159447,0.7616,0.7615941559557649,1,89489e248b3ffff
40173703,0.1803,0.033738904020008675,6,89489e3733bffff
40227059,0.5778,0.628854022414874,13,89489e3700bffff
40235801,0.7616,0.7615941559557649,1,89489eaca17ffff
40251515,0.2539,0.2538647186519216,3,89489e35d63ffff
40285,0.78,0.7799971945121332,11,89489e35933ffff
4030864,-0.1042,-0.10020975736260064,38,89489e346cbffff
40321884,0.7066,0.7065627022977866,48,894898ca323ffff
40365068,0.5733,0.5769353446270271,55,89489e363dbffff
4037342,0.5277,0.4569564935734589,5,89489e34407ffff
40394734,-0.7616,-0.7615941559557649,3,89489e272c3ffff
40443232,0.636,0.6379444516208516,23,89489e344bbffff
40470069,0.1958,0.7615941559557649,2,89489e22173ffff
40470352,0.2377,0.7615941559557649,3,89489e34653ffff
4047528,-0.4478,-0.4348669886732595,23,89489e3460bffff
40502407,0.7045,0.7615941559557649,2,89489e35027ffff
40509092,0.448,0.7615941559557649,1,89489e36247ffff
4050950,0.5616,0.5597470164724314,80,89489e350a3ffff
40514778,0.6316,0.7615941559557649,2,89489e3422fffff
4054044,0.6178,0.6231224912365348,66,89489e3512fffff
40560248,0.155,-0.10121671206002603,2,89489e351abffff
40561326,-0.0735,-0.19958136296779708,6,89489e340cfffff
40563344,0.7336,0.7615941559557649,4,894898d965bffff
40595519,0.7616,0.7771659578111534,13,89489e35897ffff
4060699,0.2539,0.2538647186519216,3,89489e35b97ffff
4066631,0.7665,0.8020808407797752,5,89489e35e83ffff
40675868,0.4359,0.43459006430003044,25,89489e22c5bffff
40678249,0.5093,0.47599634747235303,16,89489e34463ffff
406911,0.6231,0.6236149014159169,76,89489e346b3ffff
40708207,0.4054,0.37517392730788096,18,89489e366b7ffff
40710432,0.3239,0.3807970779778824,2,89489e3741bffff
40710714,0.4,0.32134252669193897,3,89489e35e2fffff
40755013,0.6833,0.6832643384712985,24,89489e35d3bffff
40761922,0.2405,0.2100949395740041,29,89489e37377ffff
4076557,0.5927,0.5916810841232821,52,89489e36283ffff
4077459,0.4325,0.2538647186519216,3,89489e37253ffff
40786965,0.6851,0.6847433001047767,123,894898d846bffff
40804969,0.6486,0.8290719639957822,3,89489e22003ffff
4082265,0.6016,0.5077294373038432,3,89489e360dbffff
40875889,0.3939,0.24100689501895423,4,89489e274b7ffff
40891290,0.0041,0.10121671206002603,2,89489e34663ffff
4092112,0.457,0.4569564935734589,5,894898d8313ffff
40937364,0.5985,0.5950062324559855,25,89489ead823ffff
40942081,0.3119,0.31475933358830854,10,89489e3405bffff
4095705,0.6574,0.6599976261256513,13,89489e27483ffff
40980490,0.7227,0.7615941559557649,5,89489e37177ffff
40994620,0.7779,0.7615941559557649,1,894898cb3dbffff
4102866,0.6369,0.7615941559557649,1,89489e37107ffff
41028923,0.5552,0.6089461493638693,3,89489e3401bffff
41030817,-0.4331,-0.4496561908404408,28,89489e3464bffff
41059273,0.7916,0.7953330599757735,6,89489e27497ffff
41064875,-0.1108,-0.21759833027307568,7,89489e36613ffff
41082095,0.7616,0.7615941559557649,2,89489e376d7ffff
41102834,-0.2783,-0.3989588613726992,20,89489e3518fffff
4112403,0.6513,0.6415255297929032,11,89489e241c3ffff
41179263,0.7659,0.7953330599757735,6,89489e35e83ffff
41211499,0.4643,0.4558692144430094,47,89489e3428fffff
41213255,0.5087,0.4456004670998751,9,894898c808bffff
4121482,0.5048,0.5077294373038432,6,89489e353b3ffff
4121676,0.5356,0.5331159091690354,10,89489e371a7ffff
412290,0.587,0.5838477059743269,8,89489e37107ffff
41242072,0.7305,0.73222047439909,64,89489e35877ffff
41286166,0.4492,0.7615941559557649,1,894898d9103ffff
41292414,0.7129,0.7615941559557649,13,89489e3512fffff
41324926,0.7616,0.7615941559557649,6,89489e32b97ffff
41332040,0.6833,0.7615941559557649,4,89489e32b37ffff
41346926,0.0355,0.011246301340002892,18,89489e37027ffff
41375869,0.6171,0.572914886271268,7,89489eacbcbffff
41376736,0.7628,0.7615941559557649,5,89489e3538fffff
41434469,-0.6205,-0.7615941559557649,16,89489e355afffff
41454119,0.5959,0.7615941559557649,1,89489e355cfffff
4145599,0.6489,0.6600329580112407,43,89489e34063ffff
41460152,0.7616,0.7615941559557649,1,89489e35ab7ffff
41460272,0.6019,0.6036632392134939,40,89489e32b37ffff
41460275,0.5292,0.5254629353768941,40,89489e32b37ffff
41460276,0.5814,0.5815187461499294,53,89489e32b37ffff
41477778,0.6858,0.7615941559557649,6,89489e37377ffff
41511557,0.0314,-0.04479965623269205,17,89489e372dbffff
41532620,0.7616,0.7615941559557649,2,894898d9153ffff
4154464,0.6283,0.7615941559557649,5,89489e35593ffff
41553184,0.6834,0.6833553289087342,26,894898ca28fffff
41591740,-0.3378,-0.7615941559557649,1,89489e3464fffff
41593101,0.6459,0.7615941559557649,2,89489e36263ffff
4163685,0.6936,0.7192833695137779,18,89489e350cbffff
41637187,0.3349,0.27234256979936783,11,89489e35e0bffff
41637658,0.5511,0.7615941559557649,1,89489e372cfffff
4164084,0.2876,0.21876486151561594,13,89489e3752bffff
4164781,0.6231,0.6305802106073287,50,89489e3732bffff
41682653,0.5574,0.5584406606465883,48,89489e3654bffff
41688983,0.6544,0.6415255297929032,11,89489e35007ffff
41706632,0.6116,0.7615941559557649,3,89489e35c9bffff
41708281,0.1219,0.1903985389889412,8,89489e34663ffff
41716571,-0.7616,-0.7615941559557649,1,89489e34ac7ffff
4171708,0.6593,0.6605367565432569,156,89489e3428fffff
41721045,0.6793,0.7615941559557649,1,89489e3404fffff
41724606,0.5843,0.8394143551994201,3,89489e355bbffff
4174180,0.6555,0.6605786803572345,92,89489e37327ffff
41796207,0.5661,0.5661347813638223,20,894898d94c3ffff
41801106,0.5365,0.7615941559557649,4,89489e35087ffff
41819774,0.706,0.709351137781857,52,894898d8cc3ffff
41819825,0.7247,0.7298850619365951,45,894898d8cc3ffff
41824258,0.7072,0.7905132165443438,7,89489e34447ffff
41828795,0.1181,-0.7615941559557649,1,89489e3712bffff
41837085,0.6347,0.6227708863726154,15,89489e35eafffff
4184049,-0.2364,-0.23956248098139085,71,89489e3629bffff
4184743,0.7668,0.7615941559557649,3,89489ead927ffff
41873306,0.7616,0.7615941559557649,1,89489e2290fffff
41877876,0.0359,-0.16924314576794774,9,89489e35563ffff
41880363,-0.0044,-0.19280551601516338,5,89489e35093ffff
41882776,0.7616,0.7615941559557649,5,894898d9057ffff
41887823,0.6819,0.7615941559557649,3,89489e22987ffff
41904069,0.7238,0.7615941559557649,8,89489e221d7ffff
41905240,-0.7365,-0.7615941559557649,4,894898d9567ffff
41905296,-0.1269,-0.2538647186519216,3,894898d8033ffff
41905528,0.7616,0.7615941559557649,1,89489e36e6bffff
41929618,0.6919,0.6839026919680309,17,89489e35e8bffff
41935943,0.1297,0.0951992694944706,4,89489e370a3ffff
41952467,0.0978,-0.7615941559557649,1,89489e34293ffff
41963611,0.6697,0.7419394947514852,13,89489e3700bffff
41982896,0.0224,-0.15231883119115297,5,89489e3406bffff
4198303,0.5194,0.5183838280470039,57,89489e22dc7ffff
41983088,0.6815,0.6834160826045343,66,89489e36227ffff
41984005,0.5431,0.5203815263113465,16,894898c8e07ffff
4202378,0.6525,0.6473138856373073,24,89489e35897ffff
42063586,0.6993,0.7615941559557649,1,89489e35113ffff
42068339,-0.4074,-0.4165861389387857,29,89489e2710bffff
42074207,0.7371,0.7370625820187207,45,89489e34b2bffff
42113036,0.4086,0.408569959030165,21,89489e27373ffff
42142951,0.6699,0.6882188844117939,18,89489e3604fffff
42159461,0.3825,0.5077294373038432,6,89489e355afffff
42161558,0.0506,0.05060835603001301,4,89489e2460bffff
42162967,-0.1273,-0.21759833027307568,7,89489e37257ffff
4219001,0.7028,0.7615941559557649,6,89489e36647ffff
42195743,0.7996,0.7615941559557649,1,89489eadb8bffff
42199972,0.7444,0.7615941559557649,2,89489e34387ffff
42200892,0.7535,0.7533712040170044,68,89489e34343ffff
42226681,-0.246,-0.2737037683376596,23,89489e355d3ffff
4224100,0.4496,0.3807970779778824,4,89489e3654bffff
42244632,0.5517,0.556271792917883,47,89489e372cfffff
4224760,0.6766,0.7615941559557649,6,89489e3442bffff
4224800,0.6536,0.6663948864612943,16,89489e36647ffff
4225262,0.2661,0.32134252669193897,3,89489e346bbffff
42255810,0.7581,0.8628108680157909,2,89489e3665bffff
42276701,0.2036,0.19133435917500227,53,89489e34007ffff
42284214,0.4685,0.3807970779778824,2,89489ead9b3ffff
42298938,-0.4176,-0.4569564935734589,20,89489e346cbffff
42317364,0.54,0.5514992163817607,29,89489e350b3ffff
42333408,0.7672,0.7615941559557649,3,89489e36293ffff
42353836,0.4526,0.2538647186519216,3,89489e35073ffff
42360456,-0.2201,-0.22012581463191294,6,894898c830bffff
42365628,0.3452,0.27694332943845995,11,89489e37127ffff
42379568,0.4554,0.7615941559557649,1,89489e350dbffff
42379791,0.7616,0.7615941559557649,1,89489e35d27ffff
42381582,0.7616,0.7615941559557649,1,89489e22307ffff
42384230,0.641,0.6377733852253138,32,89489e34453ffff
42384705,0.6443,0.6447505502957324,50,89489eac873ffff
42385034,0.686,0.701559842874334,22,89489e351c3ffff
42390679,0.5421,0.539862684469308,41,89489e351c3ffff
42401834,0.8254,0.8628108680157909,4,89489e3582bffff
42412334,0.7652,0.773502004433415,51,89489e3605bffff
42412573,0.7503,0.8425675256037856,5,89489e372a3ffff
42412967,0.5729,0.572914886271268,7,894898cac23ffff
424279,0.4584,0.32134252669193897,3,89489e37107ffff
42430515,0.0032,-0.32134252669193897,3,89489e3714fffff
42437214,0.7953,0.7615941559557649,1,89489e22b43ffff
42437285,0.6477,0.645908097969807,36,89489eac237ffff
42468404,0.7365,0.7392986992235361,16,89489e37147ffff
42488104,0.7463,0.7905132165443438,7,89489e35013ffff
42491984,0.8206,0.8290719639957822,3,89489e31b7bffff
42493257,0.4314,0.43140543400789544,4,89489e2633bffff
42511269,0.096,0.014459530294289433,14,89489e3558fffff
42518971,0.7327,0.7615941559557649,4,89489e35eafffff
42536025,0.6885,0.7107259246093761,38,89489e355abffff
42537433,0.2145,0.16626162144725964,23,89489e3449bffff
42539732,0.6829,0.7615941559557649,1,89489e37193ffff
42541133,0.4933,0.4811027357878569,21,89489e32b37ffff
42542237,0.4377,0.35100769693952866,4,89489e376c3ffff
42543665,0.6104,0.5890319823526067,10,89489e34313ffff
42544174,0.7254,0.7230313468636468,29,89489e358bbffff
42560135,-0.4218,-0.5983954082509582,14,89489e3732fffff
42584265,0.2287,0.2538647186519216,6,89489e340cfffff
4258466,0.7226,0.8122025119857779,2,89489e35cd3ffff
42591222,0.4686,0.2538647186519216,3,89489e370a7ffff
42591391,0.1372,-0.7615941559557649,1,89489e3427bffff
42591785,0.736,0.7380845260646469,65,894898d824bffff
42616935,0.6465,0.6622557877876216,23,89489e3518fffff
42625339,0.6267,0.6295186671766171,10,89489e31bd3ffff
42629450,0.6577,0.7615941559557649,1,89489e27077ffff
42644748,0.4136,0.42310786441986936,18,89489e36287ffff
42646618,0.5311,0.5077294373038432,6,89489e37333ffff
42648985,0.5241,0.5173691241667029,21,89489e3519bffff
42661730,0.7616,0.7615941559557649,4,89489e22b4bffff
42662716,0.0272,0.0,4,89489e362cfffff
4267874,-0.1435,-0.2538647186519216,3,89489e355d3ffff
42684475,0.3808,0.7615941559557649,1,894898ca887ffff
42685929,-0.2443,-0.2970510287694791,34,89489e350dbffff
42692733,-0.2632,-0.3192541158804469,33,89489e350dbffff
42704796,0.7616,0.7615941559557649,2,89489e308b7ffff
4270825,0.7608,0.7733635410790237,43,89489e35c43ffff
42717167,0.7945,0.7953330599757735,9,89489e22cabffff
42718876,0.7382,0.7382022013514592,61,894898cb697ffff
42736666,0.6202,0.7615941559557649,2,89489e3668fffff
42737144,-0.4906,-0.4966918408407162,23,89489e352afffff
42744452,0.7616,0.7615941559557649,4,89489eac83bffff
4278536,0.3818,0.366337547683593,28,89489e3556bffff
42793871,0.6281,0.6790469754687976,16,89489e36287ffff
4279470,0.3808,0.3807970779778824,4,89489e35bdbffff
4279738,0.7056,0.7055885501265261,23,89489eacb8bffff
42812875,0.1398,-0.9640275800758169,1,89489e352abffff
42816195,0.7349,0.7615941559557649,4,89489e2736fffff
42820658,0.5729,0.6218039729968367,4,89489e352abffff
42825784,0.8628,0.8628108680157909,2,894898caa77ffff
4284646,0.3925,0.7615941559557649,1,89489e3468fffff
42854184,0.6819,0.6882188844117939,18,89489e3668bffff
42859047,0.5405,0.7615941559557649,1,89489e35437ffff
42866299,0.5945,0.6437877594852435,25,89489e3558bffff
42880180,0.4229,0.10121671206002603,2,894898d86bbffff
42881947,0.3542,0.15231883119115297,5,89489e37057ffff
4288292,0.7623,0.7669213513273452,19,89489eacb8fffff
4288403,0.717,0.7164082203616907,76,89489e35cafffff
42904672,0.4606,0.5439958256826892,7,89489e27313ffff
42925493,0.6897,0.7615941559557649,1,89489eac88fffff
42926212,0.5439,0.5311504430486074,26,89489e35c07ffff
4293731,0.6787,0.7615941559557649,1,89489e35563ffff
42980657,-0.3771,-0.412928140782279,34,89489e350c3ffff
43046327,0.5439,0.572914886271268,7,89489e3558fffff
43047287,0.4176,0.3807970779778824,10,89489e3754bffff
43054992,0.2465,0.24651739086165453,7,894898c8e73ffff
43057597,0.685,0.6891078699517307,15,894898c8e07ffff
430683,0.3514,-0.7615941559557649,1,89489e35983ffff
43069021,-0.5017,-0.7615941559557649,4,89489e346cbffff
4309531,0.6457,0.6407836792823747,9,89489e35c33ffff
43116963,0.7237,0.7868983339707714,4,89489e35c5bffff
43134349,0.5388,0.5295362953883997,14,89489e37167ffff
43156280,0.4807,0.4916612260836437,19,89489e34693ffff
43156819,0.8072,0.807188973525127,7,89489e201abffff
43157726,0.7616,0.7615941559557649,5,89489eacd43ffff
43223183,0.6917,0.6897275334277986,33,894898c8397ffff
43238009,-0.3171,-0.3987007691082506,30,89489e35507ffff
43277971,0.6378,0.7615941559557649,1,89489e363d3ffff
43286087,0.72,0.7615941559557649,9,89489e37107ffff
43299550,0.3833,0.42310786441986936,9,89489e22c4fffff
43302291,0.7785,0.7995504229782746,16,894898caac3ffff
43317461,0.5542,0.7615941559557649,2,89489e3512bffff
43329555,0.7428,0.7615941559557647,23,89489e36083ffff
43333733,-0.1297,-0.7615941559557649,2,89489e3550bffff
43335295,0.7766,0.7817964380152095,44,89489e365cbffff
43348175,0.5752,0.5813172881728262,20,89489e37377ffff
43357878,0.7754,0.7774526560814806,91,894898c8397ffff
43365374,0.6956,0.7615941559557649,1,89489e221c7ffff
43367113,0.8628,0.8628108680157909,2,894898da013ffff
43374509,0.3707,0.36435117410036144,17,89489e355abffff
43398756,-0.026,0.0,4,89489e34663ffff
433996,0.5471,0.5439958256826892,49,89489e34423ffff
4340903,0.7798,0.8290719639957822,9,89489e31b2fffff
4341443,0.7883,0.8001529034072034,21,89489eacb8bffff
43421770,0.523,0.5210907382855233,38,89489e34287ffff
43425480,0.8079,0.8122025119857779,4,89489e345c3ffff
43468475,0.7021,0.7102760160856434,32,894898d8c97ffff
43485799,0.7801,0.7885852791717718,15,89489e35e8bffff
43489864,0.0687,-0.3807970779778824,4,894898c9c77ffff
4351493,0.5831,0.5850460898733854,39,89489e35577ffff
43515959,0.5704,0.5533592515810406,10,89489eace8fffff
435211,0.419,0.4236801105983539,29,89489e3462fffff
43532791,-0.3806,-0.3939280117012577,29,89489e356a7ffff
43537024,0.6347,0.634661796629804,6,89489e248abffff
43547536,0.759,0.7840867586357706,9,89489e22b07ffff
43554061,0.4429,0.5549106102615863,10,89489e34077ffff
43556982,-0.7065,-0.7146357526050708,31,894898caa3bffff
43583267,-0.0314,-0.0845716978232553,11,89489e342bbffff
43595276,-0.3041,-0.3807970779778824,6,894898d964bffff
43595691,-0.3445,-0.48977058344063684,4,894898d964bffff
43603249,0.7064,0.7953330599757735,6,89489e35c53ffff
43613250,0.0118,0.0059343801382926425,26,89489e342afffff
43614642,0.5006,0.45269798364586505,6,89489e36a53ffff
43622216,0.6941,0.7001337904813029,24,894898daa6bffff
43651053,0.7712,0.7615941559557649,3,89489e24c9bffff
43667286,0.4311,0.43107830158571614,61,894898c8303ffff
43675698,0.6303,0.7615941559557649,3,89489e353b3ffff
43744679,0.7616,0.7615941559557649,2,89489e34a67ffff
43777229,0.7523,0.7521475313941893,133,894898d8c47ffff
43777574,0.7616,0.7615941559557649,6,89489e20d37ffff
43778145,0.515,0.514477218107845,15,89489e20db3ffff
43789137,-0.4767,-0.6383354605249376,14,89489e35c6bffff
43817859,-0.7616,-0.7615941559557649,2,894898c8e6bffff
43820536,0.5458,0.5150767650941103,7,89489e3662bffff
43843895,-0.3119,-0.10121671206002603,2,89489e34673ffff
43858970,0.6277,0.6351337529094554,51,89489e37327ffff
43860065,-0.7616,-0.7615941559557649,1,89489e37383ffff
43861515,0.307,0.2763573213319274,9,89489e3737bffff
43897219,0.7417,0.7416835464003002,23,89489e26b17ffff
43907333,-0.7616,-0.7615941559557649,2,894898c91b3ffff
43912689,0.2559,0.15231883119115297,5,89489e350b3ffff
43913939,0.7461,0.7615941559557649,10,89489e35eafffff
43942643,0.2315,0.7615941559557649,1,89489e37023ffff
43944899,0.29,0.17386805328007376,8,89489e3404bffff
43948038,0.7728,0.7728404572957677,18,89489e2018bffff
44003081,0.4025,0.37236235197288026,12,89489e3551bffff
44020810,0.439,0.43519666054615136,14,894898cb077ffff
4403398,0.2186,0.4569564935734589,5,89489e3468bffff
4403427,0.0565,0.7615941559557649,1,89489e3468bffff
44035457,0.6909,0.7615941559557649,4,89489e3624bffff
44062294,0.3022,0.26774181016027576,11,89489e350b3ffff
44087479,-0.1679,-0.1901174178541932,32,89489e34077ffff
44087632,0.7616,0.7615941559557649,8,89489e3432bffff
44135942,0.2539,0.2538647186519216,3,89489e36497ffff
44152344,0.7717,0.7717158271617675,20,894898c806fffff
44169741,-0.0496,-0.18638691061190427,3,89489e3462bffff
44171023,0.3929,0.3706754067718798,10,89489e35437ffff
4417363,0.4951,0.7615941559557649,1,89489e24457ffff
44231695,0.663,0.7615941559557649,2,89489e34423ffff
44243866,0.3737,0.0,1,89489e3732bffff
44249811,0.4175,0.43140543400789544,4,89489e3737bffff
44261775,0.4009,0.3807970779778825,14,894898c8323ffff
44264870,0.4144,0.4569564935734589,5,89489e36247ffff
44280139,0.5784,0.7615941559557649,2,89489e34413ffff
44300775,0.5377,0.4569564935734589,5,89489e34073ffff
4431533,0.826,0.9640275800758169,1,89489e251dbffff
44319776,0.6899,0.6926174804500841,42,894898cb343ffff
44334709,-0.4143,-0.41388956883567624,87,89489e34607ffff
44334720,-0.35,-0.3492459382070899,115,89489e3463bffff
44334728,-0.4595,-0.4636384392973121,25,89489e34607ffff
44359678,0.2558,0.7615941559557649,1,89489e3462bffff
44362381,0.619,0.6295186671766171,10,89489e2708bffff
44376177,0.0313,-0.023781820514377383,15,894898c827bffff
44400303,0.4245,0.4771998359854641,5,89489e37363ffff
44416489,0.4616,0.4611327096508672,12,89489e372dbffff
44416588,0.1137,0.1269323593259608,6,89489e3462bffff
4441722,0.3566,0.35030862358459613,40,89489e3711bffff
44419712,0.5698,0.5717188728420893,23,89489e375b3ffff
44419747,0.2667,0.23830067880319059,15,89489e36243ffff
44434928,0.2558,0.7615941559557649,1,89489e3462bffff
44448954,0.6783,0.8065793613157763,9,89489e35503ffff
44477375,0.734,0.7363124169288946,35,89489e35e83ffff
44477696,0.2863,0.2320578605673651,14,89489e350cbffff
44478238,0.5163,0.5059559443889512,29,89489e351dbffff
44479312,-0.125,-0.7615941559557649,1,89489e3462bffff
44503482,0.2573,0.19468448019993034,12,89489e360cfffff
44519908,0.6397,0.6622557877876216,23,89489e35437ffff
4452791,0.17,0.43140543400789544,4,89489e3468bffff
44530024,0.6362,0.634661796629804,30,89489e35563ffff
4453016,0.4707,0.7953330599757735,6,89489e3468bffff
44531881,0.759,0.7615941559557649,2,89489e34343ffff
44588257,0.7408,0.7760536862500543,28,89489e34693ffff
44593097,0.6218,0.6218039729968367,8,89489e268cfffff
44593376,0.4383,0.4686733267420091,13,89489e27603ffff
4464432,0.4165,0.3301887219478694,2,89489e251d3ffff
44645345,0.6702,0.6673977935555535,48,89489e22c37ffff
44648474,0.7616,0.7615941559557649,1,89489e36623ffff
44661100,0.7154,0.7615941559557649,5,89489ead95bffff
44677991,-0.0124,-0.09608130586222353,17,89489e35cdbffff
44684447,0.7172,0.7168612974089078,25,89489e3641bffff
44711798,0.6957,0.6994651857517967,18,89489e351b7ffff
44749662,0.6904,0.6895903829750503,64,89489e3585bffff
44752662,0.7616,0.7615941559557649,11,89489eac31bffff
44890086,-0.2899,-0.4061835498430746,15,89489e3550bffff
44892708,0.5666,0.5629174196194784,23,89489e2705bffff
44996777,0.3837,0.7615941559557649,1,89489e37337ffff
45001128,0.6358,0.6481573582378075,30,89489e37113ffff
45013337,0.7285,0.7615941559557649,5,89489e351b7ffff
45035105,0.5664,0.7615941559557649,2,89489e2730fffff
45040816,0.6347,0.7615941559557649,3,89489e352abffff
45048204,0.6173,0.6231224912365348,11,89489e3428fffff
4508376,-0.6158,-0.7615941559557649,9,89489e3468bffff
45085283,0.3332,0.7615941559557649,1,89489e351afffff
45087904,0.1849,-0.7615941559557649,1,89489e355c7ffff
45092293,0.7237,0.7615941559557649,4,89489e351b7ffff
45102318,0.1652,0.09319345530595213,18,89489e34487ffff
45102389,0.6982,0.9640275800758169,1,89489e346b3ffff
45103482,-0.2527,-0.27635732133192736,27,89489e34643ffff
45103533,0.7377,0.7497253956791796,13,894898d9203ffff
45117080,0.7303,0.7428190344970458,38,89489e3519bffff
45118552,0.1468,0.15362914193810495,26,89489e3462bffff
45135201,0.5577,0.7615941559557649,1,89489e34063ffff
45166477,0.5116,0.5200618195409237,37,89489e35107ffff
45188378,0.6997,0.7615941559557649,1,89489e353bbffff
45191804,0.66,0.7615941559557649,2,89489e35a37ffff
45218453,0.5574,0.5585023810342276,15,89489e2219bffff
45221098,0.6662,0.67833160690564,11,89489e22c2bffff
45221683,0.3212,0.27073417066192595,12,89489e35d57ffff
45223807,0.4776,0.4628813729239831,34,89489e3440bffff
45240418,-0.1203,-0.3807970779778824,2,89489e3724fffff
45241119,-0.125,-0.7615941559557649,1,89489e3462bffff
45248532,0.0816,0.0,4,89489e36003ffff
45256876,0.7475,0.7868983339707714,12,89489e22cb3ffff
45276565,0.2902,0.29459828167636964,47,89489e35407ffff
45277991,0.0654,0.0,1,89489e3462bffff
45304375,0.2558,0.7615941559557649,1,89489e3462bffff
4538217,0.4094,0.10121671206002603,2,89489e22dc3ffff
45401573,0.7616,0.7615941559557649,2,89489e2644bffff
45431197,0.5772,0.5923510101878171,9,89489e22c8fffff
45432352,-0.681,-0.7111360618626131,43,89489e343c7ffff
45433986,-0.1173,0.0,2,89489e354a7ffff
45440634,0.3237,0.29124171135844246,19,89489e3644fffff
45440882,-0.5469,-0.6012338100288709,20,89489e374a3ffff
4545175,0.0276,-0.05858416584275114,13,89489e37123ffff
45451834,0.6854,0.6854347403601884,10,89489e361c3ffff
45456265,0.6388,0.6403092772701398,31,894898c8567ffff
45459464,0.0063,-0.15231883119115297,5,89489e3706bffff
45467121,0.1705,0.2538647186519216,3,89489e3462bffff
45467226,0.0978,-0.7615941559557649,1,89489e34293ffff
45468117,0.3014,0.2868002731316499,22,89489e36243ffff
45468626,0.7869,0.7615941559557649,1,89489e37213ffff
45469731,0.6099,0.6430508038291476,27,89489e358d3ffff
45484516,0.7854,0.7939835038149732,25,894898cb20bffff
45493096,0.7616,0.7615941559557649,1,89489e22b03ffff
45511551,0.6536,0.6536252348106686,56,894898d9c07ffff
45525221,0.6937,0.695810540445681,34,89489e22c87ffff
45531326,0.6645,0.7615941559557649,2,89489e3404bffff
45533428,0.7754,0.7811844873222215,62,89489e3447bffff
45564394,0.3479,0.32134252669193897,6,89489e37123ffff
45569448,0.6611,0.6748283555866349,41,89489e3733bffff
45595809,-0.0411,-0.07979093074638371,8,89489e342afffff
45608559,0.5147,0.4569564935734589,5,89489e36283ffff
45610693,0.7322,0.7460706298616738,59,89489e37323ffff
45634345,0.6404,0.8122025119857779,4,89489e3712bffff
45655787,0.1694,0.129517339816654,23,89489e34397ffff
45691473,0.7161,0.7760536862500543,14,89489e35403ffff
45691527,0.7066,0.7615941559557649,1,89489eac86fffff
45696200,-0.6658,-0.7311303897175343,25,89489e373bbffff
45721928,0.7616,0.7615941559557649,1,894898db167ffff
45742036,0.6616,0.7615941559557649,6,89489e35c9bffff
45749604,0.4271,0.0,2,89489e274abffff
45786811,0.225,0.5077294373038432,2,89489e34657ffff
45789329,0.7616,0.7615941559557649,1,894898c9417ffff
45804707,0.7054,0.7784636079657692,12,89489e36683ffff
45810860,0.7616,0.7615941559557649,1,89489e36a43ffff
45824820,0.3199,0.5077294373038432,3,89489e24843ffff
45830460,-0.1363,-0.17256217360315818,10,89489e35597ffff
45831240,-0.5754,-0.5788115585263813,25,89489e355dbffff
45831324,-0.1316,-0.16067126334596948,12,89489e35597ffff
45832026,0.3566,0.0,2,89489e253b7ffff
45837493,0.7697,0.7615941559557649,3,894898cacabffff
45864799,-0.0304,-0.030419876184798245,15,89489e276dbffff
45896781,0.7631,0.7719753571926906,39,894898d8cc3ffff
45898831,-0.2361,-0.8290719639957822,3,89489e3700bffff
45920582,0.7616,0.7615941559557649,5,89489e272b7ffff
45939066,0.6229,0.6344972089294327,20,894898d8cd7ffff
45950504,0.7634,0.7818374983677701,10,894898caacbffff
45953285,0.4958,0.4654186508618563,9,89489e366b7ffff
45961023,-0.62,-0.5923510101878171,9,894898d9567ffff
4596762,0.7616,0.7615941559557649,1,89489e363cfffff
45987280,0.3833,0.2538647186519216,6,89489e355c3ffff
46010410,-0.7182,-0.7615941559557649,2,89489e35587ffff
46050600,0.8021,0.8020808407797752,5,89489e343a3ffff
46070965,0.2558,0.7615941559557649,1,89489e3462bffff
46073084,0.5077,0.5077294373038432,9,89489eade2fffff
46086789,0.6451,0.6449199900789139,44,894898d8cc3ffff
46101661,-0.055,0.033738904020008675,6,89489e34223ffff
46103871,0.6289,0.6374609031996251,33,89489e37377ffff
461404,0.5979,0.5964997949818301,24,89489e358d7ffff
46155051,0.7063,0.7615941559557649,6,89489e37127ffff
46181205,0.5568,0.5272574925847603,13,89489e32d93ffff
46219932,0.6164,0.6128549385452475,28,89489ead92fffff
46221977,0.6309,0.7615941559557649,2,89489e371a7ffff
46236559,0.4802,0.32134252669193897,3,89489e35163ffff
46239406,-0.2269,-0.3384862915358955,12,89489e34057ffff
46255897,0.6688,0.6829142736505099,31,89489e350afffff
46258412,0.5871,0.5964997949818301,16,89489e35423ffff
46273136,0.3917,0.5030538650736733,11,89489e35a13ffff
46279323,0.2089,0.20535620425084225,54,89489e34053ffff
46280147,0.5919,0.8628108680157909,2,89489e3712bffff
46281476,0.1735,0.07988010454795898,7,89489e35a1bffff
46285626,0.1186,0.2538647186519216,3,89489e35a13ffff
46293721,0.6378,0.7615941559557649,1,89489eadc83ffff
46300402,0.2282,0.18799156196271904,10,89489e27067ffff
46331070,0.7829,0.7868983339707714,8,89489e36297ffff
46335636,0.7665,0.7799971945121332,11,89489e2410fffff
46353057,0.7841,0.7840867586357706,9,89489eac843ffff
46398957,0.3075,0.13207548877914776,5,89489e3404bffff
46412123,0.143,0.05060835603001301,4,89489e27313ffff
46414295,0.674,0.6515312486398084,6,89489e37157ffff
46427250,0.7571,0.76151578086035,63,89489e35813ffff
4645766,0.7564,0.7868983339707714,8,89489e3443bffff
46480873,-0.0205,-0.32134252669193897,6,89489e343d3ffff
46485666,-0.1665,-0.0951992694944706,16,89489e3460bffff
46489768,0.7265,0.7266466102160328,16,89489e36603ffff
46490468,0.6781,0.6802916109070014,30,89489e37193ffff
46513674,0.4119,0.4284098811587082,41,89489e24447ffff
46528916,0.7616,0.7615941559557649,15,894898d83c3ffff
46529406,0.5362,0.5316525246490972,39,89489e3428fffff
46565036,-0.1363,-0.11849763332095864,24,89489e3464bffff
46580900,0.7818,0.7818374983677701,10,894898dae8fffff
46601193,0.3428,0.2876036226719303,6,89489e37497ffff
46638773,0.7616,0.7615941559557649,3,89489e373c7ffff
46683288,0.7257,0.7885852791717718,15,89489e3712bffff
46693455,0.338,0.0,2,89489ead923ffff
46694007,0.7158,0.7615941559557649,1,89489e36433ffff
46711005,0.7133,0.8965497720357996,3,89489e3710bffff
46726317,0.4846,0.5077294373038432,30,89489e3544bffff
46730105,0.3703,0.36215838691669205,15,89489e3712bffff
46748589,0.1958,0.0,4,89489e2414fffff
46751993,0.7616,0.7615941559557649,2,89489e20d07ffff
46768252,0.7616,0.7615941559557649,1,894898c8663ffff
46779967,0.66,0.6600482684949962,15,89489ead863ffff
46791390,-0.1012,-0.10121671206002603,2,894898c8067ffff
46794896,0.4164,0.42310786441986936,3,89489e34587ffff
46820079,-0.6206,-0.6599976261256513,26,89489e3464bffff
46849494,-0.3625,-0.7615941559557649,3,89489e34657ffff
46857102,0.2539,0.2538647186519216,3,89489e27173ffff
46864527,0.2997,0.32134252669193897,3,89489e35547ffff
46875540,-0.125,-0.7615941559557649,1,89489e3462bffff
46876625,0.5227,0.5923510101878171,9,89489e3406bffff
46877991,0.38,0.35541060611269026,10,89489e36643ffff
46888596,0.4622,0.5030538650736733,11,89489e35533ffff
46893307,0.5331,0.7615941559557649,2,89489eadb77ffff
46894094,0.7135,0.7615941559557649,2,89489e22113ffff
46919733,0.2848,0.05060835603001301,4,89489e34487ffff
46949473,0.4847,0.5040557734087097,14,89489e35633ffff
46951327,0.3091,0.4187533450003922,8,89489e3726bffff
46951737,0.5377,0.5377195742105175,27,89489e250afffff
46970281,-0.2005,-0.25044064337456895,36,89489e3737bffff
46992125,0.3808,0.7615941559557649,1,89489e345b7ffff
46999285,0.6167,0.6373362155478287,18,89489e344cfffff
47031543,0.7803,0.7816911981896623,45,894898d8c47ffff
47073997,0.0248,0.0,4,89489e355b3ffff
47074377,-0.6743,-0.7615941559557649,19,89489e373bbffff
47076963,0.5075,0.5235959822195884,16,89489e3469bffff
47115195,0.0847,0.0,12,894898dae73ffff
47122874,0.7818,0.7615941559557649,2,89489e22dd3ffff
47153418,0.7953,0.7953330599757735,6,89489eacad3ffff
47154632,0.194,0.15231883119115297,15,89489e3732fffff
47156486,0.7181,0.7203205657122812,32,89489e356b3ffff
4719452,0.7616,0.7615941559557649,2,894898cb5b7ffff
47201344,0.7616,0.7615941559557649,4,89489e24443ffff
47203013,0.7066,0.7615941559557649,3,89489e2554fffff
47216803,0.572,0.4974431783974693,5,89489e3640bffff
47239274,0.7616,0.7615941559557649,2,894898d9283ffff
47272891,0.6761,0.6761229207460394,41,89489e24057ffff
47331054,0.4893,0.5063759821845836,38,89489e34053ffff
47357269,0.7616,0.7615941559557649,1,89489e2714bffff
47358510,0.7616,0.7615941559557649,3,89489e35237ffff
47394606,0.5585,0.5584553559769786,14,89489eac82fffff
47397042,-0.0625,-0.008434726005002169,12,89489e3464bffff
47421475,0.6911,0.7412378975742182,16,894898dae73ffff
47431294,0.6805,0.7615941559557649,4,89489e356afffff
47446861,0.0609,0.06092753247646119,25,89489e346dbffff
47446946,0.2513,0.0,2,89489e366b3ffff
47448369,0.7301,0.7771659578111534,13,89489e3668fffff
47450499,0.0536,-0.3807970779778824,4,894898caacfffff
47455458,0.2795,0.7615941559557649,2,89489e34677ffff
47487893,0.7806,0.7615941559557649,1,89489eadc8bffff
47509227,0.0622,0.01728913490039008,25,89489e3627bffff
47519064,0.7984,0.7984002330685016,11,89489e25467ffff
47529558,-0.125,-0.7615941559557649,1,89489e3462bffff
4756372,-0.0391,-0.13439896869807616,17,89489e37327ffff
47565390,0.6037,0.6092753247646119,10,89489e36647ffff
47596836,0.7361,0.7453792783323258,22,89489e373b7ffff
4764568,0.761,0.8290719639957822,3,89489e35877ffff
47715668,0.7616,0.7615941559557649,1,89489e26a37ffff
47720637,0.556,0.5489001602345949,16,894898caa07ffff
47721046,0.4417,0.7615941559557649,1,89489e3738fffff
47721386,0.4488,0.60359731152782,9,89489e35597ffff
4774398,-0.55,-0.5500402237458302,18,89489e35d77ffff
47746474,0.6838,0.7615941559557649,1,89489e37177ffff
47747216,0.1612,0.06212897020396809,9,89489e3581bffff
47757414,0.7059,0.8628108680157909,2,89489e37387ffff
4775925,0.7616,0.7615941559557649,2,89489e248afffff
4776659,0.1678,0.10154588746076865,15,89489e353b3ffff
47771824,0.664,0.6774880748708372,29,89489e353c3ffff
47782518,0.4032,0.42566096275464665,13,89489e355d7ffff
47783195,0.691,0.695810540445681,17,894898caac7ffff
47783369,0.457,0.4569564935734589,5,894898ca017ffff
47797555,-0.3819,-0.3819432575141787,21,894898d9c83ffff
47800632,0.6733,0.7615941559557649,3,89489e36647ffff
47814608,0.5139,0.7615941559557649,4,89489e3558bffff
47828808,0.1012,0.10121671206002603,1,89489eacbafffff
47861753,0.5458,0.531745129028684,19,89489e34497ffff
47869382,0.1391,0.13356969726407156,38,89489e36073ffff
47869682,0.2301,0.23008289813754423,30,894898c8e8bffff
47870705,0.7597,0.7615941559557649,25,894898d920fffff
47870960,0.6997,0.6990790578721578,65,89489ead367ffff
47893150,0.8146,0.8223241831917804,10,89489e2517bffff
47903696,0.3874,0.3384862915358955,9,89489e37377ffff
47905814,0.6882,0.7089138426919404,28,89489e3718fffff
47906996,-0.1428,0.7615941559557649,1,89489e352afffff
479197,0.4312,0.7615941559557649,2,89489e346bbffff
47921932,0.7037,0.7905132165443438,7,89489e37327ffff
47922270,0.6858,0.7615941559557649,9,89489e37323ffff
47922431,0.4126,0.39298328229610396,28,89489e3428fffff
47922481,0.7616,0.7615941559557649,3,89489e24017ffff
47925020,0.7557,0.7717158271617675,20,89489e3438bffff
4795682,0.7,0.7038459223917838,51,89489e35183ffff
47961078,0.5833,0.5923510101878171,9,89489e35b9bffff
47961333,0.3142,0.7615941559557649,1,89489e362b7ffff
47964106,0.7047,0.7615941559557649,3,89489e36043ffff
47964780,0.7742,0.7615941559557649,5,89489e35babffff
47965881,0.472,0.4643060465309377,51,89489e37163ffff
47987667,0.5775,0.5077294373038432,6,89489e36343ffff
4800040,0.4496,0.4654186508618563,18,89489e35417ffff
48011113,0.7058,0.7615941559557649,11,89489e37327ffff
48015234,0.6833,0.6925021829527254,39,89489e364cbffff
48026236,0.7616,0.7615941559557649,2,89489e25927ffff
48030468,0.0056,-0.05703726784649671,24,89489e3442bffff
48039141,0.4439,0.4492417993936785,20,894898ca203ffff
48044613,0.457,0.4569564935734589,5,89489e35c17ffff
48058950,0.5927,0.5872627433014206,30,89489e36457ffff
48066377,0.5138,0.5161641633088454,24,89489e3718fffff
48071617,0.3298,0.32488100479431115,5,89489e34457ffff
48081491,0.8628,0.8628108680157909,2,89489eac3a7ffff
48101628,0.3346,0.3807970779778824,4,89489e22d9bffff
48103874,0.4445,0.44345964366380236,64,89489e35243ffff
48111525,0.5427,0.6295186671766171,10,89489e3544bffff
4811246,0.7167,0.7615941559557649,16,89489e351c7ffff
48117236,0.3304,0.31945470157333333,17,89489e221dbffff
48117931,0.4958,0.530222039983849,9,89489e221dbffff
48122624,0.5254,0.4569564935734589,5,89489e35c5bffff
48125741,0.0041,-0.033738904020008675,6,89489e366c7ffff
48134625,0.7368,0.7526759732628733,40,89489e3518fffff
48134851,0.5359,0.5923510101878171,9,89489e3448fffff
48136605,0.7616,0.7615941559557649,2,89489e352a3ffff
4814446,-0.1827,-0.18515254916959326,34,89489e346cbffff
48145872,-0.4196,-0.42550730250523827,77,89489e35583ffff
48145875,-0.3291,-0.3553165559981924,7,89489e35583ffff
48145916,-0.5733,-0.5902497063917428,54,89489e35583ffff
48145921,-0.5098,-0.5167614695997838,104,89489e35583ffff
48147712,0.8059,0.8628108680157909,1,89489eadc8bffff
48150209,0.6826,0.6825957337417924,18,89489eacb3bffff
48158463,0.5315,0.530222039983849,18,89489e350cbffff
48180539,-0.3585,-0.4442632576408629,12,89489e35597ffff
48185394,0.6182,0.6923583235961499,11,89489e37037ffff
48190238,0.5356,0.5030538650736733,11,89489e37243ffff
4820267,0.744,0.7529536953252985,24,89489e34073ffff
48211944,0.7786,0.81680327162487,11,894898ca217ffff
4821958,0.6421,0.6443308731310051,55,89489e35c47ffff
48283322,-0.3373,-0.7615941559557649,6,89489e3702fffff
48284419,0.5272,0.6295186671766171,20,89489e346cbffff
48300900,0.1096,0.0,4,89489e371b7ffff
48310922,0.7103,0.7615941559557649,2,89489e3511bffff
48319102,0.1904,0.1903985389889412,8,894898caa57ffff
48335672,0.7223,0.7302101395432737,47,89489e364b7ffff
48343709,0.3213,0.32134252669193897,9,89489e356abffff
48353761,0.4082,0.7615941559557649,3,89489e37023ffff
48364685,0.31,-0.7615941559557649,1,89489e20d2fffff
48366805,-0.3927,-0.4135073651047172,14,894898cb6afffff
48375917,0.964,0.9640275800758169,1,89489e3406fffff
48382273,0.2821,0.4654186508618563,9,89489e35583ffff
48382988,0.6054,0.7615941559557649,2,89489e37327ffff
48385960,0.3961,0.3516145032615117,8,89489e371afffff
48398490,0.5793,0.7615941559557649,2,89489e35053ffff
48403458,0.5346,0.6092753247646119,10,89489e35ebbffff
48425087,0.7413,0.7615941559557649,17,89489e22c23ffff
48425879,0.7616,0.7615941559557649,2,894898ca213ffff
48441987,0.7616,0.7615941559557649,2,894898ca087ffff
48445622,-0.366,-0.43140543400789544,4,89489e3464bffff
48446468,-0.215,-0.20305062799644447,16,89489e3464bffff
48446648,-0.3121,-0.3263974954096135,7,89489e3464bffff
48449085,0.4205,0.3689061677206938,15,89489e35113ffff
48452991,0.7111,0.7905132165443438,7,89489e3518fffff
4848222,0.2015,0.16768462169122444,33,89489e3550fffff
48482439,0.0055,-0.020243342412005205,10,89489e37413ffff
48483409,0.6459,0.6314473407215622,16,89489eaca2fffff
48487519,0.6238,0.6092753247646119,15,89489e36097ffff
4849820,0.7063,0.7615941559557649,6,89489e37127ffff
48515621,0.7687,0.8290719639957822,3,89489eadc13ffff
48518621,0.6382,0.7615941559557649,1,89489e34487ffff
48521607,0.4711,0.3807970779778824,4,89489e34417ffff
48522293,0.6893,0.7615941559557649,2,89489e37103ffff
485360,0.002,-0.10711417556397966,9,89489e355bbffff
48542248,-0.125,-0.7615941559557649,1,89489e3462bffff
48548399,0.6218,0.6018988005337198,11,89489e356b3ffff
48562338,0.7943,0.8965497720357996,3,89489e27137ffff
48567289,0.6859,0.7615941559557649,3,89489e350a3ffff
4856743,0.2679,0.29218354747227687,35,89489e35597ffff
48592891,0.6971,0.6976900723173977,35,89489e254b7ffff
48602146,0.6634,0.6677835270533455,13,89489e3440bffff
48621066,0.5569,0.5533592515810406,10,89489e36263ffff
48654692,0.2285,0.0,2,89489e32da7ffff
48663524,0.7005,0.7005349533190066,15,894898c8557ffff
48663743,0.4172,0.7615941559557649,1,89489e3405bffff
48672873,-0.6148,-0.6260899142078258,18,89489e3460bffff
48691651,0.7015,0.7615941559557649,10,89489e37327ffff
48701490,0.7453,0.7818374983677701,10,894898c8567ffff
48715048,-0.5129,-0.5477610779086853,48,89489e35c93ffff
48732777,0.5187,0.5439958256826892,14,89489e37123ffff
48735683,-0.3798,-0.39766652998788676,12,89489e3721bffff
48735777,0.3207,0.15231883119115297,5,89489eade23ffff
48735874,0.688,0.6870393917110031,15,89489e220a7ffff
48741204,0.2539,0.2538647186519216,6,894898dae2bffff
4874855,0.3305,0.5109387400054728,5,89489e22d53ffff
48750020,0.7074,0.719541115413301,58,89489e3733bffff
48757081,0.7616,0.7615941559557649,1,89489e349dbffff
48759122,0.7833,0.8425675256037856,5,89489e3505bffff
48804870,0.7534,0.777738378987284,27,89489e37377ffff
4881360,0.5987,0.6012585441756039,19,89489e37167ffff
48814755,0.5024,0.47599634747235303,16,89489e3634bffff
48824805,0.7616,0.7615941559557649,2,894898da843ffff
48845274,0.4025,0.4456004670998751,9,89489e34053ffff
48848897,0.3949,0.3708059932652868,23,89489e3716fffff
48850243,-0.1427,-0.10879916513653784,21,89489e3463bffff
48851861,0.544,0.5439958256826892,14,89489e220d3ffff
48861073,0.744,0.7615941559557649,12,89489e343b3ffff
48867583,-0.4485,-0.4501018747942733,72,89489e3467bffff
48870534,0.7329,0.7732671858423131,20,89489e354b3ffff
48883595,0.7177,0.7243167738333841,30,89489e34213ffff
48900387,-0.6622,-0.7875342223703166,9,89489e34653ffff
48900390,0.7,0.7615941559557649,5,89489e34423ffff
48903773,-0.2204,-0.3096442702837536,6,89489e37273ffff
48921430,-0.1608,-0.7615941559557649,1,89489e3546bffff
48921560,0.2549,0.7615941559557649,2,89489e3606bffff
48923094,0.7695,0.7615941559557649,1,89489e3533bffff
48933584,-0.5728,-0.5862402889677248,43,89489e3463bffff
48938262,0.0112,-0.2538647186519216,3,89489e34e33ffff
48941793,0.7616,0.7615941559557649,1,89489eacc43ffff
48951298,0.5056,0.4955175967764916,25,89489e22cb3ffff
48955585,0.6995,0.6994651857517967,9,89489e270bbffff
48960238,0.7435,0.8122025119857779,4,89489e3404fffff
48975020,0.4526,0.7615941559557649,1,89489e36207ffff
48975145,0.964,0.9640275800758169,1,89489e266afffff
48997675,0.7674,0.7615941559557649,2,89489e22e2fffff
49002417,0.5983,0.6373362155478287,9,89489e35ac7ffff
4901443,0.7217,0.7615941559557649,4,89489e373b7ffff
49015282,0.7126,0.723155218990398,78,89489e373a3ffff
49023269,0.3643,0.35047585830647615,31,89489e3442bffff
49027293,0.4806,0.40610125599288893,8,89489e34403ffff
49050590,0.7362,0.7361777590541415,22,89489e31817ffff
49053968,0.6949,0.701559842874334,22,89489e35a97ffff
49057118,0.3854,0.7615941559557649,2,89489e3557bffff
49059457,0.3046,0.30463766238230594,5,89489e30d47ffff
49060081,0.3157,0.2538647186519216,9,89489e37327ffff
49061559,0.5911,0.7615941559557649,1,89489e37377ffff
49062579,0.7616,0.7615941559557649,1,89489e20c8fffff
4906604,0.577,0.5740664208829586,15,89489e34417ffff
49077419,0.381,0.3645822003544433,11,89489e3294fffff
49081040,-0.494,-0.8375066900007844,8,89489e3469bffff
49089128,0.023,-0.7615941559557649,2,89489e350d3ffff
49095955,0.7616,0.7615941559557649,1,894898daa53ffff
49096552,0.6986,0.7615941559557649,2,89489e37193ffff
49116798,0.5633,0.5439958256826892,21,89489e3710fffff
49139962,0.7374,0.7419394947514852,26,89489e3710fffff
49142319,0.3156,0.0,2,89489e22cbbffff
4914582,0.4678,0.7615941559557649,2,89489e34683ffff
49146679,0.6627,0.7615941559557649,2,89489e3624bffff
49154238,0.6481,0.6663948864612943,16,89489e35c6fffff
49156888,0.7616,0.7615941559557649,1,89489e26233ffff
49157130,0.3102,0.3100168328171614,19,89489e358d3ffff
49157286,0.6322,0.6854347403601884,20,89489e35c6bffff
49161758,0.476,0.7615941559557649,1,89489eadb47ffff
49176690,0.4413,0.5331159091690354,10,89489e3728bffff
49179235,0.6426,0.6440994297290654,32,89489eacb67ffff
49195573,0.6184,0.6510183723667679,13,89489e351c7ffff
49198772,0.4698,0.4367131511614537,10,89489e3716fffff
49226854,0.5267,0.4569564935734589,5,89489e35013ffff
49249637,0.6279,0.6225673256619251,19,89489e3432fffff
49249948,0.6304,0.6231224912365348,11,894898dae97ffff
49259887,0.7616,0.7615941559557649,2,894898d9ccfffff
49267168,0.5273,0.5414683413238519,6,89489e353b3ffff
49274525,0.1155,-0.07988010454795898,7,89489e3519bffff
49276368,0.2205,0.43140543400789544,4,89489e34663ffff
49277714,0.7734,0.7741228041879896,20,894898d9197ffff
49286208,0.7659,0.7615941559557649,4,89489e362afffff
49286739,0.2856,0.2855978084834118,16,89489e37097ffff
49289174,0.7806,0.7799971945121332,22,89489e36583ffff
49294082,0.6499,0.761594155955765,14,89489e35173ffff
4931574,0.1303,0.13030624972796168,30,89489e372cbffff
49323119,-0.1195,-0.5077294373038432,6,89489eade7bffff
49343948,-0.7795,-0.8550249670880965,13,89489e34673ffff
49344973,0.0848,0.05060835603001301,4,89489e275a7ffff
49361867,0.2539,0.15231883119115297,5,89489e20d2bffff
49367684,0.1012,0.10121671206002603,2,894898c8153ffff
49371927,-0.2186,-0.3554928999628759,8,89489e35dc7ffff
49384908,0.5897,0.5872627433014206,30,89489e22d27ffff
49386273,0.4808,0.5923510101878171,9,89489e35dc7ffff
49395643,0.2943,0.7615941559557649,1,89489e36613ffff
4941458,0.7297,0.7321646437538852,76,89489e373b7ffff
4942407,0.7622,0.7728404572957677,18,89489e3710fffff
49425759,0.6803,0.7615941559557649,1,89489eadd0bffff
49436431,0.6539,0.7615941559557649,1,894898c8e77ffff
49441315,0.4777,0.4118615630798665,9,89489e3443bffff
49441709,0.7616,0.7615941559557649,3,894898da22bffff
49449717,0.7616,0.7615941559557649,2,89489e2450fffff
49467014,0.7212,0.7953330599757735,6,89489e3550fffff
49483053,0.6629,0.7615941559557649,2,89489e34487ffff
49532236,0.4311,0.44528346368691063,20,89489e37363ffff
49533399,-0.0209,0.2538647186519216,3,894898cb6afffff
49543281,0.6065,0.7615941559557649,5,89489e3465bffff
4955455,0.7576,0.7767766627647688,40,89489e3401bffff
49570112,0.3953,0.7615941559557649,1,89489e34053ffff
49587828,0.6766,0.6766003174354692,49,89489e229bbffff
49591738,0.7548,0.7615941559557649,4,894898d83c7ffff
49604839,0.6922,0.6921825211641901,30,89489e24027ffff
49606753,0.6324,0.7615941559557649,1,89489e22d57ffff
49609274,-0.0836,-0.13439896869807616,17,89489e3736fffff
49611906,0.7229,0.7750897175637683,15,89489e3552bffff
49614477,0.7685,0.7615941559557649,5,89489e251dbffff
49650125,0.544,0.5439958256826892,7,89489eacdb7ffff
49664916,0.0402,-0.2538647186519216,3,89489e35043ffff
49667304,0.6079,0.6467459048434625,23,89489e3714bffff
4966926,0.596,0.5914539756377603,37,89489e3756bffff
49674600,0.2107,0.17774644998143796,16,89489e27633ffff
49688655,0.6657,0.7615941559557649,1,89489e35183ffff
49688754,0.7555,0.7771659578111534,13,89489e37153ffff
49690211,0.6934,0.7615941559557649,1,89489e351a7ffff
49690755,0.725,0.7249586343737099,25,894898d9607ffff
49694640,0.4634,0.4196604006853234,9,89489e3586bffff
49706042,0.5729,0.572914886271268,7,89489eace0bffff
49707418,-0.0001,-0.2538647186519216,3,89489e3713bffff
49715356,0.734,0.7615941559557649,9,89489e35563ffff
49735076,0.2395,0.15231883119115297,5,89489e370afffff
49735188,0.6322,0.651010884212989,17,89489e3518fffff
49735845,-0.6391,-0.7120658476635844,32,894898c8853ffff
49737284,0.5454,0.7615941559557649,1,89489e3733bffff
4974255,0.6265,0.6307558765892267,144,89489e3736bffff
49748030,0.6129,0.634661796629804,12,89489e3518fffff
49754513,0.7001,0.7799971945121332,11,89489e3559bffff
49755951,0.5836,0.7953330599757735,6,89489e354b7ffff
49770625,0.6099,0.7615941559557649,1,89489e3623bffff
49776582,-0.5441,-0.5441352979436624,5,89489eadb8fffff
49778795,0.2722,0.251928485386148,34,89489e3401bffff
49812513,0.6451,0.7615941559557649,3,89489e35513ffff
49818870,0.7616,0.7615941559557649,1,89489eacab7ffff
49826078,0.2894,0.35007475840055535,22,89489e346cbffff
49831627,0.5827,0.6684007006498126,6,89489e3712bffff
49834514,0.7452,0.7615941559557649,1,89489e35e07ffff
49835479,0.0254,-0.2538647186519216,3,89489e354cfffff
49835548,0.5331,0.7615941559557649,2,89489e32da7ffff
49836492,0.3021,0.0,2,89489e35457ffff
49836965,0.2139,0.0,4,89489e35507ffff
49837909,0.4576,0.43140543400789544,8,89489eadbc3ffff
49858444,0.6007,0.6040229512752617,29,89489e32b33ffff
49878879,0.5346,0.4569564935734589,5,89489e344b3ffff
49880643,-0.1111,-0.7615941559557649,3,89489e350cbffff
49882379,0.2192,-0.7615941559557649,1,89489e350d3ffff
49907855,0.6135,0.7615941559557649,4,89489e3512bffff
49920123,0.7726,0.7615941559557649,2,89489e35687ffff
49920914,0.7038,0.7615941559557649,12,89489e35427ffff
49921990,0.45,0.7615941559557649,1,89489e37037ffff
49936643,0.7226,0.7615941559557649,2,89489e36097ffff
49944073,0.6292,0.7615941559557649,1,89489e36647ffff
49948377,0.7616,0.7615941559557649,1,894898d9033ffff
49948467,0.2075,-0.3807970779778824,2,89489e3404bffff
49949342,0.6423,0.5711956169668236,4,894898c80abffff
49962576,0.5667,0.7615941559557649,2,89489e3504bffff
49966427,0.6608,0.6719948434903807,17,89489e34487ffff
49966596,0.6381,0.6527949908192271,35,89489e35437ffff
4997682,0.5987,0.58636481385088,17,89489e373b7ffff
49984223,0.6531,0.7615941559557649,1,89489e31807ffff
50009541,0.0954,0.0,8,89489e36207ffff
50010431,0.4054,0.7615941559557649,2,89489e27103ffff
50025069,0.5278,0.43140543400789544,4,89489e35aabffff
50046144,0.6587,0.7615941559557649,2,89489e3180fffff
50048411,0.44,0.5077294373038432,6,89489e354cfffff
50052819,0.6513,0.6637604605638034,27,89489e350cbffff
50062735,0.0842,-0.32134252669193897,3,89489e34063ffff
50065125,0.6101,0.6109237802204547,31,89489e37387ffff
50072892,0.3264,0.3263974954096135,7,89489e36077ffff
50098247,0.6823,0.7615941559557649,1,89489e3447bffff
50102125,0.7259,0.7277056267536004,33,89489e35383ffff
50112377,0.3447,0.304590637325057,14,89489e364a3ffff
50115466,0.1804,0.0,2,89489e37393ffff
50117842,0.7362,0.761594155955765,14,89489e3662bffff
501260614657629525,0.6018,0.5979741608578186,18,89489e35887ffff
501531994637737799,0.5226,0.4569564935734589,5,89489e31b2fffff
50172928,0.5967,0.5711956169668236,8,89489e25087ffff
50175699,-0.5167,-0.761594155955765,7,89489e37023ffff
50176229,0.0566,0.0,4,89489e355afffff
50179184,0.5758,0.5739258800148029,35,89489e34423ffff
50180799,-0.0385,-0.07983254518711884,15,89489e27103ffff
501861,0.7672,0.7995504229782746,32,89489e3469bffff
50195371,0.7616,0.7615941559557649,1,89489e35d47ffff
5020354,0.6112,0.6114864220507237,92,89489e35ecbffff
50217271,0.6089,0.6355532696024789,27,89489e3553bffff
50217447,0.4336,0.43256573005882987,50,89489e3400fffff
50227689,0.7616,0.7615941559557649,1,894898da52fffff
50228438,0.6879,0.689061379198073,21,89489e34403ffff
50228489,-0.342,-0.5964997949818301,8,89489e37363ffff
50230914,0.6556,0.653742797453791,16,89489e25e9bffff
50232100,0.3381,0.30463766238230594,10,89489e37003ffff
50237510,0.7616,0.7615941559557649,1,89489e26bcbffff
50245387,0.0232,-0.05858416584275114,13,89489e30d37ffff
50248408,0.4918,0.7615941559557649,3,89489e35407ffff
50259839,0.5151,0.5150767650941103,7,894898c8183ffff
50268159,0.8223,0.8223241831917804,10,89489e2013bffff
50272036,0.7778,0.7830409868808811,40,89489e36b13ffff
50286161,0.225,-0.7615941559557649,1,89489e2741bffff
50289390,0.4835,0.4802137104748541,24,894898d9123ffff
50304607,0.6729,0.6707719593225236,19,89489eada93ffff
50304844,0.6702,0.7615941559557649,2,89489e35c2bffff
50306562,-0.0477,-0.2538647186519216,6,89489e26b57ffff
50311199,-0.0433,0.022040647611823266,6,89489eadb6fffff
50325128,0.7616,0.7615941559557649,1,894898c8edbffff
50330155,0.6476,0.7615941559557649,1,89489e346b3ffff
50330461,0.8342,0.8342431595976011,6,89489e2730bffff
50343685,0.964,0.9640275800758169,1,89489e37347ffff
50344928,0.8122,0.8122025119857779,4,89489e2012bffff
50345615,0.7616,0.7615941559557649,5,89489e35237ffff
50358838,0.1964,0.10879916513653784,7,89489e37123ffff
5037417,0.6752,0.7615941559557649,3,89489e35c23ffff
5037508,0.3351,0.33510142862053655,25,894898d8277ffff
50378601,0.7761,0.7760536862500543,7,89489e25497ffff
50381279,0.334,0.39196857293501297,9,89489e354b7ffff
50389519,0.7616,0.7615941559557649,1,89489e26697ffff
50398611,0.0861,0.03475670757345994,19,89489e3712bffff
50402742,0.7616,0.7615941559557649,5,89489ead86fffff
50403044,0.7198,0.7799971945121332,11,89489e353b3ffff
50414002,0.6531,0.6512262074240867,29,89489e3635bffff
50416098,0.7616,0.7615941559557649,1,89489eaeb6bffff
50416367,0.5405,0.7615941559557649,1,89489e35437ffff
50417387,0.3844,0.34191504450468685,15,89489e34487ffff
50422222,0.4226,0.4456004670998751,9,89489e350dbffff
504352670021486626,0.604,0.588065068976828,12,894898c80a3ffff
50444506,0.9222,0.9222446539616165,4,89489e26a7bffff
5046776,-0.6977,-0.7250617165917782,57,89489e3468bffff
50469615,0.3051,0.2538647186519216,3,89489e36287ffff
50470088,0.1767,0.17575249752825342,13,89489e37027ffff
5048523,0.7139,0.7615941559557649,1,894898d904fffff
50489227,0.4347,0.30463766238230594,5,894898cb343ffff
50505381,0.6604,0.6599659746448105,24,894898d8087ffff
5050692,0.5341,0.5221889675981327,21,89489e3438fffff
50508306,0.8122,0.7615941559557649,1,89489e3598fffff
50508583,0.7487,0.7446071413026382,21,894898d854bffff
50509294,0.2371,0.19280551601516338,5,89489e36007ffff
50509302,0.5331,0.7615941559557649,1,89489e35b6bffff
50523294,0.6221,0.5964997949818301,8,89489e254b7ffff
50523858,0.7319,0.7728404572957677,18,89489e36223ffff
50525630,0.1864,0.18638691061190427,3,89489e20dabffff
50546112,0.4495,0.761594155955765,7,89489e3464bffff
50574342,0.5654,0.5584010962955375,13,89489e37127ffff
50594793,0.7118,0.7185817919684023,26,89489e3601bffff
50599819,0.1939,0.028919060588578866,7,89489e32b37ffff
50599993,0.1433,0.0,4,89489e35043ffff
50603610,0.7511,0.7840867586357706,9,89489e345a3ffff
50605695,0.428,0.4192206396365596,35,89489e3710bffff
50613816,0.4768,0.8628108680157909,2,89489e34057ffff
50622325,0.4665,0.5077294373038432,12,89489e36633ffff
50623833,0.0848,0.07502703200137312,23,89489e354b7ffff
50625016,0.7953,0.7953330599757735,6,89489e26207ffff
50639655,0.6884,0.7615941559557649,1,894898d8087ffff
50642096,0.7616,0.7615941559557649,1,89489e364afffff
50644820,-0.3611,-0.7615941559557649,3,89489e3546bffff
50656542,0.7154,0.7258980779073465,37,89489e3752bffff
50657058,0.6552,0.7615941559557649,1,89489e36233ffff
50658679,0.0253,0.08047278808996083,12,89489e354a7ffff
5067130,0.7977,0.8122025119857779,4,89489eaca73ffff
50682243,0.7869,0.7868983339707714,8,894898c9c07ffff
50696116,-0.6863,-0.6997693037883082,23,89489e35477ffff
50698469,0.7616,0.7615941559557649,2,89489e22b13ffff
50700795,0.7616,0.7615941559557649,4,89489e22b03ffff
50704625,0.6052,0.6200847036923923,28,89489e3662fffff
50704769,0.6898,0.689061379198073,21,89489e254a7ffff
507179665452626459,0.099,-0.025304178015006507,8,89489e346b7ffff
50725111,0.7435,0.7707956752339491,11,89489e3634bffff
50725419,0.48,0.5245988893138476,12,89489e36633ffff
50734385,0.0361,-0.1269323593259608,6,89489e27067ffff
50748723,0.7038,0.7615941559557649,3,89489e35c83ffff
50754186,0.7044,0.7043511534838041,8,894898cb22fffff
50755754,0.0612,0.09453066476496445,24,89489e37367ffff
50766338,0.6767,0.7615941559557649,1,89489e37137ffff
50767445,0.4059,0.47645922766970344,26,89489e37367ffff
50767849,0.625,0.6372854606237629,21,89489e350cbffff
50768087,-0.1333,-0.4569564935734589,5,89489e35593ffff
50772497,-0.2671,-0.2805873206152818,19,89489e22173ffff
50773333,0.5096,0.5245988893138476,12,89489e22927ffff
50773990,-0.2115,-0.10121671206002603,2,89489e346cfffff
50790746,0.5902,0.5414683413238519,6,89489ead92bffff
50791196,0.7221,0.721727972945303,37,89489ead8b3ffff
50792349,0.2367,0.2538647186519216,3,89489e34057ffff
50824069,0.2793,0.13207548877914776,5,89489eadacfffff
5083004,0.5761,0.5766768335811642,99,89489e35577ffff
50832581,-0.3256,-0.8628108680157909,2,89489e344dbffff
50846668,0.6005,0.6383349262213465,15,89489e3712bffff
50851988,0.701,0.7615941559557649,3,89489e346d7ffff
50852259,0.5637,0.5585435279593204,16,89489e34417ffff
50853917,0.7196,0.7868983339707714,8,89489e3754bffff
50854636,0.5287,0.5964997949818301,8,89489e3465bffff
5085831,0.2539,0.2538647186519216,6,89489e26407ffff
5086211,0.4864,0.48520431375225975,37,89489e3401bffff
50868783,0.6356,0.7615941559557649,1,89489e3715bffff
50869294,0.6896,0.7615941559557649,4,89489e3715bffff
50877137,0.7616,0.7615941559557649,1,894898da443ffff
50896809,0.2336,0.15231883119115297,5,89489e3553bffff
50901766,0.7648,0.7703956091783758,23,89489e37147ffff
50919775,0.7058,0.7615941559557649,6,89489e3445bffff
50923158,0.1155,0.11716833168550228,13,89489e34217ffff
50942296,0.4505,0.446171434467455,17,89489e34397ffff
5094445,0.6643,0.6643925860250992,188,89489e37177ffff
50954742,0.785,0.7615941559557649,1,89489e354a3ffff
50975065,0.7854,0.7967999688462086,23,894898c808bffff
50980104,0.3343,0.2538647186519216,9,89489e35333ffff
50992492,0.5067,0.3807970779778824,4,89489e35ddbffff
50999830,0.5845,0.5439958256826892,7,89489e353bbffff
51001743,0.4743,0.4246165134358741,11,89489e35aabffff
51002523,0.305,-0.7615941559557649,1,89489e3622bffff
510168,0.7258,0.7258313531639528,37,894898cb237ffff
51019905,0.7616,0.7615941559557649,1,89489e2716bffff
51026919,0.6994,0.7027351315520056,19,89489e35113ffff
51033682,0.5091,0.5023156168268044,19,89489e2219bffff
51035891,0.7181,0.7615941559557649,5,89489e34407ffff
51038020,0.5331,0.7615941559557649,2,89489e362d7ffff
51039665,0.2149,0.7615941559557649,1,89489e2711bffff
51040572,-0.6261,-0.7615941559557649,1,89489e27113ffff
5104248,0.7553,0.7953330599757735,6,89489e34453ffff
51043399,0.7454,0.7615941559557649,3,89489e26657ffff
51062478,0.7616,0.7615941559557649,1,89489e35b7bffff
51066760,0.7616,0.7615941559557649,2,89489e36477ffff
51071630,0.7616,0.761594155955765,7,89489e34027ffff
51071925,0.2747,0.19280551601516338,5,89489e3712bffff
51087703,0.2914,0.7615941559557649,1,89489e3557bffff
51088472,0.7616,0.7615941559557649,11,894898d9183ffff
51091351,0.6369,0.7615941559557649,1,89489e37107ffff
51106805,0.7481,0.747873874889778,26,89489e31803ffff
51111008,0.6023,0.7615941559557649,2,89489e35cb7ffff
51111848,0.7616,0.7615941559557649,1,89489e20c8fffff
51116245,0.7756,0.7775757420705058,38,89489e31803ffff
51121696,0.2894,0.7615941559557649,1,89489e355afffff
51125040,0.7227,0.7840867586357706,9,89489e251cfffff
51129601,0.662,0.7615941559557649,2,89489e37127ffff
51144841,0.7389,0.7615941559557649,1,89489e3440fffff
5115219,0.589,0.7615941559557649,2,89489e35567ffff
51153929,0.7017,0.7615941559557649,1,89489e36033ffff
511604181967026882,0.6699,0.6672545211135165,28,89489e376cbffff
511624634102616537,0.7834,0.7939835038149732,25,89489e376cbffff
5116645,0.7616,0.7615941559557649,1,89489e3618fffff
51169191,0.5967,0.5941994151622841,44,894898d952bffff
51188579,-0.3348,-0.4569564935734589,5,89489e3708fffff
51191273,0.7616,0.7615941559557649,5,89489e22b57ffff
51192231,0.6412,0.7615941559557649,3,89489e36273ffff
51197909,0.3462,0.34617916179807495,11,89489e2468bffff
51207109,0.2715,0.4456004670998751,9,89489e344d7ffff
51216126,0.7616,0.7615941559557649,1,89489e20d8bffff
51244044,0.019,-0.27513650294977327,4,89489e3712bffff
51250594,0.0,0.0,4,89489e22c07ffff
51250768,0.3929,0.3807970779778824,2,89489e37123ffff
5126932,0.5831,0.5859238753391307,87,89489e37327ffff
51279953,0.6687,0.7615941559557649,3,89489e372abffff
51285826,0.5627,0.6225673256619251,19,89489e3558bffff
51286217,0.0183,0.0,3,89489e34657ffff
51290219,0.7291,0.7337148151849825,39,89489e35c4bffff
51298832,-0.1866,-0.40610125599288893,8,89489e35133ffff
51308854,0.4385,0.2538647186519216,3,89489e27077ffff
51323258,0.7355,0.7444503911118083,18,894898cb00bffff
51326417,0.6148,0.614843612867823,9,894898c858fffff
51328879,0.233,0.0,4,89489e371a7ffff
51330317,0.8324,0.8628108680157909,2,89489eade6fffff
51346596,0.7471,0.7868983339707714,8,89489e37103ffff
51350104,0.7231,0.7417759721937837,18,89489e36283ffff
51353363,-0.3432,-0.8290719639957822,6,89489e34393ffff
51353589,-0.2172,-0.8965497720357996,3,89489e3552bffff
51353593,-0.2827,-0.6018339468598468,7,89489e3552bffff
513741005953388605,0.5236,0.634661796629804,6,89489e36633ffff
51378531,0.0978,-0.7615941559557649,1,89489e34293ffff
51383341,-0.1497,-0.7615941559557649,3,89489e3552bffff
51393877,0.792,0.7615941559557649,2,89489eade6fffff
51396547,0.5674,0.5838477059743269,16,89489e36687ffff
51412909,0.476,0.7615941559557649,1,89489e345a7ffff
51412923,0.7616,0.7615941559557649,4,89489e22a87ffff
51416120,0.0625,0.0,2,89489e371cbffff
51425579,0.6295,0.7615941559557649,2,894898d96abffff
51430094,0.7616,0.7615941559557649,2,89489eac8c3ffff
51433333,0.5636,0.5722896974332883,11,89489e246d3ffff
51433780,0.7616,0.761594155955765,7,894898da16bffff
51449218,-0.11,-0.0817332739789806,13,89489e34223ffff
51469270,0.6458,0.7615941559557649,3,89489e24033ffff
51477840,0.518,0.7615941559557649,1,89489e3427bffff
51490175,0.6968,0.7615941559557649,3,89489e31b2fffff
51492111,0.67,0.6623843317880291,13,89489e3603bffff
51492603,0.5687,0.7615941559557649,4,89489e3542fffff
51494035,-0.43,-0.5774187941578433,16,89489e36287ffff
51504718,0.6386,0.6994651857517967,18,89489e34053ffff
51505858,0.6528,0.652794990819227,7,89489e2091bffff
51509201,-0.313,-0.43140543400789544,4,89489e346cbffff
51520075,0.8628,0.8628108680157909,3,89489e2628bffff
51527840,0.4641,0.4641157211347302,14,89489e35137ffff
51531021,0.6403,0.6487653921104664,27,89489e35e0bffff
51535094,0.5592,0.5752895391940462,40,89489e370bbffff
51539610,0.4794,0.3807970779778824,4,89489e36283ffff
51541560,0.0474,0.04743520512941925,9,89489e24023ffff
51555532,0.6359,0.634661796629804,12,89489e37103ffff
51557143,0.7361,0.7374918391254655,19,89489ead8b3ffff
51558150,0.8122,0.8290719639957822,3,894898c8007ffff
51560509,-0.0686,-0.10879916513653784,7,89489e35343ffff
51566519,0.3619,0.3554106061126903,15,89489e3729bffff
51566526,0.5735,0.6092753247646119,15,89489e3729bffff
51578846,0.8223,0.7615941559557649,1,89489e35b57ffff
51599529,0.7291,0.7953330599757735,6,89489e241d7ffff
51602356,0.7254,0.7615941559557649,6,89489eadd0bffff
51605251,-0.577,-0.6372854606237629,21,89489e346cbffff
51606278,-0.6479,-0.7615941559557649,13,89489e346cbffff
51606656,-0.221,-0.2538647186519216,6,89489e346cbffff
51623443,0.1904,0.7615941559557649,1,89489e35a8fffff
51624453,0.6858,0.7615941559557649,1,89489e3622bffff
51635728,0.2874,0.3807970779778824,4,89489e270d3ffff
51638877,0.3528,0.3284194828966834,15,89489e34397ffff
51639944,0.5747,0.6295186671766171,10,89489e3509bffff
51652559,0.6281,0.7615941559557649,4,89489e3400fffff
51652650,0.7626,0.7784636079657692,12,89489e2736fffff
51653764,0.4919,0.3807970779778824,6,894898cb20bffff
51667389,0.5548,0.8122025119857779,4,89489e22c4bffff
51671618,0.7326,0.7615941559557649,4,89489e35b63ffff
51672449,0.7616,0.7615941559557649,1,89489eadc17ffff
51681090,0.7009,0.7615941559557649,2,89489e3622bffff
51681319,0.6501,0.6719948434903807,17,89489e22cbbffff
51690679,0.3576,0.0,2,89489e3446bffff
51691647,0.5347,0.5356579471922975,28,89489e3518fffff
51695769,0.5853,0.7615941559557649,1,89489e3556bffff
5169603,0.6614,0.6870393917110031,15,89489e353c3ffff
51702548,0.6339,0.6444258242702626,13,89489eac823ffff
51708611,-0.2172,-0.23907993920954654,15,89489e34233ffff
51708850,0.3576,0.0,2,89489e35287ffff
51709426,0.2391,0.2538647186519216,3,89489e35443ffff
51710946,0.1146,-0.033738904020008675,6,89489e3712bffff
51712334,0.7378,0.7378123354413876,30,894898d9c53ffff
51714793,0.2539,0.2538647186519216,3,89489e349d3ffff
51717117,0.4281,0.7615941559557649,4,89489e35a13ffff
51725457,0.4974,0.46809306977988085,9,89489e35557ffff
5172784,0.6526,0.7615941559557649,2,89489e3716fffff
51731092,0.6477,0.7615941559557649,2,89489e3718bffff
5173181,0.7005,0.69995757826307,61,89489e371b3ffff
51733197,0.437,0.7615941559557649,3,89489e37033ffff
517430,0.4917,0.5439958256826892,28,89489e35cd7ffff
51753631,0.159,0.7615941559557649,1,89489e37273ffff
51789821,0.2539,0.2538647186519216,18,89489e35353ffff
51800623,0.618,0.6261447767746162,30,89489e3500fffff
51803399,0.3046,0.0,2,89489e2747bffff
51824552,0.5655,0.5698584075078114,9,89489e344afffff
51826978,0.7527,0.7615941559557649,18,89489e2736fffff
51828332,0.6814,0.6814263500656843,38,89489e27043ffff
51846371,0.6968,0.6969590832352419,44,894898d960bffff
51848007,0.7616,0.7615941559557649,2,89489e35233ffff
51849299,0.1148,0.13439896869807616,17,89489e35cd7ffff
5185181,-0.2799,-0.4569564935734589,10,89489e3714bffff
51859129,0.0731,-0.0396363675239623,9,89489e3712bffff
51860153,0.5053,0.5077294373038432,6,89489e355c7ffff
51861368,0.6017,0.5964997949818301,48,89489e32d93ffff
51866436,0.7191,0.7189891595753946,62,89489e35b8bffff
51869217,0.0422,0.04048668482401041,5,89489e35c93ffff
51885109,0.5664,0.7615941559557649,2,89489e2730fffff
51901653,0.7013,0.7615941559557649,3,89489e37103ffff
51904254,0.6152,0.8628108680157909,2,89489e3400fffff
51913355,0.3204,0.32039183964118734,18,89489eacc33ffff
51921121,0.302,0.32157765197818367,42,89489e350c3ffff
51923216,0.7728,0.7615941559557649,3,89489e22cb7ffff
51924509,0.7006,0.7615941559557649,2,89489e241c7ffff
51925540,-0.0337,-0.19280551601516338,5,89489eadb03ffff
51961068,0.3986,0.2538647186519216,3,89489e362bbffff
51964254,0.6114,0.6160231055686136,30,89489e3622fffff
51967327,0.4781,0.7905132165443438,7,89489e344d7ffff
51983334,-0.1177,-0.2876036226719303,6,89489e35407ffff
51984722,0.6955,0.7291644007088866,11,89489e356afffff
51990565,0.3288,0.3342003503249063,24,89489e3741bffff
51991078,0.6824,0.6798586942328435,23,894898caacbffff
51991895,0.7231,0.8290719639957822,3,89489e3438fffff
51998431,0.7196,0.7615941559557649,5,89489e3716bffff
5200329,0.5454,0.7615941559557649,1,89489e3733bffff
52005750,0.3021,0.2538647186519216,6,89489e35133ffff
52011882,0.6044,0.7522430114954249,11,89489e342afffff
52020751,0.5652,0.0,1,89489e34437ffff
52024718,0.159,0.7615941559557649,1,89489e37273ffff
52028102,-0.964,-0.9640275800758169,1,894898cb6a3ffff
52040290,0.5077,0.5077294373038432,6,89489e26b53ffff
52043637,0.634,0.7615941559557649,1,89489e34417ffff
52049989,0.6525,0.6755694279810398,13,89489e344afffff
5205396,0.6539,0.7615941559557649,2,89489e37167ffff
52063337,0.581,0.7615941559557649,3,89489e34263ffff
52069836,0.0564,0.02112534232899197,25,89489e35047ffff
52071068,0.7082,0.7140119375239234,31,89489e36043ffff
52071288,0.4284,0.4569564935734589,5,89489e309a7ffff
52072017,0.5853,0.7615941559557649,1,89489e3556bffff
52093139,0.7616,0.7615941559557649,4,894898cad4bffff
52095465,0.7115,0.7615941559557649,1,89489e376cbffff
52105347,-0.4542,-0.6012585441756039,19,89489e351c7ffff
52110098,0.7596,0.759698542686637,28,894898d8097ffff
52111587,0.7383,0.7615941559557649,4,89489e35e83ffff
52111905,-0.136,0.7615941559557649,1,89489e350abffff
52114262,0.5599,0.5964997949818301,16,89489e26b57ffff
52124612,0.761,0.8065793613157763,9,894898c81dbffff
52127979,0.6192,0.6159183959703741,33,89489e3447bffff
52128681,0.6862,0.6814263500656843,19,89489e365dbffff
52130073,-0.288,-0.30463766238230594,10,89489e34223ffff
52131400,0.7616,0.7615941559557649,1,89489eaca6bffff
52133687,0.4112,0.41510475457187856,17,89489e2742bffff
52149482,0.4965,0.7615941559557649,3,89489eadb03ffff
52150123,0.179,0.15231883119115297,5,89489e371abffff
52151467,0.6,0.7615941559557649,1,89489e350d3ffff
52166836,0.7149,0.7139945212085296,16,89489e34047ffff
521689,0.7482,0.761594155955765,7,89489e365dbffff
52171443,-0.2866,-0.30463766238230594,18,89489e3468bffff
52171929,0.2887,0.2538647186519216,3,89489e365d3ffff
52181344,0.6323,0.7615941559557649,2,89489e350d3ffff
52187041,0.6979,0.7299919821721771,28,89489e35133ffff
52191020,0.7227,0.7321646437538852,38,89489e3444bffff
52191627,0.7586,0.8122025119857779,4,89489e241c3ffff
52202486,0.7616,0.7615941559557649,1,89489e245abffff
522136,0.6528,0.6533502929830645,114,89489e3428bffff
5221542,-0.5966,-0.605901434362611,60,89489e36353ffff
52224295,0.5117,0.5116856907293716,13,89489e2634bffff
52226255,0.3808,0.3807970779778824,8,89489e20ca7ffff
52226368,0.0256,0.1397901829589282,8,89489e3464bffff
52227388,0.7525,0.8122025119857779,4,89489e344a3ffff
52236106,0.5353,0.5923510101878171,9,89489e35573ffff
52246175,0.5683,0.5439958256826892,7,89489eace33ffff
52257772,0.8291,0.8290719639957822,6,89489e3540bffff
52260302,0.5769,0.5077294373038432,3,89489e35a97ffff
52262173,0.2707,0.27073417066192595,24,89489e24037ffff
52262828,0.7172,0.7615941559557649,5,89489e3634bffff
52267319,0.5507,0.4771998359854641,5,89489e351b7ffff
52269200,-0.2669,-0.2538647186519216,12,89489e2710bffff
52269776,0.3936,0.2538647186519216,6,89489e344a3ffff
52285718,0.5446,0.5964997949818301,8,89489eadb63ffff
52285928,-0.1691,-0.7615941559557649,1,89489e350c3ffff
52288066,0.5458,0.3807970779778824,2,89489e3447bffff
52288828,0.7234,0.7399743191245126,33,89489e35003ffff
52299711,0.7166,0.7615941559557649,1,89489e35007ffff
52302012,0.7726,0.7728404572957677,18,89489e22e2fffff
52303236,0.3279,0.21759833027307568,7,89489e3664fffff
5230543,0.5879,0.60359731152782,18,89489e35187ffff
52305997,0.7166,0.7164260753731185,27,89489e2511bffff
52322084,0.0808,0.13207548877914776,10,89489e373b3ffff
52322399,0.5068,0.6025275439606101,15,89489e350c3ffff
52325743,0.2882,0.4974431783974693,5,89489e34663ffff
52336515,0.7593,0.7805722894670197,32,89489e35553ffff
52336877,0.2691,0.2030917749215373,15,89489e364b7ffff
52349615,0.3803,0.2538647186519216,3,89489e3442bffff
52349783,0.4051,0.7615941559557649,1,89489e35857ffff
52350119,0.0,0.0,2,89489e246a3ffff
52352907,0.7869,0.7615941559557649,3,89489e27477ffff
5235691,-0.302,-0.37571978360484404,25,89489e35533ffff
52363437,0.6673,0.6672545211135165,14,89489e24193ffff
52363862,0.5614,0.5439958256826892,14,89489e3624fffff
52367369,0.5281,0.7615941559557649,1,89489e3636bffff
52368571,0.6827,0.6911412298364285,13,89489e27483ffff
52373280,0.2189,0.17575249752825342,13,89489eadb63ffff
52388677,0.7087,0.7165754333184691,40,894898d9193ffff
52392214,0.74,0.7615941559557649,1,89489e36237ffff
52406809,0.6559,0.6547164388744323,29,89489e3532fffff
52410917,0.6594,0.6600329580112407,43,89489e344abffff
52411369,0.2327,0.2538647186519216,3,89489e22c4bffff
52411621,0.1034,0.0,6,89489e3714bffff
5241591,0.0952,-0.7615941559557649,1,89489eacb5bffff
52419407,0.6745,0.6997798232715644,17,89489e35e93ffff
52420013,0.7804,0.7905132165443438,28,89489e35eb3ffff
52420704,0.4874,0.5077294373038432,12,89489e3504fffff
52420907,0.0523,0.0,2,89489e3462bffff
52421927,0.5229,0.4164698087494485,5,89489e365cbffff
52425096,-0.2738,-0.3714095172485229,19,89489e370bbffff
52427370,0.2319,0.17439473907966688,13,89489e372cfffff
52427472,-0.3735,-0.7615941559557649,6,89489e3732fffff
52427652,0.511,0.5200618195409237,37,89489e3737bffff
52429300,0.7351,0.8065793613157763,9,89489e36273ffff
52429927,-0.1498,-0.22298807250305663,23,89489e34693ffff
52431234,0.2054,0.10879916513653784,7,89489e373d7ffff
52431237,0.4731,0.48465082651730496,11,89489e373d7ffff
52440595,0.3862,0.3553165559981924,7,89489e37323ffff
52444720,0.6292,0.7615941559557649,1,89489e36647ffff
52445744,0.3358,0.7615941559557649,3,89489e373b3ffff
52452967,-0.1777,-0.17774644998143796,16,894898d852fffff
52454388,-0.0315,-0.016869452010004338,12,89489e373b3ffff
52454477,0.7911,0.7911156969732724,16,894898cb217ffff
52454570,0.4161,0.4255569736832917,21,89489e36207ffff
52457436,0.6292,0.7615941559557649,1,89489e36647ffff
52460433,0.6952,0.734153593823791,13,89489e3556bffff
5246084,0.5452,0.7615941559557649,2,89489e37123ffff
52471960,0.7403,0.8020808407797752,5,89489e374c7ffff
52473221,0.5916,0.5923510101878171,27,89489e3449bffff
52474599,0.6356,0.6092753247646119,5,89489e34403ffff
52476053,0.7067,0.7107958910407081,26,89489e3712fffff
52488764,0.7575,0.7602332028394679,78,89489e35ccbffff
52491022,0.6075,0.6056251733981028,28,89489eaca37ffff
52495941,-0.2289,-0.27601147144790233,23,89489e355afffff
52496647,0.3329,0.3062553229425637,22,89489e35513ffff
52498013,0.6629,0.7615941559557649,2,89489e34487ffff
52502687,0.692,0.7615941559557649,2,89489e34407ffff
52507823,0.7567,0.7576625136197959,27,894898daad3ffff
52510855,0.7393,0.7615941559557649,9,89489e34073ffff
52513522,0.6866,0.7065627022977866,12,89489e35bb7ffff
5251600,0.4514,0.7615941559557649,1,89489e3465bffff
52516752,-0.0733,-0.07331431313642606,27,89489e3661bffff
525231,0.7635,0.7615941559557649,19,89489e3582bffff
52527731,-0.1386,-0.5077294373038432,6,89489e3404bffff
52527843,0.742,0.7413269167015892,31,894898daac3ffff
52529691,0.7616,0.7615941559557649,1,89489e345c7ffff
52530821,0.7275,0.7255192700308801,31,894898daad3ffff
52547010,0.3796,0.0,2,894898caacfffff
52547302,0.7155,0.9640275800758169,1,894898caacfffff
52555586,0.5096,0.7615941559557649,3,89489e37337ffff
52557788,0.1535,0.1269323593259608,8,89489e35443ffff
52566871,0.7616,0.7615941559557649,1,89489e20cb7ffff
52579295,0.5198,0.7615941559557649,9,89489e37367ffff
52581856,0.7752,0.7755550817571477,29,89489ead927ffff
52582189,-0.1097,-0.1311497223284619,24,89489e342afffff
52591974,0.6343,0.6337703236571292,27,89489e35c5bffff
52602193,-0.0258,-0.7615941559557649,2,89489e3426fffff
5260692,0.6151,0.6444258242702626,13,89489e3441bffff
5260774,0.5156,0.49385234579548914,22,89489e34453ffff
52612870,0.1726,0.17256217360315818,5,89489e26213ffff
52619436,0.6848,0.6677835270533455,13,894898d8097ffff
5262010,0.6258,0.6239640933339141,76,89489e35337ffff
52621351,0.6269,0.6244578315736158,20,89489e3634bffff
52632530,-0.0257,-0.4569564935734589,5,894898c8e7bffff
52634578,0.7953,0.7953330599757735,6,89489e20d13ffff
52637674,0.3078,0.0,2,89489e34447ffff
52639561,0.2558,0.7615941559557649,1,89489e3462bffff
52646913,0.6291,0.7615941559557649,6,89489e35573ffff
52650938,0.3116,0.21759833027307568,7,89489e35e93ffff
52656700,-0.0025,0.0,2,89489e374b3ffff
52657313,0.5646,0.5533592515810406,10,89489e3444bffff
52658122,0.7398,0.761594155955765,7,89489e35c2fffff
52663724,0.6448,0.7615941559557649,6,89489e3712bffff
52669186,0.6798,0.9640275800758169,1,89489e36647ffff
52669568,0.6829,0.8628108680157909,2,89489e36473ffff
52672562,0.5416,0.5923510101878171,9,89489e275b7ffff
52672610,0.5917,0.5912795248850699,32,89489e3428fffff
52685714,0.7616,0.7615941559557649,3,894898d9ccbffff
52702988,0.6078,0.6018339468598468,7,89489e223a3ffff
52705478,0.7616,0.7615941559557649,2,89489e246b3ffff
5270610,0.692,0.7615941559557649,1,89489e35c4bffff
52709042,0.6615,0.7615941559557649,5,894898c8323ffff
52713643,0.2411,0.3807970779778824,4,89489e37023ffff
52716770,0.4702,0.7615941559557649,1,89489e35a17ffff
52717401,0.8122,0.8122025119857779,4,89489e32b27ffff
52721652,0.6149,0.8628108680157909,2,89489e37003ffff
52733573,0.7887,0.8122025119857779,8,89489e35e8fffff
52735145,0.8076,0.8020808407797752,5,89489eacb6bffff
52743470,0.696,0.7615941559557649,9,89489e35507ffff
52750211,0.7118,0.7615941559557649,2,89489e35113ffff
52752766,0.5432,0.7615941559557649,1,89489eac2afffff
52761117,-0.0189,-0.1903985389889412,8,89489e373a3ffff
52773926,0.7248,0.7272177865407421,71,894898c9c77ffff
5277988,0.2934,0.3263974954096135,7,89489e35517ffff
52788465,0.6292,0.7615941559557649,1,89489e36647ffff
52788513,0.7616,0.7615941559557649,1,894898cac1bffff
52788790,0.6733,0.7615941559557649,3,89489e36647ffff
52810489,0.7838,0.7840867586357706,9,89489e255c3ffff
52814539,0.7329,0.7615941559557649,1,89489e35397ffff
52815547,-0.5056,-0.6735438301029997,15,89489e35043ffff
52826542,0.7966,0.8041493190205029,15,894898d8097ffff
528338,0.6642,0.6670634911908003,72,89489e3446bffff
52840845,0.3825,0.1760445194082664,3,89489e2700bffff
52856111,0.7289,0.7615941559557649,1,89489e2511bffff
52859529,0.2012,0.7615941559557649,1,89489e27407ffff
52860627,0.3829,0.4154149941576899,11,89489e22c4fffff
52861827,0.7807,0.7885852791717718,15,89489eacb13ffff
52864229,0.7616,0.761594155955765,7,89489e3600fffff
52873552,-0.7616,-0.7615941559557649,5,89489e3507bffff
52876644,0.5712,0.5711956169668236,4,89489e373cfffff
52876799,0.7616,0.7615941559557649,2,89489e36477ffff
52876803,-0.3161,-0.3263974954096135,14,89489e35583ffff
52876817,0.015,0.06212897020396809,18,89489e35583ffff
52881231,0.4877,0.5439958256826892,7,89489e36287ffff
52883280,0.1646,-0.7615941559557649,1,89489e3733bffff
5288423,0.104,0.07886710782380421,47,89489e3732bffff
52885782,0.2872,0.27073417066192595,12,89489e35433ffff
52886730,0.6554,0.6994651857517967,9,89489e3551bffff
528869510259960374,0.3773,0.19280551601516338,5,89489e32d93ffff
52895921,-0.5595,-0.7235144481579766,20,89489e37377ffff
52899140,0.7683,0.7760536862500543,14,89489e22d0bffff
52899979,0.3808,0.3807970779778824,4,89489eace6bffff
52901359,0.7836,0.7885852791717718,15,894898d8097ffff
52937804,0.6246,0.634661796629804,12,89489e3449bffff
52938474,0.7093,0.7118909797925904,45,89489e20d3bffff
5293851,0.6957,0.7615941559557649,2,89489e3404fffff
52946685,0.4967,0.3807970779778824,4,89489e35563ffff
52955123,0.73,0.7615941559557649,3,89489e3710fffff
52967648,0.5902,0.5711956169668236,8,89489e37103ffff
52987083,0.2856,0.4569564935734589,5,89489e35e3bffff
52993073,0.4435,0.7615941559557649,2,89489e30e73ffff
53003565,0.7792,0.785409852911065,17,894898cac17ffff
53005932,-0.2031,-0.20305062799644447,8,89489e35293ffff
53007256,0.6224,0.6663948864612943,16,89489e229b7ffff
53027101,0.5368,0.5330793341245085,18,89489e3623bffff
53029479,0.1953,0.2217282962115225,19,89489e35083ffff
53032370,0.3677,0.7615941559557649,1,89489e35087ffff
5303366,0.1977,0.1269323593259608,12,89489e35193ffff
5303804,0.5798,0.6684007006498126,6,89489e3732fffff
53041959,-0.2011,-0.23859991799273206,10,89489e34267ffff
53050353,0.7799,0.7615941559557649,4,894898ca84bffff
53058803,-0.2482,-0.5052794375344356,9,89489e3551bffff
53061430,0.6421,0.7615941559557649,6,89489e2733bffff
53078440,0.7757,0.7760536862500543,14,89489e2739bffff
53080356,0.5067,0.5040557734087097,28,89489e22c8fffff
53083357,0.7218,0.9640275800758169,1,89489e37103ffff
53089793,0.4314,0.43140543400789544,2,89489e262a7ffff
53110978,0.6141,0.7615941559557649,1,89489e34443ffff
53130171,0.4675,0.7905132165443438,7,894898d914fffff
53131315,0.7158,0.7615941559557649,2,894898d9203ffff
53134505,0.5688,0.4974431783974693,5,89489ead92bffff
53146467,0.7691,0.7690916901824335,27,89489eadc93ffff
5315903,0.6911,0.7615941559557649,2,89489e3440bffff
53167129,-0.3902,-0.5077294373038432,6,89489e346cbffff
53170506,0.7144,0.7615941559557649,1,89489e34347ffff
5317993,0.6547,0.6522117251979569,26,89489e35327ffff
53184231,0.5342,0.5538866588769199,11,89489e3552bffff
53185369,0.4396,0.4641157211347302,14,89489e35e0fffff
53186216,0.7616,0.7615941559557649,1,89489e22b13ffff
53187656,0.6213,0.6197981588083182,24,89489e36ad3ffff
53194865,0.2503,0.22150977599612123,22,89489e3500bffff
53198682,0.2696,0.19454732378295425,6,89489e35297ffff
53203959,0.317,0.15231883119115297,5,89489e34417ffff
53204670,0.1002,0.0,6,89489e37393ffff
53216354,0.7811,0.7818374983677701,20,89489e3515bffff
53234365,-0.7616,-0.7615941559557649,1,89489e366d3ffff
53241720,0.7616,0.7615941559557649,2,89489e262bbffff
53242297,0.732,0.7320493804863657,31,894898da36fffff
53256914,0.1702,0.0951992694944706,8,89489e26637ffff
53272394,0.6634,0.7185041074754163,33,89489e355b3ffff
53280392,0.6336,0.6231224912365348,11,89489e26a6bffff
53289261,0.2176,0.7615941559557649,2,89489eaceb7ffff
53289823,0.6946,0.7615941559557649,1,89489e34073ffff
53307294,0.3808,0.3807970779778824,4,89489ead2d7ffff
53309316,0.2539,0.2538647186519216,3,89489e36427ffff
53311062,0.0544,0.0,13,89489e22ba3ffff
53314716,-0.2933,-0.4686733267420091,13,89489e3662fffff
53326418,0.5649,0.6307530074484257,7,89489e3712bffff
53343043,0.541,0.5773473396442557,7,89489e34413ffff
53343606,0.5792,0.7615941559557649,4,89489e35883ffff
5335157,0.6666,0.6670173805198,58,89489e37177ffff
53357333,0.6785,0.7069627199784654,27,89489e3469bffff
53364247,-0.1959,-0.2939009505610226,7,89489e2711bffff
5337141,0.6623,0.6715426863336187,44,89489e3556bffff
53380610,0.5815,0.5814912167114724,11,89489e34c0bffff
53380842,0.6407,0.7615941559557649,2,89489e371dbffff
53381560,0.4273,0.39766652998788676,12,894898d8cd7ffff
53389491,-0.2855,-0.3191677302624688,14,89489e24ccbffff
53404556,0.5861,0.7615941559557649,1,89489e3720fffff
53415797,0.0692,-0.7615941559557649,1,89489e37037ffff
53417694,0.5739,0.7615941559557649,1,89489e3702fffff
53420128,0.45,0.7615941559557649,1,89489e37037ffff
53427125,0.6093,0.7615941559557649,2,89489ead86bffff
53439421,0.7616,0.7615941559557649,1,89489e36a7bffff
53447937,0.7647,0.761594155955765,7,89489ead927ffff
53466844,0.7402,0.7615941559557649,3,89489e37157ffff
53478378,0.2905,0.15231883119115297,5,89489e36273ffff
53482102,0.6226,0.7615941559557649,2,89489e24033ffff
53483478,0.4847,0.48465082651730496,11,89489eadac7ffff
53483536,0.7274,0.7294577335153658,57,89489ead92bffff
53511394,0.5202,0.5166119155149128,17,89489e3754bffff
53511400,0.0177,-0.7615941559557649,1,89489e35c6bffff
53512983,0.7137,0.7266466102160328,16,89489e22d1bffff
53545941,0.5786,0.5458914389518171,8,89489eac88fffff
53546446,0.705,0.8628108680157909,2,89489e35e1bffff
53548261,0.7616,0.7615941559557649,3,894898cb21bffff
53553057,0.4702,0.7615941559557649,1,89489e35a17ffff
535598536185053686,0.0911,0.03397402930625341,7,89489e35443ffff
535629659298327393,-0.6842,-0.7615941559557649,4,89489e27113ffff
53572305,0.6826,0.695810540445681,17,89489e37317ffff
53586478,0.4343,0.4974431783974693,5,89489e355bbffff
53609610,0.6736,0.7149974283027888,24,89489e3666fffff
53610835,-0.1645,-0.1893044585224766,11,89489e35abbffff
5362016,0.4683,0.4686733267420091,13,89489e35437ffff
53623820,0.5439,0.5439958256826892,7,89489e371a7ffff
5362658,0.7616,0.7615941559557649,4,89489e364afffff
53629734,0.0518,0.7615941559557649,1,89489e374a3ffff
53631833,0.3903,0.0,2,894898c9c3bffff
53639902,0.3249,0.0,2,89489e3503bffff
53645157,0.4049,0.7615941559557649,1,89489e3741bffff
53646133,0.6328,0.7615941559557649,4,89489e3500bffff
53660522,0.6519,0.7615941559557649,2,89489e35637ffff
53670109,0.2816,0.2538647186519216,12,89489e37527ffff
53672552,0.7616,0.7615941559557649,2,89489eac8abffff
53684408,0.075,0.0,2,89489e34697ffff
53684978,0.3984,0.10121671206002603,2,89489eadc83ffff
53692380,0.5863,0.5869088954911834,25,89489e35c43ffff
536949468165152227,-0.4246,-0.8020808407797752,5,89489e3736fffff
53704425,0.4007,0.40061526173986356,9,89489e37123ffff
53718874,0.705,0.6994651857517967,9,89489e35b8bffff
5372341,0.2807,0.2807057858738024,17,894898d823bffff
5372361,0.6577,0.6916990644763008,16,89489e3558fffff
53742391,0.6956,0.695556411566191,10,89489e3644bffff
53743229,0.8628,0.8628108680157909,4,89489e27453ffff
53749371,0.6971,0.7164260753731185,27,89489e3551bffff
53753634,0.3213,0.32134252669193897,3,89489e27607ffff
53754713,-0.5907,-0.8199593053885063,4,89489e346cfffff
5375637,0.5244,0.5289976692711759,11,89489e363dbffff
53782629,0.7616,0.7615941559557649,1,89489e35603ffff
53795946,-0.1269,-0.7615941559557649,1,89489e27303ffff
53799730,0.2426,0.7615941559557649,1,89489e34077ffff
53800139,0.6782,0.7262437296427917,12,89489e36223ffff
53806933,-0.6413,-0.7615941559557649,15,89489e34643ffff
53813408,0.7391,0.8122025119857779,4,89489e34d67ffff
53813582,0.5733,0.5439958256826892,7,89489e34d67ffff
53815973,0.6676,0.6675983749744053,20,894898d94b3ffff
53825218,0.4329,0.42310786441986936,9,89489e3552bffff
53828058,0.478,0.3301887219478694,4,89489e3443bffff
53829148,0.4341,0.7615941559557649,1,89489e3628fffff
53843063,-0.4836,-0.60359731152782,18,89489e35087ffff
53850752,0.6913,0.7126773082597843,27,89489e35507ffff
538563188407617103,0.1987,0.0,4,89489e354b3ffff
53861695,0.6864,0.6886110173768087,71,89489e35183ffff
53862194,0.8696,0.8965497720357996,3,89489e356c7ffff
53864423,0.5331,0.5330710216143887,22,89489e32133ffff
5386787,-0.6261,-0.6411916970631654,20,89489e34647ffff
53882166,0.6617,0.6783001942058752,25,89489e3551bffff
53882417,0.4969,0.3807970779778824,4,89489e3404fffff
53891979,0.7856,0.8628108680157909,2,89489e2708fffff
53892462,0.165,0.0,6,89489e3718fffff
53893217,0.7033,0.6916990644763008,8,89489e2708fffff
53893728,0.3357,0.317330898314902,12,89489e36b33ffff
53895947,0.7479,0.7615941559557649,3,89489e2708fffff
53900852,0.0,0.0,2,89489e2408bffff
53905319,0.4798,0.48465082651730496,11,89489e3552bffff
53915492,0.2358,0.5439958256826892,7,89489e3766fffff
5391565,0.6043,0.6092753247646119,20,894898c9c33ffff
53916263,0.5768,0.7615941559557649,3,89489e35a1bffff
53921838,0.6982,0.7615941559557649,2,89489e3447bffff
53924460,0.7953,0.7953330599757735,15,894898d94bbffff
53933533,0.0,0.0,7,894898dabdbffff
53938945,0.7634,0.7634456767451666,52,894898d8cb3ffff
53939348,0.1678,0.06542057425366954,7,89489e355abffff
53941821,0.8122,0.8122025119857779,4,89489e3596fffff
53943024,0.7616,0.7615941559557649,1,89489e35a57ffff
53948340,0.2525,0.17256217360315818,10,89489e22d37ffff
53949496,0.493,0.46088742581431486,13,89489e31b2fffff
53949884,0.5278,0.6218039729968367,4,89489e3732fffff
53950415,0.5041,0.4974431783974693,5,89489e350d7ffff
53950888,0.7616,0.7615941559557649,2,89489e35acfffff
5396676,0.0492,0.04243951348731327,37,89489e355afffff
53972687,0.1593,0.05858416584275114,13,89489e37127ffff
53973288,0.6608,0.6663948864612943,16,89489e36627ffff
53975442,0.3124,0.18638691061190427,3,89489e373a3ffff
53979379,0.5781,0.5793809769805413,18,89489e3444fffff
53980615,-0.1213,-0.7615941559557649,2,89489e355d7ffff
539950312698711777,0.1523,0.15231883119115297,5,89489e201c7ffff
539953714472217448,0.6663,0.6631858832747126,27,89489e376cbffff
54004445,0.7516,0.7552894716595918,65,89489e351a7ffff
5401641,0.7613,0.9640275800758169,1,89489e3437bffff
54020390,0.2206,0.17754071535597382,12,89489eadb73ffff
54021221,0.7702,0.7885852791717718,15,89489e35113ffff
54021831,0.7605,0.7615941559557649,5,894898d8097ffff
54036477,0.7041,0.7615941559557649,2,89489eac88fffff
540377,0.4169,0.2538647186519216,3,89489e3716fffff
54037837,0.7616,0.7615941559557649,3,894898d901bffff
54051914,0.4314,0.43140543400789544,4,894898c8eafffff
54054710,0.6025,0.6015606305848314,20,894898d8257ffff
54065644,0.5557,0.5077294373038432,6,89489ead377ffff
54069051,0.5508,0.7615941559557649,1,89489e35193ffff
54071661,0.6794,0.7615941559557649,3,89489e34423ffff
54072055,0.0905,0.07769146398773398,17,89489e270d3ffff
540788710315585100,0.8259,0.8290719639957822,6,894898c80a7ffff
54078960,0.6245,0.7615941559557649,6,89489e35047ffff
54090429,0.7101,0.7249586343737099,25,89489e3752bffff
54097481,0.3588,0.2876036226719303,6,89489e37327ffff
54104622,-0.0762,-0.10879916513653784,7,89489e35dcfffff
54110788,0.45,0.7615941559557649,1,89489e37037ffff
54112258,-0.0619,-0.19132429938364204,13,89489e36407ffff
54113852,0.7616,0.7615941559557649,1,89489e274d3ffff
54121048,0.2948,0.42310786441986936,9,89489e373b3ffff
54123605,0.0763,0.2538647186519216,6,89489e3464bffff
54124953,0.7616,0.7615941559557649,1,89489e22b0fffff
54125211,-0.7616,-0.7615941559557649,1,89489eacbcfffff
541253109337314329,0.1904,-0.7615941559557649,1,89489e342b3ffff
541266151278558767,0.6611,0.7615941559557649,2,89489e3445bffff
54140645,0.3264,0.3263974954096135,7,89489e3749bffff
541424669612147647,0.1998,0.11183214636714256,5,89489e372d3ffff
54147578,-0.4669,-0.5158918128455449,16,89489e37367ffff
54148001,0.4249,0.4283967127251177,16,89489e3504fffff
5415285,0.4734,0.7615941559557649,2,89489e37397ffff
54159184,0.4692,0.45831094203099676,37,89489e37163ffff
54160013,0.2985,-0.7615941559557649,1,89489e3404fffff
54160014,0.5128,0.7615941559557649,2,89489e342b7ffff
54162516,0.4929,0.553159200537776,29,89489e373b3ffff
54162548,0.623,0.6599976261256513,26,89489e3405bffff
54163355,0.6717,0.6599659746448105,12,89489e37157ffff
54180066,0.0,0.0,2,89489e24c93ffff
54200196,0.5287,0.5350433935124546,26,89489e3733bffff
54200425,0.4588,0.5414683413238519,6,89489e35503ffff
54200749,0.6977,0.7338399729390566,11,89489e34443ffff
5420650,0.2285,0.0,2,89489e35347ffff
5420745,0.7113,0.7615941559557649,4,89489e3440bffff
5420782,0.3455,0.3115612456182674,22,89489e3445bffff
54208849,0.6473,0.6755694279810398,13,89489eadacfffff
542124,0.7212,0.7953330599757735,6,89489e3550fffff
54212919,0.5472,0.5608065002493493,29,89489e37483ffff
54214637,0.2035,-0.7615941559557649,1,89489e3448bffff
54221580,0.6318,0.7615941559557649,1,89489eac823ffff
5422618,0.5414,0.7615941559557649,1,89489e37117ffff
54227471,0.6985,0.6994651857517967,9,89489e360dbffff
54228256,0.199,0.19132429938364204,13,894898d8273ffff
5422964,0.6141,0.7615941559557649,1,89489e34443ffff
5423851,0.5303,0.7615941559557649,1,89489e37497ffff
5423999,-0.138,-0.1791986249307682,34,89489e355bbffff
54245940,0.672,0.6719948434903807,17,89489e229b3ffff
54246345,0.7038,0.7615941559557649,3,89489e35c83ffff
54262081,0.4977,0.4456004670998751,9,89489e35ca7ffff
54263673,0.2298,0.0,4,89489e3500fffff
54265789,0.7616,0.761594155955765,7,89489eacb83ffff
542734490396905863,0.6127,0.7615941559557649,1,89489e358c7ffff
54280929,-0.0046,-0.004600759639092092,22,89489e374b3ffff
54284025,0.4507,0.3807970779778824,4,89489e372bbffff
5429585,0.4702,0.7615941559557649,1,89489e35a17ffff
54304223,-0.0506,-0.05060835603001301,2,894898c856bffff
54304624,0.355,0.7615941559557649,1,89489e34057ffff
54306946,0.3023,0.4569564935734589,5,89489e373a7ffff
54315567,0.7241,0.7243167738333841,30,89489e37147ffff
54319858,0.6854,0.7615941559557649,3,894898c80b3ffff
54323849,0.7507,0.7953330599757735,6,89489e351d7ffff
54325630,0.7616,0.7615941559557649,4,89489e3183bffff
54331650,0.4316,0.7615941559557649,3,89489e27013ffff
54332073,0.0084,-0.05060835603001301,4,89489e3462bffff
543397626242245120,0.5949,0.8290719639957822,3,89489e354abffff
54342577,0.3647,0.4569564935734589,5,89489e346bbffff
54342588,0.6988,0.7615941559557649,5,89489e3445bffff
54342592,-0.2948,-0.8628108680157909,3,89489e34053ffff
54342594,-0.0162,0.2538647186519216,3,89489e34653ffff
54346192,0.7111,0.7310645546373858,30,89489e3702fffff
5434918,0.6401,0.6295186671766171,10,89489e3443bffff
54355703,0.5482,0.7615941559557649,1,89489e351c7ffff
54355733,0.5436,0.5077294373038432,12,89489e34463ffff
54356237,-0.4789,-0.5109387400054728,15,89489e2710bffff
54356782,0.7616,0.7615941559557649,3,89489e2208fffff
54376270,0.6485,0.7615941559557649,1,89489e36283ffff
54377948,0.2357,0.0943396348422484,7,89489eac867ffff
54380614,-0.5182,-0.6486000933605083,11,89489e34643ffff
54380963,0.2558,0.7615941559557649,1,89489e3462bffff
54392352,0.6109,0.6137262454995803,34,89489e3717bffff
54395618,-0.7616,-0.7615941559557649,1,89489e20d9bffff
54399247,0.6614,0.6616117754603248,31,89489e3510bffff
54404425,0.6727,0.6892897090470267,26,89489e35513ffff
5442748,0.6208,0.7615941559557649,2,89489e37133ffff
5445354,0.703,0.7070418894352075,41,89489e37137ffff
5445877,0.2222,0.7615941559557649,2,89489e35127ffff
5447513,0.3903,0.2538647186519216,1,89489e360abffff
545513458801869511,0.4706,0.7615941559557649,1,89489e3462fffff
5456,0.4596,0.4745554292410017,100,89489e34643ffff
545682315450858340,0.6461,0.7125606525126096,29,89489e35cd7ffff
5457288,0.7219,0.7210727460329756,64,89489e35807ffff
545806622250861512,0.4473,0.5077294373038432,6,89489eade8bffff
5458673,0.6305,0.6624346776820866,21,89489e355abffff
546275145393198866,0.7443,0.7615941559557649,1,894898cb697ffff
546410712490547815,0.2336,0.0,2,89489e275b7ffff
546520156586136478,0.457,0.4569564935734589,5,89489eadc0fffff
5466113,0.7007,0.7016017533655741,83,89489e3511bffff
546925840449376068,0.7399,0.7784636079657692,12,89489e35557ffff
547037499443380880,0.1116,0.11163464112669699,25,894898d8467ffff
547097178829506733,0.5154,0.3807970779778824,4,89489e376cbffff
547591553739353647,0.744,0.8881150460307974,4,89489ead937ffff
5476443,0.737,0.7374111726036838,120,89489e34047ffff
5477417,0.3709,0.7615941559557649,6,89489e36353ffff
547744787543638025,0.2558,0.7615941559557649,1,89489e3462bffff
547849558554536285,0.692,0.7615941559557649,2,89489e34407ffff
547868867101550720,0.3684,0.5077294373038432,6,89489e3720bffff
547878270470501768,0.7108,0.7361356769716603,32,89489e3711bffff
548037365038454396,0.1779,-0.2538647186519216,3,89489e346b3ffff
5480629,0.7513,0.7564279408758291,64,89489e3624fffff
5480956,0.642,0.7615941559557649,1,89489e3444bffff
5482391,0.4974,0.32134252669193897,3,89489e343b3ffff
548317223946540819,-0.7616,-0.7615941559557649,2,894898c820fffff
548591406385166131,0.1229,0.7615941559557649,1,89489e373b3ffff
548749080428961274,0.79,0.7919591695737727,20,894898d854bffff
548752111671922569,0.7904,0.7918896828232855,26,894898d854bffff
5492366,0.6584,0.7615941559557649,1,89489e34687ffff
5495934,0.4125,0.2538647186519216,3,89489eade3bffff
5497475,0.3969,0.2538647186519216,3,89489e3730fffff
5498214,0.6831,0.7799971945121332,11,89489e3714fffff
5498278,0.433,0.46809306977988085,9,89489e3714fffff
549921214222697182,0.6148,0.614843612867823,9,89489e35b1bffff
549927821983315725,0.6396,0.6341979697398912,15,89489eacb77ffff
5499806,0.5729,0.572914886271268,7,89489e3528fffff
5500000,0.3436,0.4569564935734589,10,89489e35283ffff
550196384126979720,0.4076,0.3263974954096135,7,89489e34487ffff
550597091870483150,0.6435,0.7615941559557649,4,89489e36223ffff
550741142088856909,0.6981,0.7615941559557649,6,89489ead32bffff
550825415826120113,0.7964,0.7963672990961373,15,89489eacb37ffff
5509230,0.4046,0.39091874918388503,20,89489e35cb7ffff
550952572228773571,0.475,0.4641157211347302,14,89489e3518fffff
550952617262262842,-0.0772,-0.10159652983011366,13,89489e350c3ffff
551013304459329499,0.6587,0.6555473580660734,23,89489e370a7ffff
5510194,0.4498,0.0,1,89489e3404bffff
5511060,0.7616,0.7615941559557649,1,894898cb6d3ffff
5512277,0.1243,0.0,6,89489e35a17ffff
5512398,0.2109,0.7615941559557649,1,89489e3423bffff
551300458472967680,0.6124,0.7615941559557649,3,89489e372dbffff
551480734328584282,0.2332,0.0,1,89489e36007ffff
551485715980824596,0.7616,0.7615941559557649,1,894898c8e43ffff
551545070466286528,0.6929,0.7615941559557649,4,89489e37387ffff
551702525896220613,0.0762,0.7615941559557649,1,894898c854bffff
5519875,0.502,0.5030538650736733,11,89489e3732bffff
552079972521813409,0.7653,0.7728404572957677,18,89489eacbcbffff
552122509785265173,0.6255,0.8628108680157909,2,89489e35243ffff
5521345,-0.1711,-0.1692897114942789,43,89489e3464fffff
552178246699938840,0.6018,0.6018339468598468,7,894898d91abffff
5523507,0.7616,0.7615941559557649,2,89489e36557ffff
552373880310799289,0.5797,0.4974431783974693,5,89489e27003ffff
552376159418807451,0.6484,0.7615941559557649,2,894898cb34fffff
552453993749602678,0.5195,0.5119468003063443,24,89489e3716fffff
5524588,0.8628,0.9640275800758169,1,89489e3598fffff
5527298,0.5212,0.7615941559557649,1,89489e3711bffff
552776323348983656,0.3356,0.0,2,89489e3623bffff
552801720849322758,0.4715,0.48820138202292623,13,89489e34357ffff
5530513,0.2988,0.29884992401193317,18,894898ca2c7ffff
553103869299269840,0.7182,0.761594155955765,7,89489e31807ffff
553647564735214505,-0.06,-0.016869452010004338,12,89489e34223ffff
553647743926712897,-0.3936,-0.4508071911485401,15,89489e34233ffff
5539034,0.5462,0.5600478886007092,32,89489e3737bffff
553939726410142110,0.1278,0.1278238322986357,27,89489e2403bffff
554207314817105537,0.6598,0.7615941559557649,3,89489e35577ffff
554256037799603118,0.2506,0.7615941559557649,2,89489e373b3ffff
554266665547921097,0.4936,0.7615941559557649,6,89489e35543ffff
554285078537937052,-0.279,-0.3609788942159013,9,89489e355d3ffff
554363903393865817,0.4755,0.5047040670372627,17,89489e3714bffff
554518946592049995,0.5002,0.5245988893138476,12,89489e3732fffff
5549268,0.6907,0.8628108680157909,2,89489e350cfffff
5550894,-0.0914,-0.7615941559557649,1,89489e355afffff
555095650299614599,0.6712,0.7615941559557649,1,89489e37103ffff
555126953396788129,0.7194,0.7750897175637683,15,89489e3711bffff
5552689,0.7616,0.7615941559557649,2,89489e35943ffff
555690161884178783,0.4976,0.49755290353105025,30,89489e364c7ffff
555709281461594410,0.4139,0.5923510101878171,9,89489e373bbffff
556009928378250401,0.2335,0.1269323593259608,6,89489e37417ffff
5561157,0.7187,0.7525180451560232,17,89489e37133ffff
556423488737948891,-0.5154,-0.7953330599757735,6,89489e373a7ffff
557117596196921421,0.7841,0.7840867586357706,9,89489e2762fffff
557229487619453099,0.5399,0.7615941559557649,2,89489e3509bffff
557397846655641999,0.5934,0.7615941559557649,2,89489e35ac7ffff
557432594963393623,0.5782,0.5414683413238519,6,89489eaca07ffff
5576311,0.6292,0.7615941559557649,1,89489e36647ffff
558083486380389173,0.2402,0.23699526664191728,6,89489e27107ffff
558150099491731300,0.2514,0.1269323593259608,6,89489e355c7ffff
558603242008522328,0.4997,0.4164698087494485,5,89489ead95bffff
5587184,0.7616,0.7615941559557649,1,89489e353c7ffff
558881230222613761,0.6319,0.5711956169668236,4,89489ead367ffff
559269430590098023,0.5797,0.7615941559557649,2,89489e37323ffff
5592752,0.5408,0.7615941559557649,1,89489e3426bffff
559289845212813032,0.5329,0.5350433935124546,26,89489e35843ffff
559322404414533076,0.5084,0.3807970779778824,4,89489e35113ffff
5593238,0.6181,0.8290719639957822,3,89489e35107ffff
559374939109203581,0.6867,0.6839026919680309,34,894898d935bffff
559425591623198341,0.0,0.0,2,89489e245a3ffff
559969967036751658,0.6171,0.7615941559557649,2,89489e36273ffff
560012040579030222,0.4322,0.5077294373038432,6,89489e37397ffff
560088685993961091,0.6903,0.7219577884318026,9,89489e37107ffff
560094,0.231,0.2538647186519216,12,89489e3634fffff
5601570,0.5106,0.5099109690903333,106,89489e37377ffff
560163866210496300,0.5599,0.5711956169668236,8,89489e3710bffff
5602972,0.7818,0.7615941559557649,2,89489e22dd3ffff
560693870400925524,0.7255,0.761594155955765,7,89489e351d3ffff
560742278195659137,-0.491,-0.5506151953678432,13,89489e34223ffff
560796550783123923,0.6661,0.6707817326143638,16,89489e351d3ffff
561423768556878143,0.435,0.43499172938192127,37,894898d9227ffff
561514011336046324,0.5546,0.5077294373038432,9,89489ead30fffff
561591359627736398,0.6854,0.6994651857517967,9,89489e35013ffff
5617119,0.7616,0.7615941559557649,1,89489e346c7ffff
5620386,-0.157,-0.7615941559557649,1,89489e373a7ffff
562160298066378968,0.5067,0.7615941559557649,2,89489e37363ffff
562194168298573651,0.7616,0.7615941559557649,1,89489e22563ffff
562216563242569757,0.6595,0.7615941559557649,2,89489e34417ffff
562335183828446695,0.6002,0.6444258242702626,13,89489eade07ffff
562347541524229380,-0.0493,-0.16067126334596948,12,89489e35117ffff
562995251890961720,0.6537,0.7953330599757735,6,89489e26637ffff
563199863466849369,0.4296,0.3807970779778824,4,894898c8323ffff
563582213111778439,0.7467,0.7784636079657692,12,89489e36233ffff
563596286713446044,0.3328,0.3062423137331207,30,894898d8417ffff
563689847509432876,0.505,0.5272574925847603,13,89489e36243ffff
563884279072976288,0.66,0.7615941559557649,6,89489e2414fffff
563980017571001762,-0.4987,-0.7615941559557649,5,89489e34663ffff
564015109958627939,-0.3548,-0.3697760862924818,14,89489e346cfffff
564056265785941498,0.7703,0.7615941559557649,4,89489e31b2bffff
564096414948416583,0.1427,-0.2538647186519216,3,89489e350cbffff
564487374929430291,0.7648,0.8290719639957822,3,89489e27587ffff
564506951497855797,0.7236,0.7255192700308801,62,89489e32d93ffff
564544517548854536,0.5315,0.4569564935734589,5,89489e3447bffff
565040164522825662,0.7077,0.7615941559557649,6,89489e3404bffff
565119945011723508,0.3641,0.29534636799482833,11,89489e370b3ffff
5652310,0.7616,0.7615941559557649,1,89489ead9b7ffff
565331491657756211,0.2403,0.29292082921375573,13,89489e34627ffff
565483175191408144,0.0003,0.033738904020008675,3,89489e355d3ffff
565860587974125858,0.7616,0.7615941559557649,1,89489eade4fffff
5660373,0.77,0.7615941559557649,1,89489e34567ffff
566548071441810904,-0.7006,-0.7964408012453454,13,89489e346cfffff
566722271370335011,0.5026,0.4164698087494485,5,89489e35a97ffff
566930758324150052,0.4923,0.7615941559557649,1,89489e3732fffff
5669646,0.0534,-0.1377182257251167,7,89489e35e17ffff
5673145,0.7803,0.797020005176774,20,89489e35c4bffff
567342377791527748,0.7616,0.7615941559557649,2,89489eac34fffff
567345994347977938,-0.2011,-0.19173574844795352,27,89489e346cfffff
567419480570904637,0.7488,0.7615941559557649,6,89489e35397ffff
567436042380780757,0.6459,0.7615941559557649,2,89489e32b33ffff
567465952504400414,0.3662,0.2538647186519216,6,89489e22d5bffff
567518037444959755,0.5983,0.6092753247646119,10,89489e3542bffff
567609863242293126,0.7616,0.7615941559557649,1,89489eace2bffff
567618582753732764,0.7156,0.8122025119857779,8,89489e35053ffff
567888255152625311,0.7616,0.7615941559557649,4,89489e34e63ffff
567979184195039144,0.2892,0.29292082921375573,13,89489e22d9bffff
567988923107689881,0.5361,0.52992202672334,32,89489e22987ffff
568022887295953515,0.7869,0.7868983339707714,8,89489e273d3ffff
568027183733895517,0.7173,0.7615941559557649,10,89489e35a4bffff
568040654951424634,0.5857,0.5838477059743269,16,89489e37127ffff
568054967583337207,0.6625,0.6684007006498126,12,89489e36227ffff
568267227513260174,-0.4484,-0.4974431783974693,10,89489e346cfffff
568284089183011227,0.7616,0.7615941559557649,3,89489e25157ffff
568339977606993639,0.7616,0.7615941559557649,2,89489e31b63ffff
568342514044989181,0.3,0.2538647186519216,3,89489e37037ffff
568383284717561156,0.6805,0.7027351315520056,19,89489e3730fffff
568707065652630388,0.7616,0.7615941559557649,3,89489ead32fffff
568728721545785898,0.6541,0.652794990819227,14,89489e255dbffff
568771411237939220,0.7152,0.7305743900674465,23,89489e34423ffff
568860341197431914,0.1003,-0.10879916513653784,7,89489e35b73ffff
568968855363224495,0.666,0.7615941559557649,5,89489e3442bffff
569451809971962319,0.1965,-0.3807970779778824,2,89489e352b3ffff
569507906290960503,0.6495,0.6444258242702626,13,89489e3635bffff
569563479325968707,0.4486,0.2538647186519216,3,89489e3634bffff
570285842594585232,0.778,0.7942447082331926,31,89489eac957ffff
570867542808759043,0.7121,0.7388272404418069,9,89489e31b2fffff
570998741104388600,0.4456,0.4456004670998751,9,89489e30e2bffff
571042321928357805,0.7616,0.7615941559557649,1,89489e22937ffff
571095466538442184,0.7838,0.8194322771329227,7,89489e27587ffff
571098194435518545,0.5483,0.4569564935734589,5,89489e27587ffff
571107913199141171,0.6049,0.7615941559557649,9,89489e3557bffff
571291133660899962,0.7856,0.7905132165443438,7,89489e220afffff
5715331,0.6292,0.7615941559557649,1,89489e36647ffff
571609073451655735,0.5558,0.5077294373038432,6,89489e3404fffff
571621915029617534,0.5149,0.3807970779778824,4,89489e3437bffff
571677283584468521,0.6183,0.6092753247646119,10,89489e37137ffff
5718552,0.6998,0.7020984689915579,35,89489e344a3ffff
57187,0.7308,0.7308167084727989,253,89489e3440fffff
571896659068136193,0.2749,0.32488100479431115,10,89489e34217ffff
571945796303970899,0.7616,0.7615941559557649,4,89489eacb83ffff
571999277170118135,0.6334,0.6018339468598468,7,89489e35e83ffff
572265733216030578,-0.0337,-0.033738904020008675,3,89489eadc3bffff
572313111294880566,0.7664,0.7840867586357706,18,89489e35037ffff
572404510311547435,-0.4613,-0.7615941559557649,1,89489e346c3ffff
572430202648974026,-0.5459,-0.6018339468598468,14,89489e346cfffff
572531232555572968,0.6014,0.7905132165443438,7,89489e354b7ffff
572568774301640267,0.6726,0.6809993065274759,25,89489e22987ffff
572614674285446917,0.5746,0.5711956169668236,24,89489e22987ffff
572655556756249697,0.7236,0.7868983339707714,8,89489e375b3ffff
572761852353836768,0.7869,0.7868983339707714,8,89489e24163ffff
572987707369049255,-0.021,-0.020983959277391807,17,894898d8303ffff
573154817299311284,0.6194,0.6227708863726154,15,894898c8033ffff
573197526424591853,0.435,0.3807970779778824,12,89489e3404fffff
573375410498974601,0.6884,0.7185817919684023,13,89489e344cbffff
573422272223652695,0.6339,0.6672545211135165,14,89489ead977ffff
573422962353812503,0.1904,-0.7615941559557649,1,89489eada27ffff
573722189529623080,0.8156,0.8155764023877787,15,894898d91bbffff
573781516857072964,0.5968,0.6018339468598468,7,89489e36647ffff
573804127603280541,-0.2785,-0.2763573213319274,9,89489e346cfffff
573822650126019098,0.7029,0.7266466102160328,16,89489e34477ffff
573875791134399103,-0.2127,-0.23565044969054366,16,89489e373b3ffff
574080291807655228,0.7272,0.7615941559557649,1,89489e31b27ffff
574082867811630327,0.7474,0.8628108680157909,2,89489e22c87ffff
574580867580939668,0.1534,0.4164698087494485,5,89489e346cfffff
574582741829434703,-0.4301,-0.5752072453438606,3,89489e346cfffff
574591657776386005,0.7246,0.7615941559557649,15,89489e22dc7ffff
574616993515701331,0.0759,0.050832793803246616,11,89489e27103ffff
574788023827011065,-0.5507,-0.6644919114684343,7,89489e346cfffff
574791271849787005,-0.3687,-0.43140543400789544,4,89489e346cfffff
574792223757748486,-0.3398,-0.3807970779778824,4,89489e346cfffff
574794590739955431,-0.6186,-0.761594155955765,7,89489e346cfffff
574877801457049936,-0.095,0.0,6,89489e346cfffff
574879619614432279,-0.3398,-0.3807970779778824,4,89489e346cfffff
574879839235909701,-0.4757,-0.7615941559557649,2,89489e346cfffff
574880028402069396,-0.3977,-0.7615941559557649,2,89489e346cbffff
575235918196722097,0.2337,0.7615941559557649,1,89489e355b3ffff
575337086081365497,0.6426,0.6182910766023688,9,89489e272dbffff
575421087622315096,0.8628,0.8628108680157909,2,894898d82b3ffff
575472658738884522,0.5249,0.5533592515810406,20,89489e3738fffff
575488120326627748,-0.0234,0.7615941559557649,1,89489e346cfffff
5755416,0.6621,0.6600482684949962,15,89489e34073ffff
575555562354583304,0.6513,0.6719948434903807,17,89489e34297ffff
575691752322276596,0.5,0.5711956169668236,8,89489e3714bffff
576004974096585141,0.6454,0.6478364279676445,25,89489eace33ffff
576095377129517657,0.7616,0.7615941559557649,8,89489e35a0bffff
576160207949177369,0.7616,0.7615941559557649,1,89489eacb0fffff
576290806062275448,0.7106,0.7615941559557649,12,89489e3442bffff
576462112287972615,0.759,0.8425675256037856,5,89489e36233ffff
576633646197625620,0.0991,0.0,2,89489e362b7ffff
576643322422210525,0.7305,0.8290719639957822,3,89489e31b2fffff
576735237364701899,0.7617,0.7712338428186245,28,89489e35337ffff
5768194,-0.3264,-0.3263974954096135,7,89489e26567ffff
576854465284085740,0.6973,0.6973429673513314,76,894898d9c87ffff
5768833,0.5633,0.5632751994084084,21,89489e34173ffff
5769,0.6445,0.6430965226348062,48,89489e26a6fffff
577066698378498459,0.0755,-0.7615941559557649,1,89489e35417ffff
577361518710526015,0.3166,0.3109019864984183,8,89489e26a67ffff
577434897558827004,0.486,0.7615941559557649,2,89489e3405bffff
577469034322459202,0.4147,0.9640275800758169,1,89489e342a3ffff
577482485681953924,0.0698,-0.7615941559557649,1,89489e342b7ffff
577544873413904455,0.2109,0.7615941559557649,1,89489e3423bffff
577638480494215757,0.7616,0.7615941559557649,1,89489e34bc7ffff
577712432176320657,0.7513,0.7905132165443438,7,89489e275d3ffff
5780591,0.3169,0.22012581463191294,6,89489e358c3ffff
578088510681291868,0.6962,0.7728404572957677,18,89489e35087ffff
578115945551215417,0.581,0.5414683413238519,6,89489e270c7ffff
578175981943557217,0.3986,0.3807970779778824,30,89489e34477ffff
578176433192714921,0.3298,0.15231883119115297,5,894898c8003ffff
578304658402940523,0.0502,-0.7615941559557649,2,89489e34417ffff
578368814171067477,0.6991,0.6994651857517967,9,894898d904fffff
578368900622015337,0.7727,0.7868983339707714,8,894898d92b7ffff
578554486204139321,0.7375,0.7374918391254655,19,89489e22ca3ffff
578870034567244671,0.6444,0.6444258242702626,13,894898d92b3ffff
578938713543014724,0.6646,0.7615941559557649,1,89489e35e5bffff
578991354244710147,0.5109,0.49858258325985194,13,894898ca8c7ffff
579035326507864936,0.7079,0.7185817919684023,13,89489e3432fffff
579086101594312906,0.6861,0.6853449652508949,22,89489e22bb7ffff
579130188388454471,0.6875,0.6940195696287021,23,89489e374c7ffff
579162635759037472,0.2645,0.2681666985984643,32,89489e35017ffff
579221605983755540,0.1559,0.06923583235961499,11,89489e35cabffff
579382319029095680,0.6927,0.7615941559557649,6,89489e375b3ffff
5794015,0.2781,-0.1167302988654828,1,89489e34587ffff
579639412225995589,0.5585,0.5753901205664954,27,89489e355abffff
579641379819657196,-0.1402,-0.3807970779778824,8,89489e37327ffff
579641625907092931,0.4075,0.4974431783974693,5,89489e37337ffff
579641757268102374,0.0703,0.0,8,89489e37337ffff
579782114976643519,0.8291,0.8290719639957822,9,894898d928fffff
579801819611439810,0.6016,0.6373362155478287,9,89489e27007ffff
579861574979455380,0.7586,0.7615941559557649,5,89489e34437ffff
579902990113282852,0.7086,0.7615941559557649,2,89489e351b7ffff
579976212577746505,0.7616,0.7615941559557649,3,894898c81cfffff
579976296188326146,0.4756,0.4569564935734589,5,89489e3442bffff
580222773567162240,0.7616,0.7615941559557649,1,89489eac987ffff
580494208363725029,0.7616,0.7615941559557649,2,89489e366afffff
5805293,0.5373,0.5077294373038432,6,89489e3434fffff
580595612216957625,0.407,0.3885522938100581,27,89489e3550fffff
580665499608194230,-0.3915,-0.43140543400789544,8,89489e346cfffff
5813732,-0.1001,-0.19173574844795352,9,89489e3600bffff
581764514627204484,0.336,0.3807970779778824,4,89489e34e33ffff
5819674,0.6535,0.656837503626226,54,89489e3445bffff
581985516008896425,0.8426,0.8425675256037856,5,89489e2707bffff
582056212236221276,0.7576,0.7615941559557649,3,89489e34437ffff
582334231671073870,0.5294,0.5189757386438462,18,89489e3587bffff
582509808843714820,0.5703,0.5663318545140952,24,89489e22987ffff
582543146692277188,0.7572,0.7818374983677701,10,89489e3443bffff
582678080873363663,-0.095,0.0,6,89489e346cfffff
582730727705671254,-0.1425,0.0,3,89489e346cfffff
582737449519582556,0.3965,0.3807970779778824,2,89489e3559bffff
582817161216792566,0.5576,0.4569564935734589,5,89489e3568fffff
583279396110086027,0.7616,0.7615941559557649,4,89489e360d3ffff
583315975764316599,-0.4852,-0.7030099901130137,13,89489e37323ffff
583319497609756610,0.6438,0.7615941559557649,3,89489e3668fffff
583359551961524837,0.7392,0.7391884207167553,47,894898d847bffff
583544052078118294,0.1199,0.07615941559557649,20,89489e3712bffff
583823273939691037,0.0874,0.14942496200596658,18,89489e346cfffff
584133811263620483,0.6969,0.8290719639957822,3,89489e22dafffff
584217035769653046,0.7722,0.7799971945121332,11,894898d842bffff
584265839224077325,-0.2643,-0.2538647186519216,6,89489e346cfffff
584612470143376204,0.7558,0.8020808407797752,5,89489e35113ffff
584843068772659469,0.5729,0.6047194526801665,11,89489e34413ffff
584848681032941392,0.7616,0.7615941559557649,1,89489e22b13ffff
585510680548369625,0.6485,0.7615941559557649,1,894898d902fffff
585592258310852045,0.3808,0.3807970779778824,4,89489eada97ffff
586093665694871526,-0.0078,0.08462157288397387,9,89489e346cfffff
586290871957243293,0.7658,0.7799971945121332,22,89489e37013ffff
586480243441939858,0.7526,0.7615941559557649,12,89489e27003ffff
586742464097210250,-0.3313,-0.34512434720631635,10,89489e346cfffff
586851040679770994,0.572,0.571997942642231,15,89489e32d9bffff
5869022,0.6096,0.608864777144522,91,89489e36ad3ffff
5873238,0.6537,0.6534186122340436,179,89489e35c4bffff
587572,0.5997,0.6401448149265042,46,89489e344c3ffff
587665716378393209,0.4272,0.0,2,89489e371b3ffff
587717767093532097,0.1372,-0.7615941559557649,1,89489e3427bffff
587723046300863846,-0.1084,-0.3263974954096135,7,89489e34263ffff
587741884377856503,0.7221,0.7615941559557649,6,89489e34167ffff
587888889833124888,0.7616,0.7615941559557649,2,89489e31b03ffff
588182935563100073,0.6727,0.6726881226263447,59,89489eac907ffff
588438558809839401,0.7016,0.7562864388022066,10,89489e22d37ffff
589214980714619826,0.7105,0.6994651857517967,9,894898d842bffff
589231187801052972,0.4306,0.43060539864653796,9,894898d8477ffff
589783803789211014,0.6551,0.6854347403601884,10,89489e2741bffff
589849560944438855,0.4061,0.40610125599288893,8,89489e2740fffff
589931052393968075,0.4196,0.3807970779778824,8,89489e3551bffff
590016641727261520,0.6202,0.7615941559557649,2,89489e3668fffff
590042926136778245,0.6872,0.7615941559557649,4,89489e2736bffff
590042966400877748,0.3528,0.0,2,89489e2736bffff
590497638719124731,0.6435,0.7615941559557649,2,89489e22dafffff
590765764255326899,0.0747,0.17256217360315818,10,89489e356a7ffff
591335343857553878,0.3427,0.0,2,89489ead32bffff
592126995983798655,0.7496,0.7840867586357706,9,89489e36597ffff
592210654833617740,0.4488,0.49648313596384036,6,89489e350dbffff
592250778925785108,0.7333,0.7369922726650296,29,894898d904fffff
592265060291319011,0.52,0.5166119155149128,34,89489e35577ffff
592610914466433004,0.7185,0.8122025119857779,4,89489e3715bffff
592830351290901741,0.6826,0.6825957337417924,18,89489e2629bffff
5928709,0.3383,0.3385173523963239,19,89489e37363ffff
592889633303958567,0.2782,0.2538647186519216,24,89489e35427ffff
592929568902656175,0.4086,0.4482748860178998,6,89489e355bbffff
593271413369302790,0.3271,0.2538647186519216,3,89489e34263ffff
593272878880250349,0.5667,0.7615941559557649,2,89489e3427bffff
593274385355194919,-0.2537,-0.4940331361944327,9,89489e3426bffff
593275314094138196,0.2336,-0.1167302988654828,2,89489e3426bffff
593362981324550162,0.6288,0.6684007006498126,12,89489e36047ffff
593487166096778724,-0.099,-0.0291825747163707,8,89489e346cfffff
593550574200288749,0.5623,0.5890319823526067,10,89489e3733bffff
593720138763730855,0.4429,0.2538647186519216,3,89489e31b2fffff
594183793174890578,-0.0299,-0.7615941559557649,2,89489e35053ffff
594203762242760300,0.6451,0.7615941559557649,4,89489e34063ffff
594226432835689448,0.6953,0.7615941559557649,1,89489e351b7ffff
594254753633680083,0.4771,0.8122025119857779,2,89489e3713bffff
594291992666525609,0.0149,0.0,8,89489e37023ffff
594340330457732801,0.5022,0.43140543400789544,4,89489e26b43ffff
594379509918380976,0.6719,0.7615941559557649,3,89489e37167ffff
595739705811731886,0.3925,0.42310786441986936,9,89489e37393ffff
597737169520302944,0.5688,0.5923510101878171,9,89489e3732bffff
598442432296435784,0.593,0.5838477059743269,8,89489e31bd3ffff
598448958128884257,0.7785,0.7615941559557649,1,89489e36bbbffff
598463937384632441,0.5893,0.8290719639957822,3,89489e36207ffff
598559837112689156,0.7616,0.7615941559557649,2,89489eaca8fffff
598590959337398050,0.734,0.7615941559557649,3,894898ca813ffff
599160025937011169,0.3777,0.3645822003544433,11,89489eac2a3ffff
5992071,0.7537,0.7555918235697717,34,89489e35cafffff
599278732589543799,0.4569,0.5077294373038432,6,89489e22ca7ffff
599597420451677222,0.7351,0.7868983339707714,8,89489e34487ffff
599633142941630362,0.2574,-0.7615941559557649,1,89489e34487ffff
599833734656337815,0.6114,0.5964997949818301,8,89489e35563ffff
600009502581855603,0.1832,0.050832793803246616,11,89489e373b7ffff
600077114968888600,-0.362,-0.38298523891081165,11,89489e346cfffff
6016413,-0.7261,-0.7386466986776419,43,89489e3460bffff
602027045320551153,0.7751,0.780873529681484,21,894898d92b7ffff
602141272234849893,0.6607,0.7615941559557649,3,89489e3604fffff
602308061270088547,0.5337,0.5173691241667029,21,89489e36043ffff
602320058854133108,0.5631,0.563088178155104,22,89489e26287ffff
6025598,0.6428,0.6227708863726154,15,89489e35ccfffff
602629853923728359,0.628,0.9950547536867305,1,89489eadbcbffff
602830203957321282,0.6042,0.7615941559557649,1,89489e2219bffff
602860298282797754,0.5752,0.5752072453438606,18,894898c8ea7ffff
602875329393541168,0.181,-0.05060835603001301,4,89489e34063ffff
603059524317802880,0.7757,0.7953330599757735,18,89489e37177ffff
603091137051606684,-0.7616,-0.7615941559557649,1,894898d8c8bffff
603092609146615267,0.7683,0.7615941559557649,6,89489e31b2bffff
603133701864295823,0.5836,0.6295186671766171,10,89489e373d7ffff
603147039474057712,0.7024,0.7062152338065041,38,89489e34c47ffff
604323737239889379,0.0282,-0.1377182257251167,7,89489e37483ffff
604372742226639139,0.7992,0.8122025119857779,4,89489e31b2bffff
604375496065718273,0.457,0.7615941559557649,2,89489e31b3bffff
604453574177348833,0.7543,0.773502004433415,34,89489e35423ffff
604613792795053730,0.5615,0.5439958256826892,7,89489e3444bffff
604722466007178506,0.608,0.7615941559557649,2,89489eadbcbffff
604983145815824483,0.2508,0.1650943609739347,8,89489e36687ffff
604990436506907334,0.2539,0.2538647186519216,3,89489e27377ffff
605209176939736944,0.5412,0.5414683413238519,12,89489e3754bffff
605253958518924701,-0.2952,-0.4686733267420091,13,89489e34413ffff
605658305221434385,-0.2285,-0.22847824678672946,10,894898d9e0fffff
607229034700124611,0.6891,0.7615941559557649,12,89489e3737bffff
607326299779925271,0.6752,0.6854347403601884,10,89489e37103ffff
607536,0.0327,-0.04402516292638259,15,89489e3534bffff
607789673878508156,0.5801,0.585737652344052,46,89489e35cc3ffff
608162181422765776,0.9951,0.9950547536867305,1,89489e20173ffff
608499999703751409,0.4976,0.5077294373038432,12,89489e36a5bffff
608760936215581166,0.5602,0.571997942642231,15,89489e37327ffff
608809947673509824,0.7616,0.7615941559557649,2,89489e240a7ffff
608847362724575089,0.7335,0.773502004433415,17,89489e3442bffff
608870876143058913,-0.4076,-0.530222039983849,3,89489e346cfffff
608872767745794202,-0.3531,-0.3785855291638998,8,89489e346cfffff
609257463171472520,0.1632,0.3553165559981924,7,89489e346cfffff
6092667,0.7616,0.7615941559557649,2,89489e274afffff
609524619231532675,0.7283,0.7392986992235361,32,89489e36283ffff
609611098723684673,0.1608,0.29451599117630334,10,89489e346cfffff
609618,0.5013,0.5214569036300417,11,89489e35177ffff
609645886125475160,0.3737,0.32488100479431115,10,89489e3500fffff
609754337311441689,0.7238,0.7615941559557649,8,89489e22d0fffff
610043348597501238,-0.0203,-0.5077294373038432,3,89489e3426bffff
610138510826786897,-0.2248,-0.18325661188439377,12,894898c8333ffff
610167842435211680,0.48,0.4916612260836437,19,89489e35593ffff
610830274629233687,0.7238,0.7615941559557649,8,894898d9647ffff
610839028965114332,0.3988,0.5439958256826892,14,89489e3464bffff
610858876897342395,0.7616,0.7615941559557649,1,89489e20d03ffff
610862768363452875,0.6625,0.7615941559557649,2,89489e24147ffff
610906529452922935,0.763,0.8628108680157909,2,89489e36097ffff
611009661090145040,-0.0794,-0.0642685053383878,15,89489e346cbffff
611100293590688536,0.3808,0.3807970779778824,4,89489e2410bffff
611587205188664946,0.7584,0.7818374983677701,20,89489e3444bffff
6116865,0.5108,0.588065068976828,24,89489e34233ffff
612083707767147698,0.462,0.7615941559557649,1,89489e27067ffff
6120864,0.6908,0.7615941559557649,4,89489e26b43ffff
612213920713822582,0.7724,0.7615941559557649,5,89489e2408fffff
612421832655671109,0.3002,0.30463766238230594,10,894898c80bbffff
612493332335031152,0.6374,0.7615941559557649,1,89489e3446bffff
612533930369064799,0.7253,0.7266466102160328,16,894898d8543ffff
612544810821964105,0.6554,0.6556315625215976,58,89489ead377ffff
613007180114830032,0.5454,0.7615941559557649,1,89489e3733bffff
613036767603890490,0.7217,0.7615941559557649,1,89489eadc13ffff
6131087,0.4731,0.4145359819978911,12,89489e35e83ffff
613276677814301623,0.517,0.7615941559557649,4,89489e3508bffff
613911916868978627,0.4596,0.9640275800758169,1,89489e3550bffff
614468569714034895,0.3534,0.7615941559557649,1,89489e35947ffff
614470192862391103,0.0078,0.06212897020396809,9,89489e346cbffff
614491960550521187,0.6169,0.614843612867823,18,89489eace37ffff
614524060699457358,0.4621,0.44806916850717593,23,89489e35a4bffff
614597439866409531,0.5534,0.6056251733981028,14,89489e35093ffff
614602723501547548,0.7505,0.7615941559557649,5,89489e22d0bffff
614686020051833184,0.4898,0.40610125599288893,4,89489e37387ffff
615031912891206492,0.5655,0.5670078004174488,50,89489e35003ffff
615118685901241099,0.6498,0.6497620095886223,5,89489eacc2fffff
615843714784822790,-0.3148,-0.7615941559557649,3,89489e355afffff
615959873630158477,-0.5492,-0.7771659578111534,13,89489e373a3ffff
616976543423543262,0.7181,0.7615941559557649,2,89489e22a97ffff
617156102725613106,0.6592,0.7615941559557649,1,89489eaca37ffff
617305553605872031,0.8206,0.8290719639957822,3,89489eadb8bffff
617514330420227598,0.6702,0.7615941559557649,1,89489e371d7ffff
617779987881164877,0.6483,0.6295186671766171,10,89489e34adbffff
618047203537373100,0.7145,0.7615941559557649,4,89489e3404fffff
618050811312435081,-0.1904,-0.7615941559557649,1,89489e35a8fffff
618209428776768813,0.7616,0.7615941559557649,1,89489ead933ffff
618694558525094846,-0.2924,-0.3240644329245329,13,89489e346cbffff
6187395,0.6624,0.676972583071791,27,89489e35e93ffff
618915729889432360,0.7209,0.7277056267536004,33,89489e34407ffff
618929113852107997,0.4965,0.7615941559557649,5,89489e37023ffff
619016576808969652,0.7616,0.7615941559557649,1,89489e35b67ffff
619409063669467928,0.581,0.7615941559557649,1,89489e36273ffff
619473611227486956,0.6492,0.6790469754687976,8,89489e35a4bffff
619747498219309559,0.1644,0.156367499673554,25,89489eacbd7ffff
619755410389576478,0.7616,0.7615941559557649,3,89489e246afffff
620166869216111193,0.6941,0.7615941559557649,1,89489e3712fffff
620275748016217283,-0.1607,-0.10604190947235172,11,89489e346c3ffff
620421353437495913,-0.3207,-0.33603718227247314,7,89489e346cfffff
620816808178274196,0.6148,0.6092753247646119,5,89489e34687ffff
620843955608092612,0.7616,0.7615941559557649,2,89489e25513ffff
620962785582617047,0.7996,0.8020808407797752,5,89489eacec7ffff
621125410674430311,-0.7616,-0.7615941559557649,1,894898d822bffff
621266250297221574,0.7154,0.7615941559557649,2,89489e32d93ffff
621588302926404138,0.7716,0.7717158271617675,20,894898cae3bffff
621740919158660249,-0.0766,0.0,4,89489eadbcfffff
621755771526833314,0.7575,0.8290719639957822,3,89489e246bbffff
621853624404272303,0.5729,0.572914886271268,7,89489eacac3ffff
621872235168696588,0.8021,0.8020808407797752,5,89489e25433ffff
621880909864958767,0.7616,0.7615941559557649,1,89489e351bbffff
622315870502676035,0.54,0.5711956169668236,8,89489e3580bffff
622344380681254537,0.2422,0.22012581463191294,6,89489e35857ffff
622495,0.3671,0.40230325997156374,26,89489e342afffff
622663083408685951,0.4957,0.4771998359854641,5,89489e3556bffff
622710737832242824,0.6493,0.669141285501932,13,89489e358c7ffff
622824343092652976,0.7468,0.7669870891553427,42,89489e35123ffff
623028614132440885,0.2228,0.15231883119115297,10,89489e35053ffff
623049393225224297,0.5421,0.4569564935734589,5,89489e22b07ffff
623837283555573437,0.6907,0.8628108680157909,2,89489e350cfffff
624177923181804999,0.6864,0.685270152659817,12,89489e30e0fffff
624538778958875368,0.7175,0.7189891595753946,31,89489e35007ffff
624755848281049532,0.7541,0.7615941559557649,13,89489e37147ffff
6248576,-0.3809,-0.7615941559557649,5,89489e3713bffff
6250110,0.4266,0.40627759995757246,7,89489e35cabffff
625274155319345207,0.5888,0.8628108680157909,2,89489eadb63ffff
625406268548772413,0.7329,0.7840867586357706,9,89489e3717bffff
625406280546403016,0.755,0.7615941559557649,15,89489e37147ffff
625406296966975760,0.7434,0.7742462449632681,16,89489e3717bffff
625406354284644514,0.6316,0.6402849472998056,18,89489e3717bffff
625406386099419975,0.665,0.652794990819227,14,89489e37147ffff
625406395380414893,0.6521,0.634661796629804,12,89489e37147ffff
625406455184181127,0.6798,0.7030099901130137,13,89489e3717bffff
625444810990281245,0.5456,0.9640275800758169,1,89489eadb63ffff
625727727489348048,0.6218,0.6218039729968367,8,89489e253a7ffff
626065916690491645,-0.0804,-0.0943396348422484,14,89489e35597ffff
626143042203717921,0.5572,0.5854935042502345,15,89489e3512bffff
626670244313574947,-0.1033,-0.8290719639957822,1,89489e366a3ffff
626776354750175432,0.6161,0.572914886271268,7,89489e2410fffff
627496392337477538,0.6965,0.7615941559557649,6,89489e2748fffff
627609838453993132,0.7895,0.7953330599757735,6,894898cacabffff
627658938698243818,-0.1813,-0.14675054308794197,9,89489e346cfffff
628034,0.2998,0.30002302903389033,103,89489e35503ffff
628141286891454400,0.7619,0.7697732842030397,33,89489e3443bffff
628190192818204291,0.7616,0.7615941559557649,2,89489e36503ffff
628256556425395347,0.7581,0.7799971945121332,22,89489e34423ffff
628336547277887109,0.5761,0.6069076136130958,22,89489e35047ffff
628387119569290632,-0.2565,-0.20770749707884495,11,89489e2762bffff
628445085184541045,0.7557,0.7840867586357706,9,89489e3412bffff
6285645,0.5804,0.5869088954911834,25,89489e3556bffff
628965783867033680,0.4393,0.4212837628018928,10,89489e2706fffff
629015830937221436,0.734,0.7407785186932336,22,89489e32d93ffff
629064902183184270,0.4799,0.48959624311442024,14,89489e30d8fffff
6291810,0.7869,0.7868983339707714,8,894898d9077ffff
629447119230352322,0.2985,0.0,2,89489e35d23ffff
629869881205366388,0.5729,0.572914886271268,7,89489eacacbffff
630410965465693740,0.7293,0.8290719639957822,3,89489e22d83ffff
630485307956951875,0.7227,0.7615941559557649,3,89489e37203ffff
630623809593870330,0.3899,0.0,2,89489e241a7ffff
630624331006655039,-0.3564,-0.4283967127251177,16,89489e35083ffff
630627422611990318,0.6503,0.6497620095886223,20,894898caa0fffff
631035761593321688,0.4183,0.424822240904265,30,89489eadb43ffff
631075718046577396,0.5109,0.8628108680157909,2,89489e34e33ffff
631282171079910619,0.3303,0.0,2,89489e27677ffff
631354339059807503,0.4314,0.43140543400789544,4,89489e35ac3ffff
632120226251655360,0.1267,0.0508826688639652,18,89489e35c43ffff
632659,0.5685,0.5683538477281828,67,89489e3519bffff
632826575062379610,0.3656,0.3485531001751076,15,89489e37283ffff
633152868388223128,0.6664,0.6663948864612943,16,89489eaca47ffff
633324320927431916,0.7616,0.7615941559557649,2,894898caec7ffff
633510605487945130,-0.0206,-0.7615941559557649,2,89489e3733bffff
633980020747723868,-0.0931,0.0,2,89489e346cbffff
633986697893536257,-0.4663,-0.5439958256826892,7,89489e346cfffff
633987409764200852,0.6255,0.652794990819227,14,89489e3732bffff
634052374566849995,-0.4042,-0.7615941559557649,1,89489e346cfffff
634210924280739363,0.7203,0.7185817919684023,26,894898c8073ffff
634291419238173019,0.1216,-0.7615941559557649,1,89489e3534bffff
634499922967863263,0.7638,0.8290719639957822,3,89489e3580fffff
634699070740703436,-0.7616,-0.7615941559557649,1,89489e3590bffff
6347473,0.189,0.3301887219478694,2,89489e350bbffff
634768217847813866,0.713,0.7905132165443438,7,89489e364a3ffff
634825185868494516,0.7559,0.8628108680157909,2,89489e32d93ffff
635652177342182239,0.2495,0.7840867586357706,3,89489e346cfffff
636059583371333001,0.5908,0.6863975311706773,25,89489e37367ffff
636082069722193917,0.5068,0.7615941559557649,1,89489e3469bffff
636231738737253617,-0.0475,0.0,15,89489e346cfffff
636431782213277246,-0.0782,-0.10121671206002603,2,89489e3546fffff
636971600472005039,0.4902,0.4952072664859089,47,89489e34693ffff
637480,0.6807,0.7615941559557649,3,89489e3404bffff
637579572642890021,0.3923,0.3645822003544433,11,89489e35187ffff
637677943136892785,0.7616,0.7615941559557649,3,89489e2448fffff
637771777309593246,0.5939,0.7953330599757735,6,89489e3508bffff
637828452164822888,0.7546,0.7810492057666787,12,89489e3438bffff
637865750627275668,0.6644,0.7615941559557649,1,89489e31b2fffff
638194567310074852,0.7616,0.7615941559557649,1,89489e25e1bffff
638341768457584809,0.6476,0.7615941559557649,1,89489e346b3ffff
638361000964966392,0.3674,0.3807970779778824,4,89489e36207ffff
638904542538427260,0.3424,0.34071317503284215,38,89489e35573ffff
639146680403031995,0.5444,0.5379298632214797,5,89489e3446fffff
6391710,0.5978,0.6040784990902599,59,89489e3733bffff
639245230690022586,-0.3294,-0.5414683413238519,6,89489e350bbffff
639701900748299056,0.7253,0.7615941559557649,5,89489e35813ffff
639929611364732378,0.07,0.7615941559557649,1,89489e3629bffff
640063371591247684,0.5466,0.5439958256826892,14,89489eac2a7ffff
640287930525171900,0.6215,0.614843612867823,9,89489e365c3ffff
640482071159479792,0.5192,0.5331159091690354,40,89489e35043ffff
640484708419023379,0.7493,0.7615941559557649,2,894898ca81bffff
640699862388815180,0.7191,0.761594155955765,14,89489e36273ffff
6413,0.3716,0.4125301678093726,24,89489e373a7ffff
641587342893601143,0.7541,0.8042117189284074,19,89489e3627bffff
641980253891742865,0.7162,0.7615941559557649,5,89489e346d7ffff
642019416677896644,0.5745,0.5711956169668236,16,89489e25027ffff
642243758382854179,0.7817,0.7818374983677701,30,89489e348dbffff
642668480716461373,0.7795,0.7953330599757735,18,89489e32d93ffff
642713837420237206,0.2221,0.2538647186519216,3,89489e36003ffff
642763279007300879,0.6332,0.6332217164050857,19,89489e220b3ffff
642799586304726741,0.3918,0.10121671206002603,2,89489e34067ffff
6432177,0.6424,0.6295186671766171,10,89489e3414fffff
643339870608571533,0.721,0.7615941559557649,2,89489e375b7ffff
643513168477211557,0.7616,0.7615941559557649,1,89489e360d7ffff
643516840805090971,0.0565,0.7615941559557649,1,89489e3468bffff
643623657013337749,0.3162,0.0,2,89489e37133ffff
644051,0.4025,0.3807970779778824,4,89489e346d3ffff
644155356683986723,0.7412,0.7750897175637683,15,89489e3718bffff
644312059502655801,0.5105,0.5040557734087097,14,89489e355cfffff
6448,0.7416,0.74323944232183,101,89489e34463ffff
645099810728368040,0.4914,0.3807970779778824,4,89489e36227ffff
645138440833925820,-0.2862,-0.44204263808809546,17,89489e3624bffff
645491164084284409,-0.0376,-0.08610321545053529,18,89489e3713bffff
645520051188384334,0.5696,0.7615941559557649,1,89489eadbcbffff
645540099314291356,0.7328,0.761594155955765,7,89489eac88fffff
645736707888158472,0.7953,0.7953330599757735,6,894898d85c7ffff
645741294334699572,0.0,0.0,2,89489e35387ffff
645769664838916712,0.5033,0.45670961202290195,4,89489e3622fffff
646285532012585512,0.6117,0.6295186671766171,10,89489e344afffff
646432780207289771,0.0762,0.7615941559557649,1,894898c854bffff
646513564724932244,0.5301,0.5077294373038432,12,89489e36233ffff
646639047992846037,0.5858,0.5858416584275115,13,89489e2451bffff
647279044517759618,0.409,0.3807970779778824,4,89489e37417ffff
647565180513773103,0.7105,0.7615941559557649,3,89489e3510bffff
648093108470244086,0.7414,0.8628108680157909,2,89489e3622bffff
648468405111789979,0.5801,0.7868983339707714,8,89489e3620bffff
648521508709409387,0.4137,0.4442632576408629,12,89489e3550bffff
648561448497727274,0.5892,0.7615941559557649,1,89489e35b17ffff
648654328647539089,-0.3398,-0.3807970779778824,4,89489e346cfffff
648763414809946168,0.2098,0.20770749707884495,11,89489e22d8fffff
6490112,0.7569,0.7569421848385305,126,89489e34437ffff
649126388075950630,0.7616,0.7615941559557649,2,894898d93cbffff
649261164526553694,0.4892,0.4633442584648498,8,89489e35577ffff
649264742857060352,0.6365,0.6567515187365687,16,89489e35513ffff
649267768662583464,-0.4573,-0.40610125599288893,4,89489e34647ffff
649407635039675699,0.7818,0.7818374983677701,10,89489e36653ffff
649473943038019316,0.3173,0.317330898314902,12,89489eadb0bffff
649514455439091082,0.456,0.4507847382296346,25,89489e35507ffff
649525483454220268,0.6342,0.8020808407797752,5,894898c8ec7ffff
649796845259649308,0.4097,0.40971613856646133,14,89489eade67ffff
649862618338806800,0.4443,0.44426325764086283,8,894898d836bffff
649890343586097157,0.7154,0.7154369343826882,11,894898da247ffff
649890371316134245,0.6048,0.5077294373038432,3,894898caacbffff
649977065073864157,0.5484,0.5245988893138476,6,89489e3446bffff
650455797377773713,0.2642,0.1903985389889412,8,89489e3500bffff
650635293502406464,0.6417,0.7167944997230729,17,89489e35517ffff
650705477734463153,0.7527,0.7799971945121332,11,89489e3756bffff
650778158748537922,-0.2128,-0.251824306559826,10,89489e3606bffff
651502963166653385,0.3646,0.3645822003544433,11,89489e27467ffff
651700670021395366,-0.1292,-0.10711417556397966,9,89489e354a7ffff
652200769592366305,0.0331,0.0,28,89489e3666fffff
652989549335475261,0.3487,0.22012581463191294,3,894898c8ecfffff
653060170516224332,0.2874,0.3554928999628759,8,89489e36693ffff
653071507179843569,0.142,0.10879916513653784,7,89489e34057ffff
653552622082342247,0.6567,0.7615941559557649,3,89489e2219bffff
653558195144942000,0.3821,0.3645822003544433,11,89489e37417ffff
653715313991045421,0.5019,0.5077294373038432,18,89489e35243ffff
6539818,0.6423,0.645362141205856,46,89489e3428fffff
654133722688062696,-0.049,-0.2538647186519216,6,89489e273d7ffff
654231777105506066,0.7616,0.7615941559557649,2,89489ead86fffff
654236232291103989,-0.1684,-0.33697764251989076,11,89489e3554bffff
654238988563479956,0.4451,0.47526587483851446,13,89489e22d23ffff
654268745353325717,0.7616,0.7615941559557649,5,89489eacc6fffff
654339745576158073,0.1742,0.13207548877914776,10,89489e22d23ffff
654356541562770787,0.7616,0.7615941559557649,1,89489eadd57ffff
654439241043527848,0.1927,0.19883326499394338,24,89489e366cfffff
654546672850504604,-0.0704,-0.7615941559557649,1,89489e354b7ffff
654863886407724049,0.5073,0.49648313596384036,9,89489e3730fffff
654921515683503342,-0.2772,-0.2538647186519216,1,89489e346cfffff
655262808036960238,0.7723,0.7615941559557649,1,89489e3515bffff
655417594182937262,0.7117,0.7615941559557649,8,89489e22d93ffff
655571031364069317,0.0194,0.0,4,89489e35c93ffff
655755612419021213,0.792,0.8122025119857779,2,89489e2514fffff
6560787,0.3241,0.7615941559557649,2,89489e344dbffff
656434072510939831,0.1601,0.3508841026252047,7,89489e346cfffff
6570493,0.7231,0.7267177067877814,102,89489e3404bffff
657099513765678519,0.7369,0.7397285165496471,28,89489e34adbffff
657105663812804872,0.7218,0.7249586343737099,25,89489e22babffff
657158457671658537,0.5942,0.6200847036923923,28,89489eadb43ffff
657178186577113498,0.0,-0.7615941559557649,1,89489e345b7ffff
657279826018278785,-0.2708,-0.3084926310691443,13,89489e34233ffff
657281194383671469,0.2702,0.30864680631861524,18,89489e3546bffff
657281413623440550,0.3743,0.3384862915358955,15,89489e356b7ffff
657873824599504532,-0.4774,-0.5414683413238519,9,89489e346cfffff
657939740597605315,0.212,0.09699001537632328,11,89489e35183ffff
658070403765208935,0.4737,0.4569564935734589,10,89489e34043ffff
6584889,0.462,0.42310786441986936,9,89489e22d93ffff
658625527856713633,0.8426,0.8628108680157909,2,89489e22cc7ffff
658625719612526775,-0.6436,-0.7615941559557649,3,89489e34647ffff
658638473648166597,0.6625,0.7615941559557649,2,89489e372a3ffff
6586413,0.4172,0.7615941559557649,1,89489e3405bffff
658642093475168178,0.4099,0.6218039729968367,8,89489e346cbffff
658655321800187354,0.2144,0.0943396348422484,7,89489e27007ffff
658918842830235951,0.0798,-0.15231883119115297,5,89489e35437ffff
659200354444141511,0.614,0.6295186671766171,10,89489eacb2fffff
659340735689050722,-0.0635,-0.15231883119115297,5,89489e27303ffff
659356544925198543,0.6854,0.7615941559557649,5,89489e22c27ffff
659364977794432620,0.721,0.7615941559557649,2,89489e375b7ffff
659557671566098793,0.7954,0.8628108680157909,2,89489e31803ffff
660131630837427898,0.5405,0.7615941559557649,2,89489eadb73ffff
660299192192226419,0.6222,0.621388056926161,46,89489e358b3ffff
660348885251569833,0.4503,0.7615941559557649,1,89489e372d3ffff
660352864997878902,0.6349,0.6672545211135165,14,89489e36253ffff
660394898842034834,0.008,-0.1903985389889412,8,89489e35423ffff
660395220329257833,0.2302,0.0,4,89489e35423ffff
660395971453922427,0.2849,0.1903985389889412,8,89489e35423ffff
660425,0.6057,0.6067449069631112,40,89489e34417ffff
660750640502967297,0.6865,0.7615941559557649,1,89489e351d7ffff
661378610328145782,0.5714,0.5439958256826892,14,89489e36447ffff
661786173786139509,0.531,0.0,1,89489e3400bffff
662304755661101274,0.6278,0.6218039729968367,16,89489e241c7ffff
662365309319548340,0.1706,0.7615941559557649,2,89489e270cfffff
662456402159128099,0.6395,0.6379444516208516,23,89489ead377ffff
662806851002070384,0.6989,0.7019892752757909,52,89489e35c83ffff
662982816029049918,0.7616,0.7615941559557649,2,89489eaca8fffff
663623605113407229,0.6512,0.7149974283027888,12,89489e35117ffff
663657471156375954,0.5653,0.5439958256826892,7,89489e358a3ffff
663702617552310936,-0.2311,-0.34617916179807495,11,89489e3508bffff
6638084,0.5442,0.5591940982058099,42,89489e35043ffff
663910187987815591,0.3808,0.3807970779778824,2,89489e241abffff
664013,0.7259,0.726639883519356,65,894898c9497ffff
664078690410315852,0.6049,0.6049345209868323,8,89489e2647bffff
664347755629892470,0.0,0.0,2,89489e241b3ffff
664369671884558358,0.6265,0.634661796629804,6,89489e350a3ffff
664442759571669512,0.6867,0.7043511534838041,32,89489e3732bffff
664446946903557292,0.6771,0.7615941559557649,1,89489e35e97ffff
664448935944928021,0.7616,0.7615941559557649,2,89489e362c7ffff
664526135895070213,0.7282,0.7337037122603599,42,894898c9c3bffff
664561041042372285,0.619,0.6205582011491417,27,89489e3584fffff
664571298028934726,-0.0156,0.2538647186519216,3,89489e346cfffff
664638044776998313,0.7715,0.7615941559557649,9,894898c8e1bffff
664772437043233824,0.6218,0.6231290881374693,51,89489e27283ffff
665129021351888909,0.5856,0.7615941559557649,1,89489e37133ffff
665223839800248550,-0.4042,-0.7615941559557649,1,89489e346cfffff
665285720465283389,0.7594,0.7868983339707714,8,89489e35ccbffff
665355336705010391,0.5498,0.5711956169668236,16,89489e3563bffff
665819044127665218,0.8291,0.8290719639957822,3,89489e24143ffff
665914662843451525,0.3022,0.2855978084834118,8,89489e372d3ffff
666055718264781136,0.1099,-0.7615941559557649,1,89489e34263ffff
666063801037601868,0.7616,0.7615941559557649,2,89489eac84fffff
666140187451991286,0.7071,0.8290719639957822,3,89489e36647ffff
666204567896384927,0.3505,0.32551625832861963,6,89489e34263ffff
666210705902711529,0.1383,0.0508826688639652,9,89489e34263ffff
666216238329161120,0.1007,-0.025304178015006507,8,89489e3427bffff
666423,0.4255,0.2538647186519216,3,89489e34487ffff
666596840379915164,0.3581,0.5439958256826892,7,89489e342abffff
666676821288463443,0.5063,0.5711956169668236,4,89489e3736bffff
666691339794141776,-0.0566,-0.08462157288397387,9,89489e3423bffff
666699517994601134,0.7734,0.808828621583777,15,89489e3446bffff
666766649011814830,-0.4892,-0.7953330599757735,2,89489e346cfffff
666767252602206584,-0.4222,-0.5045035223301193,5,89489e346cfffff
666768,0.6793,0.7615941559557649,3,89489e34487ffff
666773179522659179,-0.171,0.0,2,89489e346cfffff
666781303358277397,0.482,0.48201379003790845,4,894898c8e03ffff
667256975039066169,0.7616,0.7615941559557649,3,89489e20dcfffff
667259209025247008,0.3826,0.3826485987672841,13,89489e241a3ffff
667392566657282959,0.6822,0.7868983339707714,24,89489e346cbffff
667429004604940746,-0.1586,-0.1269323593259608,12,89489e346cfffff
667439115002460243,0.4596,0.6092753247646119,5,89489e3407bffff
667596140529535362,-0.0103,-0.8628108680157909,2,89489e35577ffff
667905374365439455,0.751,0.7552166777956472,32,894898ca813ffff
667937517810892974,0.5174,0.5032397238380416,16,89489eadc97ffff
667976901878093519,0.7328,0.7615941559557649,6,89489e3443bffff
668060347655389129,-0.1265,-0.09479810665676691,15,89489e346cfffff
668070118146818055,0.0873,0.7615941559557649,1,89489e35127ffff
668239,0.174,0.08805032585276518,15,89489e344d3ffff
668301,0.6139,0.6165286024403811,21,89489e37127ffff
668702525972925013,0.688,0.7615941559557649,2,89489e36227ffff
668719298060501354,0.7116,0.7116366265256899,55,89489eacea3ffff
668748406827293973,0.5861,0.5899019009243948,28,89489e27677ffff
668806888875479175,0.7572,0.7905132165443438,7,89489e34403ffff
668828126938557364,0.6746,0.7615941559557649,1,89489e34407ffff
668838395487682890,0.7616,0.761594155955765,7,89489e25037ffff
668985434681432392,0.2995,0.3807970779778824,4,89489e350a7ffff
6690195,0.2285,0.0,2,89489e362d7ffff
669074633559901318,0.6582,0.7615941559557649,2,89489e22d57ffff
669400369336400804,0.3384,0.5752072453438606,3,89489e27013ffff
669753083519656188,0.2333,0.3807970779778824,4,89489e34657ffff
669813124233826793,0.7616,0.7615941559557649,1,89489e3541bffff
670269626970273520,-0.4892,-0.5439958256826892,7,89489e346c3ffff
670290838243151663,0.4503,0.7615941559557649,1,89489e372d3ffff
670341538947144448,0.7481,0.7581698223083079,31,89489e3440bffff
670359435757216047,0.2556,-0.033738904020008675,3,89489e3422fffff
670416042625975821,0.6714,0.7615941559557649,1,89489e351d3ffff
670604157002971330,0.5077,0.5077294373038432,6,89489e245cfffff
670854971385141546,-0.253,-0.23699526664191728,6,89489e346cfffff
670867252873833687,0.8291,0.8290719639957822,3,89489e31b33ffff
671165301568461983,0.8291,0.8290719639957822,3,89489e36637ffff
671503466425042541,0.7233,0.7230313468636468,29,89489e36603ffff
671542965331525254,-0.0747,-0.3553165559981924,7,89489e3716fffff
671625299905024451,0.7146,0.8425675256037856,5,89489e3401bffff
671631637889803198,0.5696,0.5923510101878171,9,89489e37327ffff
671631715622667207,0.2042,0.32134252669193897,3,89489e3462bffff
671631973726583363,0.4786,0.7615941559557649,1,89489e34293ffff
672236950705705050,0.2132,0.0,2,89489e24507ffff
673358188679467672,0.3776,0.2538647186519216,3,89489e37327ffff
673388581415688981,0.8122,0.8122025119857779,4,89489eace23ffff
673422360986289651,0.6119,0.7615941559557649,3,89489e3552bffff
673692105289760598,-0.1886,-0.2538647186519216,3,89489e22d33ffff
673744977258146730,0.0369,0.0,8,89489e3728bffff
673790266090669863,0.8021,0.8020808407797752,5,89489e272d7ffff
673838775410224732,-0.4186,-0.7615941559557649,3,89489e342abffff
673839538656917228,0.2169,0.30463766238230594,10,89489e342abffff
673839614733419490,-0.0252,0.0,6,89489e342abffff
673888656798531316,0.7768,0.7615941559557649,1,89489e31b2bffff
673957837622940643,0.8342,0.8342431595976011,6,89489e272b3ffff
6744307,0.4888,0.5030538650736733,11,89489e2730fffff
674804146508722380,0.0738,-0.10121671206002603,1,89489e24843ffff
674826842240363358,0.7198,0.7213234728065404,48,89489ead30fffff
675328997899881702,0.5992,0.7615941559557649,3,89489e3627bffff
675351063989042906,0.1558,0.22012581463191294,6,89489e3423bffff
675931907833318943,0.6632,0.6807442056118028,22,89489e37377ffff
675958056025778083,0.19,-0.2538647186519216,3,89489e35183ffff
676087402854307753,0.5138,0.5711956169668236,8,89489e273d7ffff
676113926270965218,0.3563,0.5077294373038432,6,89489e3724fffff
676151535126808367,0.3809,0.47645922766970344,13,89489e355d3ffff
676269911335222947,0.5819,0.5823955310249966,17,89489e35637ffff
676297105402159655,0.6365,0.7615941559557649,3,89489e3702fffff
676606350527797830,0.7005,0.7108212122253806,30,89489e34423ffff
676667857016130572,-0.0586,-0.05858416584275114,13,89489ead9a7ffff
676767199515151187,0.3763,0.4908599852938389,4,89489e371abffff
676855240894742804,0.6039,0.6025275439606101,15,894898c8383ffff
677067988333141153,0.457,0.4569564935734589,5,89489e36053ffff
677403353878658514,0.1683,-0.10121671206002603,2,89489e3465bffff
677430038185765934,0.0018,0.7615941559557649,1,89489e356a7ffff
677628273506864273,0.1859,0.1309060995782814,19,89489e37377ffff
677683976297380524,0.7567,0.7747822067265278,19,89489e355c3ffff
678053187719568957,0.4481,0.4291424604838884,11,894898c8023ffff
6782834,0.3213,0.32134252669193897,3,894898dab63ffff
678335048027324830,0.5897,0.5711956169668236,8,89489e36227ffff
678369095412181744,0.2643,0.20313879997878623,7,89489e3559bffff
678939720335478449,0.3,0.2876036226719303,6,89489e3628fffff
678969305920326858,0.3346,0.30463766238230594,10,89489e30d8fffff
679708548442231560,0.0,0.0,2,894898d806bffff
679720869567818501,0.0506,0.05060835603001301,4,894898daa67ffff
679730103121285523,0.7039,0.7305743900674465,23,89489e35507ffff
679858704868075598,0.1837,0.0,4,89489e350b3ffff
679951151354767448,0.6587,0.6701699397009988,20,89489e37167ffff
680307268681012996,-0.2694,-0.2538647186519216,3,89489e346cfffff
680463568919503933,0.1192,-0.15231883119115297,5,89489e3718bffff
680490632135695878,0.1929,0.1397901829589282,4,89489e22c4fffff
680634267184648005,0.7501,0.7615941559557649,22,89489e27593ffff
680770461264953880,0.4109,0.5150767650941103,7,89489e27103ffff
681078957135156624,-0.2694,-0.2538647186519216,3,89489e346cfffff
681116463845106965,0.346,0.29292082921375573,13,89489e350cfffff
681527199059397985,0.4912,0.47599634747235303,8,89489e246d3ffff
681609199257177419,0.0146,-0.7615941559557649,1,89489e34053ffff
681609879661440389,-0.1756,-0.9640275800758169,1,89489e3462bffff
681610298516409977,0.2558,0.7615941559557649,1,89489e3462bffff
681669897441064107,0.7673,0.7858104905030436,18,89489e35aabffff
681716623060488093,0.7033,0.7784636079657692,12,89489e3732fffff
681795784091837269,0.0585,0.012652089007503253,8,89489e37027ffff
6820899,0.4596,0.46232985563833023,47,89489e3534bffff
682547285691371686,-0.2401,-0.3807970779778824,8,89489e3728bffff
683348735204074091,0.7654,0.7707956752339491,22,89489e35e8fffff
683423523964527215,0.4165,0.7615941559557649,2,89489e37143ffff
683465997105039000,0.6096,0.6373362155478287,9,89489e3556bffff
684174102146175556,0.7744,0.8122025119857779,8,89489e221c7ffff
684978819010951933,0.4325,0.2538647186519216,3,89489e37253ffff
684985868335330488,0.5497,0.5439958256826892,14,89489e34477ffff
6849900,0.7163,0.7166046562569096,96,89489e35e37ffff
684990888603975940,0.5303,0.5077294373038432,6,89489e3556fffff
6850781,0.4294,0.41714369035771215,37,89489e3716fffff
685078233761281437,0.6088,0.6054179776747216,40,89489e34c47ffff
685361,0.7435,0.8122025119857779,4,89489e3404fffff
685378113848318689,-0.5571,-0.8290719639957822,3,89489e346cfffff
6854195,0.6142,0.633640763798097,32,89489e355abffff
685508530969067590,0.0742,0.2538647186519216,6,89489e346cfffff
685526072540174911,0.3536,0.34617916179807495,11,89489eadb47ffff
685529181499073927,0.5919,0.8628108680157909,2,89489e3712bffff
685580304882706113,0.7612,0.8020808407797752,5,89489e220a7ffff
685659372017936586,-0.0781,-0.11836047690398255,18,89489e342bbffff
685919551733839951,0.6295,0.7615941559557649,3,89489e20dbbffff
686065896727416656,0.5312,0.8628108680157909,2,89489e3714bffff
686474652355645967,0.499,0.5030538650736733,11,89489e36253ffff
686878844611622221,0.7905,0.7905132165443438,7,89489e36a0fffff
686893963514622006,0.4456,0.4456004670998751,18,89489e250b3ffff
687015681760444792,0.5712,0.5711956169668236,4,89489e2090fffff
687021921482340757,0.6454,0.6518850964500456,25,89489e3587bffff
6870646,0.7581,0.7840867586357706,18,89489e35c47ffff
687675,0.5814,0.5563319791453377,12,89489e3593bffff
688021998503167816,-0.0197,-0.0943396348422484,14,89489e34613ffff
688204710902648318,0.5534,0.5533592515810406,10,894898d9257ffff
688317640735038111,0.7122,0.7615941559557649,2,894898d9643ffff
688351801287212728,0.6761,0.8122025119857779,4,89489e27007ffff
6887725,0.49,0.5439958256826892,7,89489e35573ffff
688817885563912150,0.5615,0.5584292309451736,36,89489e35c8fffff
688943139938134008,0.1994,0.20770749707884495,22,89489e34467ffff
689025902028130021,0.6976,0.7615941559557649,8,89489ead9b3ffff
689189292021695610,0.7777,0.7953330599757735,12,89489e3585bffff
689312320078562162,0.6461,0.7615941559557649,5,89489e22c0fffff
689314994665010209,0.6076,0.7615941559557649,3,89489e22c0fffff
689687567413312639,-0.4757,-0.7615941559557649,2,89489e346cfffff
689693841311315929,-0.0635,-0.0634661796629804,12,89489eadb83ffff
689816935936640625,0.679,0.7083407529237922,21,89489e35cabffff
689828220112367064,0.4065,0.3953883653360678,8,894898c846fffff
689889012639406544,0.7616,0.7615941559557649,1,89489e35233ffff
689895893761817749,0.6824,0.6745234738083686,21,894898c8563ffff
689919830239899978,-0.232,-0.33215244510756503,11,89489e3728bffff
689919992222562774,-0.1601,-0.24872158919873466,10,89489e3728bffff
689920220826297863,-0.1342,-0.20770749707884495,11,89489e3728bffff
689920352245020300,-0.0889,-0.7615941559557649,1,89489e3728bffff
689920458757734943,0.5753,0.7953330599757735,6,89489e3728bffff
690387056460632540,0.6092,0.60359731152782,18,89489e34167ffff
690404782612781467,-0.1796,-0.1742765500875538,30,89489e34223ffff
690449329422622920,0.3818,0.0,2,89489e3589bffff
690514425989501753,-0.171,0.0,2,89489e346cfffff
690524858599178439,0.6691,0.7784636079657692,24,89489e37367ffff
690601960513504768,-0.3791,-0.8020808407797752,5,89489e351abffff
691168067874566680,-0.0385,-0.11602893028368255,14,89489e365d3ffff
691255127706208969,0.7742,0.7750897175637683,5,89489e34567ffff
691298631988481859,0.4904,0.4569564935734589,5,89489e350d3ffff
691315777010081155,0.3411,0.32488100479431115,10,89489e27687ffff
691444436777419757,0.2558,0.7615941559557649,1,89489e3462bffff
691806839476158828,0.0268,0.07415596769813976,13,89489e3468bffff
692220,0.5847,0.6053697137084284,13,89489e3718fffff
692658578062368728,0.1929,0.21759833027307568,7,89489e3728bffff
692658822280888412,0.1459,0.15231883119115297,5,89489e3728bffff
692658983140544006,0.4416,0.572914886271268,7,89489e3728bffff
692659030254892495,0.6344,0.8483513377215015,7,89489e3728bffff
692818716505202665,0.5491,0.7615941559557649,3,89489e37363ffff
692990298812678965,0.6632,0.7051797740331156,9,89489e35423ffff
69303,0.6887,0.70892854114645,27,89489e3442bffff
693048786488619927,0.0952,-0.7615941559557649,1,89489e3700fffff
6932061,0.7136,0.7277286460123936,39,89489e3710bffff
693430289301574404,0.4249,0.2538647186519216,3,89489e35287ffff
6935687,0.6933,0.7615941559557649,4,89489e3444bffff
6935869,0.4797,0.48465082651730496,44,89489e355abffff
693657091813378358,0.7492,0.7840867586357706,18,89489e3730fffff
693662016295846366,-0.3233,-0.3807970779778824,2,89489e346cfffff
693690402505252838,0.4288,0.43435416575987223,18,89489e27687ffff
693696554255041237,-0.7616,-0.7615941559557649,1,89489e2684bffff
694214369494001166,0.6395,0.7615941559557649,1,894898d8417ffff
694262283678984357,0.7616,0.7615941559557649,2,89489eadd57ffff
694348422804597519,0.3932,0.3703050983391865,17,89489e3551bffff
694386118738059656,0.1333,0.1174947262266994,16,89489e35947ffff
694405559056447636,0.6508,0.652794990819227,7,89489e35c83ffff
694437964396344705,0.3455,0.3109019864984183,16,89489e24033ffff
694863616335903234,0.5624,0.5923510101878171,9,89489e35427ffff
694881145522678758,0.5909,0.6231224912365348,11,89489e35427ffff
694892127643984481,0.3466,0.2538647186519216,6,89489e35553ffff
694900304866990374,0.494,0.49929471129884107,12,89489e35427ffff
695152861907597193,0.761,0.7724388036764819,28,89489e35c07ffff
695165588348783735,0.3808,0.7615941559557649,1,89489e35a6bffff
695204849118819699,0.6546,0.8020808407797752,5,89489e36243ffff
695214753459404700,0.7616,0.7615941559557649,1,89489eadd47ffff
6955450,0.4896,0.7615941559557649,1,89489e358dbffff
695718136075127698,0.4261,0.42214781093672377,38,89489e3558fffff
696395385076063142,-0.3088,-0.3316287855983129,10,89489e34223ffff
696395560739866512,0.165,0.18154151048494704,25,89489e3423bffff
696395915148424778,-0.3452,-0.4569564935734589,10,89489e3423bffff
696395915649243919,-0.228,-0.30463766238230594,10,89489e3423bffff
696486514416119394,-0.3531,-0.4456004670998751,9,89489e342abffff
696576290163722477,0.147,0.20770749707884495,11,89489e342abffff
696999555191554340,0.6969,0.6961735817020953,14,89489e36433ffff
697193275712302835,0.4421,0.5439958256826892,7,89489e3736fffff
697316005746793929,0.7279,0.7615941559557649,3,89489e35897ffff
6975186,-0.114,-0.23699526664191728,6,89489e355afffff
697938463413337843,0.7821,0.7818374983677701,10,89489e255c3ffff
6981552,-0.3363,-0.3807970779778824,8,89489e349c3ffff
698427646147468466,0.641,0.6396403383826197,10,89489e34407ffff
698506328992863202,0.6587,0.8020808407797752,5,89489e3736bffff
698533917385629483,0.6515,0.7615941559557649,1,89489e358a3ffff
698565708849336349,0.6073,0.614843612867823,18,89489e3542bffff
699018,0.7623,0.7728404572957677,18,89489e35dd3ffff
699112228861014890,0.7641,0.7615941559557649,1,89489e3538fffff
699754905252511710,0.7066,0.7615941559557649,1,89489e3665bffff
699896936306442594,0.7778,0.798884523556827,19,89489e3668bffff
699939733398586810,0.7367,0.7615941559557649,2,89489eacbcbffff
700170914735136631,0.7616,0.7615941559557649,1,89489e35603ffff
7005488,0.6178,0.7615941559557649,3,89489e35567ffff
700651363800432061,0.646,0.6599976261256513,13,89489e3664fffff
700664232250803590,-0.1774,-0.15439398270589996,14,89489e346cfffff
700669261299122407,-0.2363,-0.2241374430089499,12,89489e346cfffff
700701285280163421,0.0247,-0.09198481358622876,16,894898d8cc3ffff
700722062642471592,0.5225,0.5030538650736733,11,89489e3715bffff
701392,0.5903,0.5838635317147471,26,89489e35c83ffff
701430945544692403,0.3854,0.3912433439565278,18,89489e35047ffff
701463289533354961,0.3269,0.43519666054615136,14,89489e3468bffff
701542931876725578,0.6288,0.6663948864612942,24,89489e34613ffff
701562925667608252,0.0,0.0,4,894898da6b7ffff
701592446254142925,-0.6114,-0.7615941559557649,15,89489e3634fffff
701749660959553087,0.5652,0.5077294373038432,6,89489e2556bffff
702051625367888006,0.7712,0.780473197066587,31,89489e3443bffff
702112301877536104,0.6962,0.6961735817020953,14,894898d84c3ffff
702144566246744889,0.1044,0.08462157288397387,9,89489e342bbffff
702155946025460020,0.7089,0.8020808407797752,5,89489e356b7ffff
702157980197184111,-0.0328,-0.014459530294289433,7,89489e342abffff
702195639352242595,0.6702,0.7615941559557649,1,89489e371d7ffff
702344834024187270,0.7616,0.7615941559557649,6,894898c8e5bffff
702802891879233030,0.6368,0.7615941559557649,4,89489e20dd3ffff
702825,0.2044,0.2005202101949438,40,89489e371b7ffff
704161034007614517,0.457,0.45695649357345886,15,89489e35b47ffff
704238976097671633,0.6165,0.6231224912365348,11,89489e25027ffff
704540329739537628,0.3019,0.2807057858738024,17,89489e3469bffff
704589,0.6075,0.6073460786411543,9,89489e37317ffff
704738,0.7515,0.7615941559557649,6,89489e3440fffff
705009572588341529,0.0943,0.0943396348422484,14,89489e3588fffff
705059831671530154,-0.0931,0.0,2,89489e346cbffff
705081994942565402,0.685,0.6853877153029394,42,89489e2556bffff
705110322292993657,0.6304,0.6225673256619251,19,89489e2556bffff
705110519354846734,0.4132,0.7615941559557649,2,89489e37027ffff
705234040288970768,0.5176,0.5923510101878171,9,89489e35503ffff
705271312639959751,-0.6606,-0.7615941559557649,19,89489e344c3ffff
705511463215819318,0.6909,0.7041700303996137,23,89489e363cbffff
705615312373088280,0.5864,0.5858416584275115,13,89489e363cbffff
705673050367450713,0.419,0.43140543400789544,4,89489e35b0bffff
705858,0.6392,0.6388760569869327,193,89489e37177ffff
705962756755948950,0.742,0.7615941559557649,4,89489e31b27ffff
706020990883124090,0.3035,0.2538647186519216,3,89489eadb43ffff
7060947,0.7616,0.7615941559557649,1,89489e3514fffff
706405971431478384,0.0,0.0,2,89489e349b3ffff
706425794802256264,-0.033,-0.020243342412005205,10,89489e342abffff
706489852640658620,0.5949,0.5711956169668236,8,89489e35b5bffff
706526504782288121,0.5222,0.5077294373038432,12,89489e3716fffff
706617775022976860,0.2215,0.0,2,89489e3553bffff
706634552580397555,0.5468,0.5840320575917902,21,89489e3741bffff
706738666931680487,0.804,0.8211333983440154,17,89489e35323ffff
706751806219377153,0.6427,0.6355532696024789,27,89489e35323ffff
706792591477040371,0.8426,0.8425675256037856,5,894898c804fffff
707123565899226301,0.5962,0.7615941559557649,2,89489e36223ffff
707290099217846098,-0.5969,-0.695556411566191,10,89489e35583ffff
707378412501643862,-0.7616,-0.7615941559557649,1,894898d94abffff
7075066,0.6414,0.6561046756618041,26,89489e240a3ffff
707780834033034510,0.6006,0.5711956169668236,8,89489e371c3ffff
707883735608282838,0.339,0.29617550509390855,18,89489e3403bffff
707957294435886188,0.6969,0.7615941559557649,5,89489e2700bffff
708008829905163885,0.167,0.16663728631369557,7,89489e27103ffff
70812,0.4313,0.4078889375026406,29,89489e37177ffff
708125072028598751,0.5739,0.614843612867823,9,89489e37283ffff
708130077838307371,-0.2297,-0.3973275636867499,8,89489e35947ffff
708472208339167218,0.2524,0.15799684442794484,9,89489e35103ffff
708534930610364757,-0.409,-0.7615941559557649,2,89489eadb6fffff
708633038110930209,0.7818,0.7818374983677701,40,89489e20903ffff
708638545309790105,0.34,0.10121671206002603,2,89489e2706fffff
708679800086403064,0.2558,0.7615941559557649,1,89489e3462bffff
708713330714199457,0.5815,0.5814912167114724,11,89489e35bc3ffff
708733177511993095,0.7575,0.7868983339707714,8,89489e371c3ffff
708799042774461725,-0.4237,-0.4908599852938389,12,89489e346cbffff
708815216592672796,-0.0144,-0.07988010454795898,7,89489e34467ffff
709235590911763513,0.6981,0.7615941559557649,3,89489e365a7ffff
709297471884850501,-0.0702,-0.07108212122253806,25,89489e3546fffff
709340870098899887,0.4965,0.4968260082615649,28,89489e35c7bffff
709448198798376673,0.7728,0.7615941559557649,3,89489e22cb7ffff
7094484,0.6785,0.6923870528563146,69,89489e3430bffff
709469875342581822,0.5247,0.4164698087494485,5,89489e3584bffff
709491927240274745,0.7782,0.793224378474523,32,894898c8e77ffff
709527619467551339,0.7616,0.7615941559557649,1,89489eada2fffff
709600753986146909,0.6968,0.7615941559557649,1,89489e3443bffff
709657567510317624,0.0359,-0.8122025119857779,2,89489e37387ffff
710130069860901089,0.55,0.5500402237458302,18,89489ead82fffff
710134120024893868,0.7616,0.7615941559557649,2,894898c83c7ffff
710387540797766391,-0.4959,-0.8122025119857779,2,89489e346cfffff
710711297048362896,0.7616,0.7615941559557649,1,89489e3523bffff
710801451771701296,0.8013,0.810457396260605,29,89489ead367ffff
7108253,0.544,0.7615941559557649,2,89489e358dbffff
710895405602457169,0.5985,0.7615941559557649,2,89489e34063ffff
710926486802277352,0.7616,0.7615941559557649,3,89489e34c0fffff
711005768060074686,0.609,0.7615941559557649,3,89489e34413ffff
711011552057423094,0.7616,0.7615941559557649,1,89489e345cfffff
711043112232796769,0.3595,0.7615941559557649,2,89489e37413ffff
711110195014767460,0.4896,0.48465082651730496,11,89489e3647bffff
711641405390594123,-0.3385,-0.4031969060942284,17,89489e350c3ffff
711792080094035777,0.2318,0.7615941559557649,2,89489e373bbffff
712302911143514491,0.2849,0.0,2,89489e34397ffff
712529627824895443,0.6942,0.7615941559557649,6,89489e3623bffff
712908021358624567,0.805,0.7615941559557649,1,894898c80a7ffff
712922548944794438,-0.3032,-0.3714095172485229,19,89489e35173ffff
712925680157537894,0.6994,0.695556411566191,20,89489e35cc7ffff
712925978166013097,0.5421,0.5284390940384993,27,89489e35813ffff
713184018543256350,0.677,0.7615941559557649,3,89489e22c3bffff
713746278543934794,0.7616,0.7615941559557649,3,894898c8e53ffff
713782272240955648,0.4501,0.4482748860178998,6,89489e22c0fffff
713820104359552438,0.171,0.29534636799482833,11,89489e346cfffff
713846386627229129,0.6016,0.7615941559557649,2,89489e3718fffff
713889515234720809,0.4385,0.2538647186519216,3,89489e221d7ffff
7143120,0.6995,0.6994651857517967,18,894898cb35bffff
714345993109609483,0.3032,0.7615941559557649,3,89489e346cbffff
714453645944964108,0.2695,0.2687979373961523,17,89489e34053ffff
714481033240748796,0.1311,0.16924314576794774,6,89489e37023ffff
714617787979790933,0.6067,0.8290719639957822,3,89489e34293ffff
7146530,0.7686,0.780873529681484,42,89489e34487ffff
715108104124559741,0.2648,0.06747780804001735,3,89489e3552bffff
715192479409734192,0.7616,0.7615941559557649,4,89489e2208fffff
715275271831179969,0.0596,-0.15231883119115297,5,89489e36683ffff
715767362823982179,0.6531,0.6953685771770026,23,89489e355bbffff
715784130757644890,0.5965,0.5964997949818301,8,89489e2297bffff
715852780726275017,0.72,0.8122025119857779,4,89489e34487ffff
715961192193900522,0.3006,0.7615941559557649,4,89489e370c7ffff
716067339330031421,0.7628,0.770028881960767,12,89489e35eabffff
716119,0.5435,0.5462000190211784,54,89489e2284fffff
716199589499203009,0.7166,0.723432154307791,8,89489e3580fffff
716663189874553531,0.6077,0.7615941559557649,4,89489e3732fffff
716821519092537190,0.7473,0.7953330599757735,6,89489e35563ffff
7171128,0.0283,0.15231883119115297,5,89489e3468bffff
717347430393111785,0.4331,0.5414683413238519,6,89489e35517ffff
717352853620643642,0.7616,0.7615941559557649,3,89489e372a7ffff
718015324542589379,0.7903,0.8049727468386332,14,89489e37147ffff
718418595240884570,0.531,0.4974431783974693,5,89489e366b7ffff
718663143331235299,0.7404,0.7615941559557649,8,89489e37203ffff
718860198850451968,0.768,0.7615941559557649,2,89489e36297ffff
718951681208395119,0.5866,0.5866364219064982,27,89489eade5bffff
718973525959437391,0.6776,0.676972583071791,9,89489e34403ffff
718978391495887922,0.3991,0.40061526173986356,9,89489e3460fffff
719018947966193943,0.7388,0.7387586691392667,38,89489eac983ffff
719452344226405790,0.1162,-0.7615941559557649,1,89489e36243ffff
719483448723448002,-0.3005,-0.5584553559769786,7,89489e36633ffff
719543376572660240,0.2939,0.0,2,89489e34063ffff
719551308365237430,0.1483,0.14831193539627952,13,89489e340a7ffff
719725527662713851,0.0302,-0.1886792696844968,7,89489e35003ffff
719883545049480084,0.2766,0.24990846522639318,13,89489e35203ffff
720137893315955848,0.1836,0.17580725163075586,8,89489e3736fffff
720273216343693454,0.4406,0.9640275800758169,1,89489e27313ffff
720279702830677371,-0.1785,-0.4569564935734589,5,89489e35ebbffff
720315,0.4934,0.5643354764338302,26,89489e373bbffff
720369,0.2611,0.20770749707884495,11,89489e3514bffff
720442140693994182,0.7785,0.7818374983677701,5,89489e344a7ffff
720525323038066085,0.7088,0.9640275800758169,1,894898c8567ffff
720543651739397544,0.6715,0.7615941559557649,3,89489e352b3ffff
721021062297480761,-0.4487,-0.6091518839893334,8,89489e344c3ffff
721061882560897341,0.6838,0.7615941559557649,1,89489e37177ffff
721147865780716682,0.7616,0.7615941559557649,2,89489e26d7bffff
721219964805193336,0.031,0.11006290731595647,12,89489e346cfffff
721645424871757859,0.5627,0.5711956169668236,12,89489e35c53ffff
721922287863574292,0.7203,0.7615941559557649,5,89489e35073ffff
722264779850831691,0.7996,0.7995504229782746,16,89489e2556fffff
722381964292649671,0.5129,0.4164698087494485,5,89489e221c7ffff
722550168983647209,0.7764,0.7764789665528274,34,89489e3515bffff
723332450542029982,0.7877,0.7840867586357706,9,894898cb6dbffff
723584379347565887,-0.2312,-0.48523683462383743,9,89489e3530bffff
723600448616326507,0.6664,0.7615941559557649,3,89489e32c67ffff
723836253324918949,0.6353,0.652794990819227,14,894898c81d7ffff
723855900270253006,0.3385,0.2538647186519216,3,89489e27423ffff
723857751435418373,0.7691,0.7615941559557649,9,89489e372b7ffff
723952827886075529,0.5362,0.7615941559557649,1,89489e3500bffff
724128150624982795,-0.3422,-0.6684007006498126,6,89489e3714bffff
724218025393694184,0.7857,0.7818374983677701,10,89489e3707bffff
724532461156691924,0.6149,0.6155807958058171,24,894898c8013ffff
724640911255953522,0.7166,0.7615941559557649,1,89489e35007ffff
724700638587044175,0.7477,0.7615941559557649,16,89489e24c8bffff
725184623874021993,0.7616,0.7615941559557649,1,89489eacaabffff
725281801425916703,0.2634,0.29292082921375573,13,89489e3728bffff
725362364628157858,-0.0234,0.7615941559557649,1,89489e346cfffff
725383495804501189,0.0742,0.2538647186519216,6,89489e346cfffff
725387918417939704,-0.2252,-0.9083170119235495,3,89489e35053ffff
725504425984990516,0.7142,0.7615941559557649,16,89489e35c9bffff
725524986591638227,0.7616,0.7615941559557649,4,89489e3648bffff
725649795471915696,0.0458,0.7615941559557649,1,89489e22c33ffff
725995552075662828,0.2222,0.0,2,89489e26637ffff
726034556472427530,0.7366,0.8425675256037856,5,89489e371dbffff
7264070,-0.0788,-0.12025170883512076,19,89489e3558bffff
726735490316435365,0.6801,0.7615941559557649,4,89489e3519bffff
726770,0.7003,0.7615941559557649,3,89489e35163ffff
726880900601846046,0.7517,0.7615941559557649,1,89489e358bbffff
726933178675379327,0.4164,0.2538647186519216,3,89489e32b37ffff
726964744773857413,0.637,0.7318668803127931,12,89489e37337ffff
727095772106660475,0.351,0.0,2,89489e36647ffff
727375347026884597,-0.3559,-0.41058979674536417,11,89489e346cbffff
727388108802140135,-0.0874,-0.27294571947590857,8,89489e35107ffff
727518926019583730,0.0777,0.1650943609739347,8,89489e346cbffff
727553399557169026,0.7558,0.8122025119857779,12,89489e3710bffff
727561459389003930,0.6791,0.6790469754687976,16,89489e34403ffff
727662,0.4653,0.3553165559981924,7,89489e37147ffff
727728390209343738,0.516,0.5093885113210003,31,89489e3402fffff
7279240,0.7453,0.761594155955765,7,89489e36b13ffff
727938592710802551,0.2765,0.33697764251989076,11,89489e35057ffff
728146854217937132,-0.4349,-0.4569564935734589,10,89489e346c3ffff
728153649729411274,-0.6088,-0.6735382926789683,15,89489e346cfffff
728190734392315033,0.4949,0.4569564935734589,5,89489e35577ffff
728260001472504194,0.3808,0.3807970779778824,8,89489e20dafffff
728281111865113623,0.1281,0.10711417556397966,9,894898c833bffff
728319656745553316,0.2558,0.7615941559557649,1,89489e3462bffff
728383514435761144,0.7616,0.7615941559557649,3,89489e35acfffff
728398566714687271,0.7008,0.7041700303996137,23,89489e3443bffff
728728,0.2321,0.2320578605673651,7,89489e32ba3ffff
728917467580013356,0.298,0.15231883119115297,5,89489e35003ffff
728991164784468824,0.7886,0.7615941559557649,2,89489e276d3ffff
729059901069824825,0.6223,0.8122025119857779,12,89489e35127ffff
729072184757702603,0.784,0.7840867586357706,27,894898cb3dbffff
729110180563505684,0.6412,0.6382472885425958,28,89489e34433ffff
729140901088870113,0.5662,0.7615941559557649,1,89489e35e13ffff
729265802266211523,0.715,0.7615941559557649,2,89489e22b07ffff
729271,0.7953,0.7615941559557649,1,89489e3626bffff
729637652729633909,0.2115,0.09586787422397676,9,89489e37263ffff
729692967764259824,0.7616,0.7615941559557649,1,89489e3625bffff
729731582935841883,0.3213,0.33992934711642175,23,89489e340cfffff
729751424420476159,0.539,0.7615941559557649,1,89489e3426fffff
729776774841993246,0.5849,0.7615941559557649,1,89489e22cbbffff
729781215078938579,0.5224,0.5272574925847603,13,89489e37327ffff
729868778744155440,0.2539,0.2538647186519216,3,89489e34137ffff
729938573019548714,0.5458,0.7615941559557649,1,89489e35567ffff
73005,0.5965,0.5964997949818301,8,89489e2445bffff
730196221845706622,0.6956,0.7615941559557649,1,89489e221c7ffff
730497935614176314,0.6796,0.6938812226295028,21,89489e3716fffff
730524489744713739,0.7588,0.8536093487376067,11,89489e3712bffff
730572349830130345,0.6668,0.6779222820000186,53,89489e36047ffff
730646120937847368,0.5421,0.5688251033132719,26,89489e27363ffff
730690704355024435,0.5857,0.6961735817020953,7,89489e3714fffff
7308730,0.7695,0.7720135233737088,68,89489e371b3ffff
731024,0.7035,0.8290719639957822,3,89489e37333ffff
731052460002445983,0.6332,0.6817140514078058,14,89489e3559bffff
731070,0.69,0.8122025119857779,4,89489e37133ffff
731072315992112148,-0.5376,-0.6258156013738736,6,89489e346c3ffff
731142770196853068,0.6487,0.6744842862606611,14,89489e3297bffff
731177160441221011,0.5236,0.5210907382855233,19,89489e22dc7ffff
731191270592390395,0.168,-0.06747780804001735,6,89489e36227ffff
731316537005380353,0.68,0.7615941559557649,5,89489e22b53ffff
731356393972901977,0.2539,0.2538647186519216,3,89489e370abffff
731492735249011255,0.5984,0.7615941559557649,1,89489e22b53ffff
731797378498679275,0.6929,0.7615941559557649,4,89489eade23ffff
731858890724056149,0.6608,0.6790469754687976,16,89489ead923ffff
731975861940197425,0.7616,0.7615941559557649,1,89489e26ad3ffff
732064289711170717,0.4708,0.4569564935734589,5,89489e35187ffff
732668356815336599,0.476,0.7615941559557649,1,89489e3700fffff
732738613793695812,0.6541,0.652794990819227,14,89489e2452bffff
73289,-0.1116,-0.1710697396866832,7,89489e3423bffff
7330232,-0.0714,-0.07139215609683663,37,894898c985bffff
733203,-0.5219,-0.5585110435447733,76,89489e355abffff
733327402364384767,0.4977,0.4811819578965571,23,89489e3605bffff
733455111912835535,0.476,0.7615941559557649,1,89489e3700fffff
733519337540551560,0.0772,-0.7615941559557649,1,89489e3700bffff
734041380297708967,0.7616,0.7615941559557649,1,894898dab83ffff
7345104,0.2329,0.13207548877914776,5,89489e37123ffff
734779079613475834,0.5695,0.5711956169668236,8,89489e34443ffff
734797224547675877,0.6657,0.7615941559557649,8,89489e36e4fffff
735013425593079406,0.2821,0.15231883119115297,5,89489e3732bffff
735410934749788500,0.7572,0.7615941559557649,6,89489e358bbffff
735522039347101675,0.5176,0.5104363475423627,19,89489e36473ffff
735592,0.6421,0.6478886976520722,17,894898d8257ffff
735722397196877809,0.2321,-0.7615941559557649,1,89489ead923ffff
735783648994420876,0.4273,0.7615941559557649,2,89489e3736fffff
736058211765773712,0.6845,0.8290719639957822,2,89489e2736bffff
736130249497717205,0.7027,0.8194322771329227,7,89489e346b7ffff
736182726893162510,0.3808,0.7615941559557649,1,89489ead953ffff
736258287650808627,-0.4309,-0.5923510101878171,9,89489e3724fffff
736279,0.7953,0.7953330599757735,6,89489e24693ffff
736345775300166338,0.428,0.3807970779778824,8,894898c81d7ffff
736359053592247696,0.7747,0.7840867586357706,18,894898d935bffff
736395987657040523,0.0524,-0.08462157288397387,9,89489e354b3ffff
736436427957868477,0.2884,0.7615941559557649,3,89489e374a3ffff
736437579181109247,0.5466,0.7615941559557649,1,89489e34397ffff
736469141539667359,0.7635,0.7760536862500543,14,89489e3584bffff
736502275003043766,0.3453,0.2538647186519216,6,89489e3297bffff
736783217762191436,0.5449,0.7615941559557649,1,89489e35427ffff
736963688934286665,0.7841,0.7615941559557649,1,89489e372b7ffff
737721101684686309,0.0286,-0.2538647186519216,3,89489e358d3ffff
737751304523378827,0.7447,0.7615941559557649,15,89489e3622bffff
738360534302471359,0.5848,0.7615941559557649,5,89489e22ba3ffff
738454498156740941,0.6257,0.5077294373038432,3,894898cac17ffff
738545339802806923,0.458,0.7615941559557649,1,89489e3700bffff
739050075779260594,0.7056,0.7615941559557649,1,89489e34463ffff
739067217532838763,0.6526,0.6755694279810398,13,89489e376c3ffff
739110732168286659,0.09,0.0,11,89489e3736bffff
739167567166314458,0.6504,0.6550873498918195,21,89489e20d8fffff
739176497887021645,0.6771,0.7615941559557649,1,89489e35e97ffff
739843516524856510,0.6147,0.6231224912365348,11,89489e37227ffff
739967754847068151,0.2633,0.1377182257251167,7,89489e356cfffff
740467086215545443,-0.0212,-0.7615941559557649,2,89489e27487ffff
740641627044852185,-0.3488,-0.8122025119857779,2,89489e34643ffff
740655423209699399,0.2202,0.17256217360315818,10,89489e22967ffff
740669488627890537,0.7927,0.792737759666542,13,89489e376c7ffff
740711574819727002,0.7432,0.7492932143103973,29,89489e32d93ffff
740811462980206915,0.4503,0.4456004670998751,9,89489e35123ffff
740858514280307483,0.6909,0.808286275501958,5,894898ca32fffff
741146239234730330,0.6165,0.5711956169668236,4,89489e3536bffff
741169999606882267,0.4327,0.4974431783974693,5,89489eaca27ffff
741867818069003209,0.7841,0.7840867586357706,18,89489e35ea3ffff
741895733138744560,0.7438,0.7437577905699818,20,894898d9147ffff
741972265274678115,0.6617,0.7615941559557649,1,89489e34393ffff
742205425032476843,0.5712,0.5711956169668236,8,89489e24157ffff
742556526163459338,0.4466,0.3807970779778824,4,89489e37377ffff
742593,0.4642,0.4454321506984053,22,89489e35c47ffff
742767763981458271,0.7616,0.7615941559557649,3,89489e2464bffff
742790652952372205,0.0641,0.1446088938174762,13,89489e346cfffff
7431430,0.7028,0.7096672816860536,44,89489e35c47ffff
74318,0.6922,0.6954748985293734,53,89489e34497ffff
743345962515154738,0.6129,0.6193969959706145,10,89489e34417ffff
743441935227423999,0.4165,0.7615941559557649,1,89489e36633ffff
743468910012924560,0.4896,0.4569564935734589,5,89489eadb93ffff
7435259,0.6569,0.6587155689386569,92,89489e3404bffff
743955389019274898,0.7616,0.7615941559557649,2,89489eade0fffff
744841235451740492,0.0533,0.0,6,89489e354b7ffff
744945555776948664,0.4823,0.7615941559557649,1,89489e2742bffff
745531245085063603,0.3888,0.3807970779778824,10,89489e37483ffff
7462609,0.55,0.5359366282651679,27,89489e351cbffff
746289149653245383,0.6644,0.7615941559557649,1,89489e31b2fffff
746291993768554823,0.4853,0.46809306977988085,9,89489e35423ffff
746317,0.5731,0.5727514112645785,32,89489e34477ffff
746379165445261757,0.553,0.5823955310249966,17,89489e27633ffff
746608698065695739,0.7,0.7615941559557649,1,89489e34403ffff
746639263359993443,0.6453,0.7615941559557649,3,89489e3644fffff
747007991449261753,-0.5846,-0.7799971945121332,11,89489e355afffff
747109959260512523,0.7616,0.7615941559557649,1,89489eaca03ffff
747499,0.6395,0.6379444516208516,23,89489e3404fffff
747781474986080559,0.5877,0.5722896974332883,11,89489e3440bffff
747804017927884505,0.0053,-0.016098923632335966,30,89489e34057ffff
747846127668119852,0.6093,0.6092753247646119,10,894898ca6a3ffff
747856506076140865,0.5394,0.5838477059743269,16,89489e3405bffff
749148118365377553,0.4237,0.7615941559557649,1,89489e358d3ffff
749149396480086642,0.3984,0.7615941559557649,1,89489e35c6bffff
7492691,0.7554,0.7615941559557649,6,89489e35ccfffff
749365602544598716,0.0049,-0.2538647186519216,3,89489e22c4fffff
7495575,0.7051,0.7615941559557649,1,89489e35eb3ffff
749972756772023393,0.2558,0.7615941559557649,1,89489e3462bffff
749979315232504975,0.3953,0.7615941559557649,1,89489e34053ffff
749979621973555739,-0.125,-0.7615941559557649,1,89489e3462bffff
750247358100581254,0.5077,0.5077294373038432,6,89489e20cbbffff
750672810751665985,0.7806,0.8290719639957822,3,89489e35373ffff
750751824540940861,0.348,0.7615941559557649,1,89489e3407bffff
750920471937174919,0.7616,0.7615941559557649,2,89489e32dc7ffff
750969525847868199,0.7616,0.7615941559557649,6,89489e31823ffff
751416786447704649,0.0177,-0.7615941559557649,1,89489e35c6bffff
751847,0.5581,0.5547414222393843,27,89489e35b73ffff
752059799556099283,0.6314,0.6314473407215622,16,89489e250b7ffff
752437531671032074,0.7833,0.7615941559557649,1,89489e27097ffff
752441225497214182,0.1769,-0.7615941559557649,1,89489e34063ffff
752701138503761497,0.4538,0.4456004670998751,9,89489e35e2fffff
752825842957971451,0.1904,0.15231883119115297,5,89489e35a6bffff
752867533273925885,0.236,-0.7615941559557649,1,89489e2352bffff
752923961975429089,0.7641,0.7641278159833671,19,89489e35927ffff
7531639,0.6173,0.6172927221312453,63,89489e2738fffff
7532068,0.4974,0.5189757386438462,18,89489e343d7ffff
753612028980825918,0.4538,0.5272574925847603,13,89489e3728bffff
753710452016906653,0.0546,-0.033738904020008675,6,89489e30e73ffff
754140584246919047,0.5712,0.7615941559557649,1,89489e34a37ffff
754424903075505814,0.7216,0.7213239970646348,27,89489e36c93ffff
754471498039697381,0.6088,0.6218039729968367,8,89489e34033ffff
754619796411254498,0.3317,0.7615941559557649,2,89489e35c93ffff
754965056358787882,0.4101,0.18638691061190427,3,89489e35183ffff
755157608926946534,0.2625,0.10879916513653784,7,89489e344bbffff
755720941841772511,0.8375,0.8375066900007844,8,89489e34527ffff
755836260647616627,0.6489,0.6735438301029997,30,89489e3732fffff
755939051836940284,0.7616,0.7615941559557649,2,89489e23523ffff
756093162110421794,0.6562,0.7615941559557649,1,89489e344bbffff
7563077,0.7057,0.7771659578111534,13,89489e35117ffff
756439192760287364,0.0165,0.10121671206002603,2,89489e34643ffff
756463467047429043,0.6735,0.7615941559557649,1,89489e3440bffff
756583365719410326,0.6792,0.8290719639957822,3,89489e34043ffff
756584947528739630,0.666,0.8122025119857779,2,89489e2352bffff
756591447633444476,0.4112,0.2538647186519216,3,89489e2352bffff
756601320157515159,0.7239,0.7905132165443438,7,89489e2352bffff
756609238305381073,0.5918,0.6018339468598468,7,89489e2352bffff
757166343854601651,0.5658,0.6373362155478287,9,894898d82cfffff
757445723825308158,0.0169,0.02175983302730757,35,89489e34643ffff
757547621402476015,-0.2892,-0.4974431783974693,5,89489e355b3ffff
757908498833675903,0.4207,0.3807970779778824,8,89489e24663ffff
7579302,0.6173,0.6227708863726154,45,89489e35103ffff
7579394,0.2332,0.2309562392511508,31,89489e3510fffff
758175077847336639,0.8055,0.8290719639957822,3,89489e31b2bffff
759299834647926193,0.5102,0.48465082651730496,11,89489e344d3ffff
759411351067922043,0.7683,0.7615941559557649,3,89489e2285bffff
759748491381628253,0.4383,0.4314054340078954,10,89489e31b37ffff
760036,-0.4755,-0.7615941559557649,1,89489e3463bffff
760137816938152815,0.6774,0.6684007006498126,6,89489ead30fffff
760164711888006151,0.3725,0.3240644329245329,13,89489e37167ffff
760272961874782227,0.5882,0.7615941559557649,2,89489e35427ffff
760735059248695956,0.6384,0.7615941559557649,2,89489e35b9bffff
760754080209904802,0.7149,0.7291644007088866,22,89489e350a3ffff
760931159719626494,0.6519,0.7615941559557649,2,89489e35637ffff
761543334282976193,-0.4758,-0.8122025119857779,2,89489e356a7ffff
761583668741389597,0.6927,0.7167944997230729,17,89489e356cfffff
761617433506243126,0.7295,0.7349674544397785,21,89489e35467ffff
7619069,0.7616,0.7615941559557649,4,89489e26267ffff
761955,0.3882,0.7615941559557649,2,89489e3634fffff
762225228796171641,0.1035,-0.1903985389889412,4,89489e2284fffff
762338148234960103,0.5221,0.5317434596311527,31,89489e3532bffff
762475779043843801,0.7616,0.7615941559557649,1,894898ca103ffff
762481707124537938,0.5952,0.7953330599757735,12,89489e37367ffff
762509665532361607,0.0885,-0.32134252669193897,3,89489e3732bffff
762663378325464437,0.8264,0.8628108680157909,2,89489eac3dbffff
762663602928942304,0.7818,0.7615941559557649,3,89489eac3dbffff
762968697018752184,0.5067,0.3807970779778824,4,89489e35ddbffff
763761118677816549,-0.1848,-0.5077294373038432,6,89489e3500bffff
7637956,0.4613,0.2538647186519216,3,89489e35c4bffff
763918769239527429,0.6818,0.6999643073307344,16,89489e3402fffff
763986352093618249,0.6655,0.7615941559557649,2,89489e36667ffff
764381859667559489,0.4877,0.7615941559557649,1,89489e2651bffff
764722654141939301,0.621,0.6092753247646119,10,89489e2452bffff
7649234,0.7616,0.7615941559557649,2,89489e3429bffff
76501,0.6164,0.6329748514288036,40,89489e35117ffff
765055065869429781,0.7057,0.7056780827721936,10,894898da2cfffff
765131843397661906,0.1969,0.11006290731595647,6,89489e37247ffff
765174966677921448,0.6533,0.7615941559557649,2,89489e259b3ffff
765335489662739045,0.6586,0.6574767037684027,20,894898caac3ffff
765362204148194868,0.6535,0.6497620095886223,10,894898caac3ffff
765450,0.1688,0.1269323593259608,12,89489e35883ffff
765999111117835837,0.6405,0.6667960492989979,30,89489e30d37ffff
766190848765038382,0.7632,0.8122025119857779,8,894898caacfffff
767069358649817721,0.0,0.0,1,89489e2211bffff
767534182005444519,-0.0471,-0.14630681717572627,17,89489e350d7ffff
768457486984228217,0.4702,0.7615941559557649,1,89489e35a17ffff
769032405626434680,-0.2319,-0.35150499505650684,13,89489e35857ffff
7690676,0.7452,0.7464149790005951,74,89489e22c37ffff
76911,-0.5743,-0.6462011020230732,33,89489e35517ffff
76925,0.5641,0.7615941559557649,1,89489e3732bffff
769527724047653235,0.0,0.0,2,89489e35993ffff
769612839644472214,0.6929,0.7615941559557649,2,89489e36457ffff
769637955134380539,0.6663,0.7615941559557649,4,89489e350cbffff
769813217657371526,0.792,0.7919591695737727,10,894898da47bffff
769819678380949366,0.5171,0.48465082651730496,11,89489e3589bffff
7699233,0.7616,0.7615941559557649,1,89489e274c7ffff
7702099,0.6776,0.6868344453260586,53,89489e240a3ffff
770519004154544469,0.7508,0.7615941559557647,23,89489e373b7ffff
7709309,0.6393,0.6443461819393499,11,89489eacbd3ffff
771131203872637878,0.4284,0.4569564935734589,5,89489e3700fffff
771264203043121777,0.1282,0.5414683413238519,3,89489e346cfffff
771437,0.7674,0.7615941559557649,2,89489e3604bffff
771646206437093352,0.7079,0.7615941559557649,4,89489e3589bffff
7717113,0.5793,0.572914886271268,14,894898d8257ffff
771935659094834886,0.7387,0.7615941559557649,1,89489e24c0bffff
771941201295891641,0.3214,0.7615941559557649,1,89489e3600bffff
772463919036190764,-0.2537,-0.29261363435145255,17,89489e355d3ffff
772642624449841123,0.7552,0.7868983339707714,8,89489e351a7ffff
772648570565213233,0.8194,0.8194322771329227,7,89489e27147ffff
772708742405574861,0.964,0.9640275800758169,1,89489e24c57ffff
772819445591594618,0.4417,0.42566096275464665,13,89489e3702fffff
772838180217160876,0.359,0.3263974954096135,14,89489e3702fffff
7729746,0.6315,0.7615941559557649,3,89489e3401bffff
7730776,0.5077,0.5076636022236947,50,894898ca653ffff
774123767710030618,0.7287,0.761594155955765,7,89489eadb07ffff
774171479219664714,0.6009,0.588065068976828,12,89489eadb07ffff
7746344,0.4393,0.41887678577567067,20,89489e3556fffff
7746849,0.1088,-0.7615941559557649,1,89489e358dbffff
7748295,0.5438,0.5150767650941103,7,89489e350b7ffff
774866351399798899,-0.1414,-0.20770749707884495,11,89489e27013ffff
7750051,0.7616,0.7615941559557649,2,894898c80b7ffff
7750755,0.5845,0.8628108680157909,2,89489e358dbffff
775357717971402082,0.2824,0.3384862915358955,9,89489e3186fffff
776034017777247109,0.4896,0.4633442584648498,8,89489e3604fffff
776106434092035725,0.0761,-0.7615941559557649,1,894898da32bffff
776114536781368182,0.7234,0.7615941559557649,1,89489eacbdbffff
776123837545666717,0.5583,0.8628108680157909,2,894898da32bffff
776153134129479283,0.5712,0.5711956169668236,4,89489e26457ffff
77639,0.6883,0.695556411566191,10,89489e344b3ffff
776623815835467429,0.76,0.7984002330685016,11,89489e27317ffff
776649,-0.2186,-0.36814498897037917,16,89489e3717bffff
776755806201076334,-0.1874,-0.7615941559557649,1,89489e35cd7ffff
777561924839641127,0.1336,0.7615941559557649,2,89489e346cfffff
777875417150624817,0.7616,0.7615941559557649,1,89489e22b13ffff
778131556254290420,0.634,0.7615941559557649,1,89489e34417ffff
778370358360742174,0.4427,0.4426683665763434,27,89489e37007ffff
778413890134446613,0.519,0.5295362953883997,7,89489e27007ffff
7787003,-0.1384,-0.13060565892319126,22,89489e354a7ffff
779075716314835030,0.7616,0.7615941559557649,1,89489e31b73ffff
779239016136489676,0.5856,0.7615941559557649,1,89489e37133ffff
7797703,0.6543,0.6600247559663718,28,89489e37387ffff
779890101815462460,0.7574,0.7615941559557649,5,89489e31803ffff
779966249890535777,0.296,0.32134252669193897,3,89489e3706bffff
780031572821900714,0.4394,0.4569564935734589,5,89489e2500fffff
7802292,0.6497,0.657324033235385,19,89489e36667ffff
78035,0.7442,0.7953330599757735,9,89489e34473ffff
780491586087938153,0.7427,0.8290719639957822,3,89489e35aabffff
780624744724751864,0.7451,0.7451096013973368,31,894898d8413ffff
781022579201353497,0.7213,0.746164767596204,10,894898da2a3ffff
7811193,0.191,0.15757120468050306,29,89489e240a3ffff
781708725659928366,0.0703,-0.05060835603001301,4,89489e342a3ffff
782595177496376583,-0.3398,-0.3807970779778824,4,89489e346cfffff
782595179206756706,-0.3068,-0.7615941559557649,1,89489e346cbffff
782595757030133229,-0.5119,-0.9640275800758169,1,89489e346c3ffff
782596412230670634,-0.2634,-0.1167302988654828,2,89489e346c3ffff
782596439926449910,-0.1538,-0.08462157288397387,9,89489e346c3ffff
782596507747500038,-0.556,-0.600910659427576,13,89489e346c3ffff
782596600678902104,-0.5447,-0.8199593053885063,2,89489e346c3ffff
782596977996816291,-0.3398,-0.3807970779778824,4,89489e346cfffff
782597280816447495,-0.3547,-0.3807970779778824,8,89489e346cfffff
782597339096057116,-0.171,0.0,2,89489e346cfffff
782597900309842542,-0.3233,-0.30711812168389424,7,89489e346c3ffff
782598471089248158,-0.0517,0.0,6,89489e346cbffff
782598533685387065,-0.6593,-0.7840867586357706,9,89489e346cfffff
782598587880149117,-0.6507,-0.7503880914117016,11,89489e346cfffff
782599010096549745,-0.2841,-0.3807970779778824,4,89489e346cbffff
782599365242954683,-0.3068,-0.7615941559557649,1,89489e346cbffff
782599372574480816,0.0584,0.21570271700394772,8,89489e346c3ffff
782599629276411075,-0.5233,-0.7615941559557649,3,89489e346cfffff
782600002111253366,-0.4347,-0.5244343016134763,5,89489e346cfffff
782606780067417323,0.037,0.15231883119115297,5,89489e346cbffff
782606780923296709,0.0954,0.3807970779778824,4,89489e346cfffff
782607194600334815,-0.4925,-0.5490614614645942,11,89489e346cfffff
782607555799071066,-0.6114,-0.7615941559557649,5,89489e346c3ffff
782607590770921420,-0.4757,-0.7615941559557649,2,89489e346cfffff
782607987885958653,-0.6623,-0.7033276337377947,22,89489e346c3ffff
782608252785387509,-0.4613,-0.7615941559557649,1,89489e346c3ffff
782608674069615560,-0.2461,-0.2763573213319274,9,89489e346cbffff
782608689894524851,-0.0931,0.0,2,89489e346cbffff
782608852200295225,-0.512,-0.5606715826634724,14,89489e346cfffff
782609946831308215,-0.4663,-0.5439958256826892,7,89489e346cfffff
782610101074067248,-0.466,-0.4974431783974693,10,89489e346c3ffff
782610452929089001,-0.5408,-0.6260899142078258,9,89489e346cfffff
782610689161014298,-0.231,-0.1903985389889412,4,89489e346cfffff
782610700622592785,-0.5027,-0.5752072453438606,9,89489e346cfffff
782610864937732013,-0.3925,-0.4569564935734589,5,89489e346cfffff
782611326434664821,-0.2654,-0.2588530390311058,9,89489e346cfffff
782611630156162077,-0.1459,-0.10418477793194722,10,89489e346cfffff
782612202115595371,-0.6196,-0.8705676614185193,4,89489e346cfffff
782612311043701925,-0.2867,-0.2876036226719303,6,89489e346cfffff
782612371949785143,-0.3265,-0.30044068096477977,4,89489e346c3ffff
782612897719196397,-0.7256,-0.9077960733758025,6,89489e346c3ffff
782613209736950148,-0.3977,-0.7615941559557649,2,89489e346cbffff
782613340805197776,-0.653,-0.7378566354025943,13,89489e346cfffff
782613952432571181,-0.2167,0.0,2,89489e346c3ffff
782614022136493742,-0.2643,-0.11886757189165109,2,89489e346c3ffff
782614328898365645,-0.3438,-0.4569564935734589,5,89489e346cbffff
782614704190684284,-0.3988,-0.4329567926884411,10,89489e346cfffff
782614797450675482,-0.6287,-0.7760536862500543,7,89489e346cfffff
782615121992335363,0.0493,0.2538647186519216,3,89489e346cbffff
782615212637835634,-0.143,-0.1377182257251167,7,89489e346cbffff
782615389303065106,-0.554,-0.6182910766023688,9,89489e346c3ffff
782615961942723052,-0.1481,-0.020243342412005205,5,89489e346c3ffff
782616042762593835,-0.1972,-0.20689610123903066,13,89489e346cbffff
782616702537553828,-0.0234,0.7615941559557649,1,89489e346cfffff
782617128870621677,-0.2229,-0.08462157288397387,3,89489e346c3ffff
782617201636527440,-0.4475,-0.5449902071541297,5,89489e346cfffff
782617812469513885,-0.3363,-0.3554928999628759,8,89489e346cfffff
782617892697957983,-0.4431,-0.5379298632214797,5,89489e346cfffff
782618190378917805,0.7818,0.7818374983677701,10,89489e2686fffff
782618337171518178,-0.2435,-0.2876036226719303,6,89489e346cbffff
782618694648797960,-0.4292,-0.4839476167894658,15,89489e346cbffff
782619151593604987,-0.2162,-0.1903985389889412,8,89489e346cfffff
782619198765192366,-0.4702,-0.5752072453438606,9,89489e346cbffff
782619479531852636,-0.4042,-0.7615941559557649,1,89489e346cfffff
782619781460276915,-0.2962,-0.2982498974909151,16,89489e346cfffff
782620092319292962,-0.3571,-0.3553165559981924,7,89489e346c3ffff
782620578321285143,-0.218,-0.13207548877914776,5,89489e346c3ffff
782620701856966572,0.0628,0.3807970779778824,4,89489e346c3ffff
782621056830118444,-0.6845,-0.8342431595976011,8,89489e346cfffff
7836170,0.2527,-0.7615941559557649,1,89489e34473ffff
7836824,-0.0146,0.08462157288397387,9,89489e35537ffff
7837707,0.734,0.7696914929205669,25,89489e3427bffff
7839215,0.792,0.7919591695737727,20,89489e3452fffff
783988596429355353,0.7415,0.7615941559557649,5,89489e3400bffff
78422,0.4236,0.7615941559557649,4,89489e3554fffff
7844600,0.1725,0.0,4,89489e3732fffff
784711766048905239,0.6735,0.7615941559557649,2,89489e22dc3ffff
784817673522418291,0.6347,0.6387563888661253,31,89489eadc97ffff
784835475592422188,-0.434,-0.46378563319636174,15,89489e346cfffff
784925289040561481,0.7616,0.7615941559557649,12,89489e2210bffff
785092626706444277,0.7616,0.7615941559557649,3,89489e3702bffff
785386749510739622,-0.1047,-0.2538647186519216,3,89489e350c7ffff
785407659448657383,0.7772,0.7615941559557649,1,89489e36ad7ffff
785514665078744649,0.1629,0.08462157288397387,9,89489e351b3ffff
7856390,0.7616,0.7615941559557649,2,89489e2666bffff
7859434,-0.0598,-0.056088127828903926,22,89489e250a7ffff
785963,0.4277,0.4155388890921503,16,89489e344cfffff
7859914,0.4579,0.4580227615081164,141,89489e37497ffff
786194636674358868,0.559,0.5552262047383465,16,89489e20d97ffff
786947222633037218,0.4978,0.49780623023913484,17,89489e22c47ffff
787002436587814292,0.1098,-0.32134252669193897,3,89489e35003ffff
787207356441022568,0.6467,0.6467459048434625,23,89489e27083ffff
7872804,0.5432,0.5555634499181208,35,89489e3737bffff
787605174112334783,0.8291,0.8290719639957822,3,89489e2296fffff
787652924521214605,0.3108,0.3807970779778824,4,89489e35947ffff
7881703,0.7346,0.761594155955765,7,89489e3712fffff
788362980490500679,0.5225,0.4398401600128976,6,89489ead92bffff
788390096930348390,0.1788,0.7615941559557649,1,89489e35597ffff
7884851,0.653,0.6916990644763008,16,89489e37417ffff
788737687371456673,0.3826,0.2538647186519216,3,89489e3702fffff
788746620228235041,0.7659,0.7707956752339491,11,894898d962bffff
788811180862948976,0.7871,0.7937994734294095,22,89489ead93bffff
78884,0.5491,0.5533592515810406,30,89489e3442bffff
789267803832811325,0.7963,0.7615941559557649,2,89489e32bb7ffff
789351688599095420,0.6897,0.7615941559557649,1,89489e25e9bffff
789925889015027116,0.0696,0.04885810560028989,41,89489eadb43ffff
7899546,0.6807,0.7119792900235015,41,89489e3713bffff
790113773553304028,0.1318,0.11183214636714256,5,89489e362b7ffff
7902095,0.6378,0.7615941559557649,1,89489e3434fffff
7902384,0.6623,0.6599976261256513,13,89489e34073ffff
790551685658861778,0.4274,0.39766652998788676,12,89489e350d3ffff
790783116312224441,0.1033,0.07988010454795898,14,89489e3289bffff
790792254300987216,0.3286,0.35533464255867275,13,89489e3289bffff
791258209899451893,0.6531,0.7615941559557649,1,89489e31807ffff
7912925,-0.0093,0.0,2,89489e35597ffff
791327568094914770,-0.1864,-0.18638691061190427,3,89489eadeb3ffff
791531742447982964,0.7439,0.7615941559557649,2,89489e35373ffff
791948010727788012,0.7253,0.7953330599757735,6,89489e3664fffff
792666223809702115,-0.0766,-0.8783244548212477,2,89489e35053ffff
792673190350625642,0.7082,0.7107613621525183,11,89489e34347ffff
792682102545020608,0.3248,0.3553165559981924,7,89489e3713bffff
792736935775840554,0.4928,0.5439958256826892,14,89489e3713bffff
792763468582479423,-0.02,-0.3807970779778824,4,89489e3500bffff
792885117640045191,0.7905,0.8267937993439632,16,89489e34487ffff
793148553950469525,-0.5836,-0.6731080693617189,10,89489e346cfffff
793497844685387085,0.2614,0.17256217360315818,10,89489e344cbffff
793611557583559548,0.7524,0.766194915594857,22,89489e35563ffff
793641944999948627,0.5067,0.7615941559557649,2,89489e37363ffff
793642691658464226,0.7362,0.7681242664112503,31,89489e355abffff
793686631847555875,0.7869,0.7615941559557649,1,89489e22dd3ffff
7937786,0.0164,-0.12325869543082726,14,89489e373b7ffff
794001257218479744,0.8291,0.8290719639957822,3,894898d854fffff
794175734219812921,0.5941,0.7615941559557649,4,89489e37247ffff
794770335846194738,0.5745,0.7615941559557649,1,89489e37113ffff
794858668547793731,0.4597,0.43140543400789544,4,89489e372c3ffff
794995851221083882,0.7457,0.8020808407797752,10,89489e344cbffff
795133663610783386,0.7496,0.761594155955765,14,89489e375b7ffff
795662307126818980,0.7365,0.7615941559557649,6,89489e35eb3ffff
795671504070218214,-0.1688,-0.15845971453198687,8,89489e3464fffff
795686854989643857,0.5622,0.5752072453438606,6,89489e3500fffff
795947514400492242,0.2716,0.7615941559557649,1,89489e34217ffff
79603,0.5981,0.5983954082509582,28,89489e37127ffff
796246303225252459,0.6568,0.7615941559557649,1,89489e35d2bffff
796338345909371656,0.5788,0.7615941559557649,2,89489eacd73ffff
796543489818396970,0.5331,0.7615941559557649,1,89489eac36fffff
796557798191061760,0.6615,0.7953330599757735,3,89489e3720fffff
796691940176785950,0.0,-0.7615941559557649,1,89489ead953ffff
796857052439548633,0.5875,0.5739728981509261,13,89489e35c83ffff
797159986818826882,0.0809,-0.8290719639957822,1,89489e34293ffff
7971903,-0.3371,-0.387020255168902,24,89489e342afffff
797381123926824262,0.1211,0.07988010454795898,7,89489e35947ffff
797381216506597981,-0.1936,-0.3697760862924818,7,89489e35947ffff
79768,0.5058,0.5584292309451736,9,89489e3465bffff
797926939096999508,0.1438,-0.7615941559557649,1,89489e362a3ffff
797974471031565193,0.2558,0.7615941559557649,1,89489e3462bffff
798286367652089989,0.3394,0.7615941559557649,4,89489e270cfffff
798595131548224826,0.7194,0.7615941559557649,1,89489e365cfffff
798661717099537556,0.162,0.30463766238230594,5,89489e342abffff
798712999815143920,0.2879,0.0,4,89489e3712fffff
799392116162602039,0.6633,0.8290719639957822,3,89489e35d23ffff
799588950680381432,0.6093,0.6092753247646119,20,89489e2728bffff
800182617721245484,0.1142,-0.7615941559557649,1,89489e3504fffff
800209963671173620,-0.1904,-0.1903985389889412,8,89489e244afffff
800311532593834346,0.3827,0.5077294373038432,3,89489e37337ffff
800622169890243077,0.725,0.7615941559557649,11,89489e34473ffff
800664462385506301,0.2558,0.7615941559557649,1,89489e3462bffff
800768906007054004,0.7068,0.7615941559557649,6,89489e34423ffff
800782404934418164,0.4551,0.32134252669193897,3,89489e35c23ffff
800808630350725718,0.3668,0.10121671206002603,2,89489e371a7ffff
800815258973013774,0.4298,0.3553165559981924,7,89489e344d3ffff
800818630935407621,0.6864,0.8290719639957822,3,89489e371a7ffff
800823392156256269,0.4777,0.4569564935734589,5,89489e37113ffff
800857602177851073,0.2558,0.7615941559557649,1,89489e3462bffff
800971083507578611,0.7616,0.7615941559557649,2,89489e26b8fffff
801023656797681700,0.214,0.1893044585224766,11,89489e22977ffff
801467070708867647,0.5917,0.7615941559557649,3,89489e3469bffff
801521,0.7462,0.748132748117438,53,89489e371b3ffff
802053352925589638,0.6396,0.7615941559557649,4,89489e351c7ffff
802116476019428029,-0.1475,-0.39471779823590997,6,89489e342b7ffff
802194325311210077,0.0192,-0.9640275800758169,1,89489e342b7ffff
802779872019443909,0.6192,0.7615941559557649,1,89489e3718bffff
802909071638336299,0.6547,0.6675983749744053,20,89489e353cbffff
803023688466812762,0.3242,0.2538647186519216,3,89489e3460fffff
803054721226316851,-0.1788,-0.4164698087494485,5,89489e35947ffff
803156303916161547,0.3264,0.0,2,89489e27367ffff
8032556,0.5934,0.5936275593552057,52,89489e35c23ffff
803340333877815572,0.6394,0.6295186671766171,10,89489e34073ffff
8034552,0.66,0.6600482684949962,15,89489e35a07ffff
803548453440169168,-0.4614,-0.47544930723912077,11,89489e3467bffff
803734202831811770,0.1655,0.7615941559557649,1,89489e355d3ffff
803788835204508059,-0.7616,-0.7615941559557649,1,89489e25ed3ffff
803913466269320641,0.7088,0.7615941559557649,4,89489ead95bffff
804297683581266330,-0.1095,-0.8628108680157909,2,89489e37527ffff
804501247998433579,0.7245,0.7615941559557649,4,89489e30e3bffff
805032644235883016,0.5715,0.5608260901449861,21,89489e36597ffff
805066973157397697,0.4172,0.7615941559557649,1,89489e3405bffff
805217509877365099,0.5415,0.5414683413238519,6,89489e36a8bffff
805278912862400792,0.5984,0.7615941559557649,1,89489e328abffff
805900214881885114,0.5039,0.3807970779778824,2,89489e3752bffff
805941705321514111,0.7426,0.7615941559557649,10,89489e3752fffff
806050451279806229,0.4041,0.0,2,89489e351cfffff
806748269006489429,0.1017,0.07988010454795898,7,89489e372afffff
806772167966196086,0.5231,0.7615941559557649,1,89489e35e9bffff
806775540080152613,0.7616,0.7615941559557649,1,89489eade13ffff
806812390374821556,0.7202,0.721707695108259,51,89489e35eafffff
807060623127359731,0.669,0.6735438301029997,15,89489e35c83ffff
807163355662802523,0.7978,0.8122025119857778,20,894898d846bffff
807327331025039638,-0.0435,-0.3807970779778824,4,89489e3504fffff
807859544898153354,0.7616,0.7615941559557649,2,89489e274d3ffff
807875612523830584,0.2285,0.0,2,89489e3682fffff
808052974705433462,0.7761,0.7760536862500543,14,894898daaa7ffff
8084195,0.6823,0.7615941559557649,1,89489e3447bffff
808738545331568513,0.1336,0.7615941559557649,2,89489e346cfffff
809332771622960915,0.4715,0.3807970779778824,4,89489e36673ffff
809349061918913385,0.2105,0.19280551601516338,10,89489e3468fffff
809364234808124672,0.3866,0.4569564935734589,5,89489e3468fffff
809364805350339917,0.4,0.4279668953990066,14,89489e3468fffff
809365009367088583,0.1794,0.15231883119115297,10,89489e3468fffff
809425473813549519,0.713,0.7703956091783758,23,89489e34053ffff
809521118643862790,0.552,0.7615941559557649,12,89489e34653ffff
809541568258232192,0.7198,0.8122025119857779,4,89489e36a53ffff
809661005374137545,0.4379,0.5414683413238519,6,89489eacbd7ffff
809727357076230029,0.8122,0.8122025119857779,4,89489e34b6fffff
809904704470068449,0.1154,0.0634661796629804,8,89489e31b3bffff
810083216164184536,0.5605,0.5462247054267274,25,89489e3752fffff
810215293285236225,-0.3039,-0.3500798078873333,23,89489e3727bffff
8106607,0.6178,0.5890319823526067,5,89489e24003ffff
810768288164147284,0.7271,0.7615941559557649,12,89489e363cbffff
811066389849846508,0.5585,0.5077294373038432,3,89489e35c2bffff
811148816301434481,-0.1902,-0.3958972909367007,5,89489e372afffff
811152728197211831,-0.2116,-0.39376711118515834,6,89489e372afffff
811154636754995673,0.5006,0.7615941559557649,4,89489e372afffff
811468853800881584,0.5853,0.7615941559557649,5,89489e3550bffff
811583870136593631,0.6461,0.8628108680157909,2,89489e3512fffff
811699236089274776,0.6761,0.713704629402334,8,89489e372abffff
8117242,0.083,-0.7615941559557649,1,89489e3452bffff
811766604883721670,0.4065,0.3408570257039029,14,894898c8397ffff
8118902,0.7036,0.7615941559557649,3,89489e34407ffff
812341806053139725,0.7929,0.7937994734294095,22,894898d86a3ffff
812354613613891316,0.5397,0.531745129028684,19,89489e3180fffff
812391773815297592,0.1741,0.7615941559557649,2,89489e349c3ffff
812393572985510339,0.7616,0.7615941559557649,2,89489e35d43ffff
8124387,0.5714,0.5656851211241233,28,894898c81dbffff
812547454823800784,0.679,0.7615941559557649,1,89489eaca07ffff
812632376379272634,0.47,0.3807970779778824,4,89489e363cbffff
813139795405307933,0.6284,0.6651871332254695,29,89489e34053ffff
813145767829712071,0.6828,0.7170032424913073,8,89489e34417ffff
8133062,0.524,0.5321878611518336,27,89489e3400fffff
813340242437237345,0.376,0.3459838257625641,27,89489e35c83ffff
813655266751533814,0.4637,0.4456004670998751,9,89489e34483ffff
813675173325908460,0.6297,0.6599976261256513,13,89489e3732bffff
813709,0.5782,0.5611746412305636,19,89489e35ccbffff
813711378507210342,0.4151,0.41510475457187856,17,894898d8397ffff
813746697775011094,0.6163,0.7615941559557649,4,89489e3532bffff
813791098344850963,0.1606,-0.7615941559557649,1,89489e22003ffff
813945042274346008,0.7702,0.8020808407797752,5,89489e36343ffff
814018711173929812,-0.7616,-0.7615941559557649,1,89489ead867ffff
814411907416492291,0.7123,0.7615941559557649,2,89489e34403ffff
814513361943510175,0.3746,0.7615941559557649,2,89489e36063ffff
814673647923084366,0.6356,0.7615941559557649,1,89489e3715bffff
814908,0.1093,0.042310786441986936,24,89489e34407ffff
8149550,0.2623,0.24232541325865248,22,89489e36243ffff
815101340689376525,0.8628,0.8628108680157909,1,89489e36a9bffff
815210268859707284,0.5865,0.7615941559557649,6,89489e35087ffff
815390984969585238,0.6878,0.7072827341230083,15,89489e3180fffff
815413398248300256,-0.2059,-0.320671223560322,19,89489e36273ffff
815451622573275410,0.7127,0.7141926775889756,34,894898d965bffff
815868083661634935,0.2011,0.1776582779990962,14,89489e27363ffff
815994529130312701,0.658,0.7615941559557649,2,89489e363cbffff
816002027108903253,0.6838,0.7615941559557649,1,89489e37177ffff
816013391378010444,0.147,0.09045952306243005,11,89489e35417ffff
816154914841030048,0.1536,0.2538647186519216,3,89489e3724fffff
816325201836858392,0.4553,0.40061526173986356,9,89489e27317ffff
816683245388407893,0.6897,0.6896932502877823,12,89489e345cbffff
8167068,0.7218,0.7615941559557649,4,89489e35c4bffff
8171923,0.0812,0.0,2,89489e3728bffff
817221271773290014,-0.2387,-0.22611053563521333,11,89489e346cfffff
817316136680367954,0.0284,0.0,8,89489e371cbffff
817346486310857868,0.3808,0.7615941559557649,1,89489ead953ffff
817396213669418809,0.6405,0.7615941559557649,2,89489e3604fffff
817431374887129460,0.7925,0.7953330599757735,6,89489e2418bffff
817437430436898695,0.5957,0.6092753247646119,5,89489e3550fffff
817925256225167162,-0.5104,-0.5667725193388584,12,89489e346cfffff
817978656655934635,0.2394,0.0,2,89489e3737bffff
818179451948515973,0.2127,0.10711417556397966,9,89489e34043ffff
818228456972333839,0.7616,0.7615941559557649,2,894898caccfffff
8185376,0.747,0.7615941559557649,10,89489e3710fffff
8186176,0.6411,0.634661796629804,6,89489e35c07ffff
818781784587341459,0.7454,0.7615941559557649,3,89489e26657ffff
818869319401153353,0.7616,0.7615941559557649,1,89489e2660bffff
819110230930114229,0.3623,0.4569564935734589,5,89489e3736fffff
819200304449748193,0.7649,0.8122025119857779,8,89489e36227ffff
819488028776837995,0.7755,0.8375066900007844,8,89489e350a3ffff
819532325677314879,0.072,0.15231883119115297,10,89489e354a7ffff
819755421761053177,0.3617,0.5077294373038432,6,89489e34077ffff
820360536324982914,0.6528,0.7615941559557649,4,89489e35e43ffff
820467501474849623,0.4438,0.7615941559557649,1,89489e34457ffff
820528928365525046,0.7616,0.7615941559557649,2,89489e24ea3ffff
820531469455123083,0.6917,0.6916990644763008,8,89489e328bbffff
820543696751409675,0.3286,0.3554928999628759,8,89489e372d7ffff
820803130013402978,0.7749,0.7750897175637683,15,89489e24513ffff
8208157,0.6825,0.6821495109221954,142,894898dab4bffff
820914696909631777,0.7616,0.7615941559557649,2,89489e32db3ffff
820952245060394931,0.5175,0.7615941559557649,1,894898c846fffff
821165685570743915,0.2874,0.2538647186519216,6,89489e35417ffff
821178890054636103,0.5824,0.5823955310249966,17,894898d9677ffff
821229539924168211,0.7367,0.7615941559557649,6,89489e34463ffff
821667321131941882,-0.4612,-0.6092753247646119,10,89489e344dbffff
821685108709795260,0.4454,0.5428292944401488,13,89489e3540fffff
821869492684051530,0.6884,0.8628108680157909,2,89489e351c3ffff
821927032400560194,0.2417,0.1903985389889412,4,89489e3714bffff
822079309027327249,0.3051,0.4974431783974693,5,89489e35597ffff
8222790,0.3603,0.3554106061126903,15,89489e370afffff
8235178,0.7075,0.7144243385346406,28,89489e3634bffff
823531185959706882,0.6691,0.7615941559557649,6,89489e36253ffff
824002564235077756,0.6332,0.6332217164050857,19,89489e2441bffff
824009210646157612,0.4258,0.4456004670998751,9,89489e3448fffff
824010891611614808,0.0217,-0.7615941559557649,2,89489e37373ffff
824054273626581537,0.6807,0.7615941559557649,4,89489e3550fffff
824055533035049506,0.137,-0.7615941559557649,1,89489e35403ffff
824485185971096553,0.6316,0.6402849472998056,36,89489e3720fffff
824530523446020971,0.6782,0.8290719639957822,3,89489eadbc3ffff
824548134793937371,0.7098,0.7615941559557649,2,89489e34453ffff
824627470406583305,0.2257,0.15231883119115297,5,89489e3465bffff
824786750283024296,0.5305,0.4974431783974693,5,89489e35557ffff
824817973726387129,0.1517,0.19280551601516338,5,89489e37257ffff
824965974268000192,0.0,0.0,2,89489e35303ffff
8253159,0.7398,0.7404697017600765,82,89489e35983ffff
825318400108118600,0.7883,0.7885852791717718,15,89489eaca2bffff
825326112547241928,0.7674,0.7784636079657692,12,89489eaca2fffff
8253891,0.7007,0.6996050800485921,50,89489e34047ffff
825535666612168966,0.2576,0.34512434720631635,10,89489e35283ffff
825607366065057555,0.5825,0.615477928493085,16,89489e355abffff
826042776906841495,0.507,0.4974431783974693,5,89489e350afffff
826137465438428731,0.7616,0.7615941559557649,3,89489e31877ffff
826255249337202951,0.5767,0.652794990819227,7,89489e3737bffff
826334185780050317,0.3857,0.0,2,89489e3624fffff
826707342239188250,0.457,0.7615941559557649,2,89489e27087ffff
826710579333781494,0.7755,0.7953330599757735,26,89489e37163ffff
826744304811599219,0.2539,0.2538647186519216,3,894898c819bffff
826750,0.6515,0.6515312486398084,12,89489e269dbffff
8268045,0.5683,0.6151905224857025,17,89489e3405bffff
826829046420831389,0.5165,0.5414683413238519,6,89489e3662fffff
826995273839141557,0.8122,0.8122025119857779,4,89489eadb17ffff
827401424424630930,0.5985,0.5752072453438606,3,89489e35d2bffff
827510247358314323,-0.3973,-0.5329307480061176,16,89489e351abffff
827555311023907784,0.7683,0.7615941559557649,2,89489e344a7ffff
827564153106220040,0.6371,0.8020808407797752,5,89489e27067ffff
827564747965703177,0.6372,0.6464429817534119,15,894898d9cd7ffff
827679667826358702,0.7833,0.783283451397199,14,89489e3642bffff
827889777350596545,0.0674,0.12249112022042603,17,89489e355b7ffff
828292946339931108,0.7151,0.7760536862500543,14,89489e22d97ffff
828398955532139657,0.7182,0.9640275800758169,1,89489e355cbffff
828475196960817138,0.3453,0.2538647186519216,3,89489e3627bffff
8285130,0.7616,0.761594155955765,7,89489e27643ffff
828590376619746962,0.3962,0.0,1,89489e3297bffff
828978207521498098,-0.3032,-0.32134252669193897,3,89489e346cfffff
829012053562369962,0.7761,0.7760536862500543,14,89489e35a8bffff
829054546534860550,-0.0874,0.18638691061190427,3,89489e346c3ffff
8291582,0.2079,-0.7615941559557649,1,89489e35e93ffff
829488079827618468,0.3921,0.43519666054615136,7,89489e3550bffff
8294952,0.2857,0.26019076315567324,32,89489e35577ffff
829615082989398649,0.0,0.0,2,89489e3684bffff
829649054709714196,-0.0187,-0.07337527154397099,18,89489e35093ffff
829734340879473974,0.7616,0.7615941559557649,1,89489e30da7ffff
829749435393700765,0.7616,0.7615941559557649,5,89489e2456fffff
829817689367029998,0.1053,-0.7615941559557649,1,89489e35633ffff
829931674175101222,0.5025,0.5030538650736733,11,89489e355c7ffff
829969466098166797,0.4922,0.7615941559557649,1,89489e35b0bffff
830212417586995595,0.7337,0.761594155955765,7,89489e35c4bffff
830466428357552596,0.547,0.5405837217982589,20,89489e3180fffff
830554457499559859,0.6752,0.6916990644763008,16,89489e366b7ffff
830673318841940203,-0.069,-0.2538647186519216,6,89489e37393ffff
830695233106768907,-0.1969,-0.22611053563521333,11,89489e373b3ffff
831055275070095410,-0.2477,-0.28772118531505264,21,89489e344dbffff
831116198672037822,-0.4786,-0.7615941559557649,3,89489e354a7ffff
831160777336985313,0.7699,0.8001529034072034,21,89489e37263ffff
831312721865539983,0.7224,0.7615941559557649,3,89489e370a7ffff
831414501926494776,0.7202,0.7190090566798256,12,89489ead323ffff
831482969434978291,0.0,-0.7615941559557649,1,89489e27087ffff
831490632989996546,0.5144,0.5077294373038432,12,89489e3654bffff
831912382153063808,0.7447,0.7868983339707714,12,89489e350cfffff
831924217366309304,0.8628,0.8628108680157909,2,89489e26887ffff
831986113839116594,0.677,0.7615941559557649,1,89489e3655bffff
832150614641137573,0.5823,0.6407836792823747,9,89489e355abffff
8321562,0.5501,0.6014134602829,13,89489e3714fffff
832157516604163588,0.7896,0.8020808407797752,5,894898d9197ffff
832730278744686241,0.7377,0.7615941559557649,2,89489e37147ffff
832754400377302261,0.5969,0.5982262179254494,37,89489e3716fffff
832815217919196243,0.2733,-0.10121671206002603,2,89489e350afffff
832909257779588522,0.7616,0.7615941559557649,2,89489e36553ffff
833008387042563990,0.7087,0.7905132165443438,7,89489e20db3ffff
833211660957921661,0.6787,0.7615941559557649,1,89489e35563ffff
833393669331280860,0.3109,0.2647681476941999,14,89489e22cbbffff
833589325123489395,0.7853,0.7849518587388478,26,894898ca52bffff
834073202989741112,0.7292,0.7615941559557649,5,89489e3443bffff
834223604243960752,-0.1313,-0.7615941559557649,3,89489e35507ffff
834254845759173971,0.3808,0.7615941559557649,1,89489e31b3bffff
834279569970830769,0.7783,0.8049727468386332,14,89489e35ca7ffff
834298751195524301,0.7207,0.7771659578111534,13,89489e3558fffff
834301778220948144,0.7546,0.8425675256037856,5,89489e37317ffff
834393421282080120,0.6041,0.8628108680157909,2,89489e346d3ffff
834664324542816094,0.5886,0.7615941559557649,2,89489e3733bffff
834712298192043412,0.0453,0.0,4,89489e36693ffff
834726340126320830,0.1935,0.1903985389889412,12,89489e35097ffff
835071303935371111,0.2877,0.3807970779778824,4,89489e342bbffff
835314130398411911,0.7616,0.7615941559557649,1,89489e3643bffff
835558267919032190,0.7616,0.7615941559557649,1,894898ca197ffff
8355807,0.6679,0.6729984197515197,43,89489e3445bffff
835717142703407784,0.4348,0.44123276461003524,13,89489e355abffff
836181585811219055,0.3712,0.1760445194082664,3,89489e2748fffff
8363877,0.5256,0.5233797794798419,81,89489e3752bffff
836394182484299620,0.2742,0.0,2,89489eac36fffff
83643,0.6154,0.6160231055686136,30,89489e35e23ffff
836433590722009133,0.7377,0.8020808407797752,10,89489e35d57ffff
836582536713465375,0.7616,0.7615941559557649,2,89489e2768fffff
836606360600230631,0.0716,0.0,3,89489e366cfffff
836894631497264233,0.4753,0.4611327096508672,12,89489e35553ffff
836927765895923251,0.0235,0.0,4,89489e37023ffff
836959454812781535,0.5331,0.7615941559557649,2,89489e35347ffff
837060708074279168,0.5625,0.7615941559557649,1,89489e35cb7ffff
8371410,0.176,0.1760445194082664,3,894898d8247ffff
837163117750567429,0.7436,0.7615941559557649,8,89489e360dbffff
8372093,0.1088,-0.7615941559557649,1,89489e34357ffff
837265299935378255,0.52,0.5189757386438462,18,89489e22cbbffff
837274284984485432,0.6606,0.7615941559557649,4,89489e22cbbffff
837557643865236279,0.74,0.8628108680157909,2,89489e35b5bffff
837676371591191413,0.4645,0.4569564935734589,5,89489e3748fffff
837697297238536886,0.5855,0.5854935042502345,15,89489e276a7ffff
837800679839392291,0.7059,0.7615941559557649,13,89489e3426fffff
837862552553251223,-0.0943,-0.8122025119857779,2,89489e34293ffff
837972209530009216,0.66,0.6698540527395388,31,89489e344cbffff
838322511809769319,0.6582,0.7446332663344432,18,89489e3634fffff
838431813012808758,0.6988,0.7615941559557649,5,89489e3445bffff
838467684080902054,0.1873,0.7615941559557649,2,89489e354a7ffff
838494433565867956,0.8172,0.9640275800758169,2,89489e36677ffff
838575424374593676,0.5781,0.5711956169668236,8,89489e241d7ffff
838644585677490322,0.6646,0.7615941559557649,1,89489e35e5bffff
838689074676818894,0.3971,0.3807970779778824,12,89489e36643ffff
8387546,0.6521,0.6672545211135165,14,89489e3537bffff
8388876,0.4896,0.7615941559557649,1,89489e358dbffff
8389915,0.7519,0.7583797000475231,48,89489e37137ffff
839054124040353444,0.2566,-0.7615941559557649,1,89489e3446bffff
839054805552691937,0.7616,0.7615941559557649,1,89489ead873ffff
839054879573626671,0.6138,0.7615941559557649,1,894898ca8c7ffff
8390607,0.2057,0.20453518970360016,37,89489e34057ffff
839088120150004578,0.7616,0.7615941559557649,1,894898c9083ffff
839115555215968490,0.2539,0.2538647186519216,3,894898c824fffff
839195061183787649,0.2603,0.2602936304684053,8,89489e35d4bffff
839198799357799760,-0.0122,0.15231883119115297,5,89489e34653ffff
839216289072236653,0.3464,0.18638691061190427,3,89489e35aafffff
839318622700558681,0.792,0.7615941559557649,1,89489e345c3ffff
839825958820293878,0.6479,0.6719948434903807,17,89489e3702fffff
839979062665915267,0.1831,0.15231883119115297,5,89489eadb4bffff
840104372435964009,0.7616,0.7615941559557649,2,89489e3702bffff
840108453613788196,0.6334,0.7615941559557649,5,89489e3736bffff
840108714130464185,0.3157,0.28439431997030074,10,89489e3736bffff
840469092451936820,0.1502,0.0,8,89489e35c6fffff
840485580314483662,0.5945,0.5711956169668236,8,89489e37193ffff
840486327946394769,0.6862,0.7083407529237922,21,89489e3530bffff
840488267226680318,0.4553,0.4886484364798563,16,89489e35c6bffff
840494267145470861,0.3969,0.30463766238230594,5,89489e35c6fffff
840611156048016935,0.5185,0.7615941559557649,2,89489e36287ffff
840805853522884653,0.5908,0.5923510101878171,9,89489e3752bffff
840830137540145526,0.3788,0.40610125599288893,12,89489e3468fffff
840890781704621012,0.6458,0.7868983339707714,8,89489e3468fffff
840926273829781090,0.4087,0.4569564935734589,5,89489e34613ffff
841253211967002368,0.7616,0.7615941559557649,1,89489e2704bffff
841286575531884230,0.4389,0.5584553559769786,7,89489e354b7ffff
841363281551743551,0.409,0.44123276461003524,13,89489e3468fffff
841365795889774589,0.6571,0.8147881097866874,12,89489e35e4bffff
841415325221299736,0.1336,0.7615941559557649,2,89489e346cfffff
841479119162276419,0.7616,0.7615941559557649,1,89489e364b3ffff
841487938405698774,0.2216,0.2495247992759857,19,89489e373a7ffff
841535281132543067,0.7394,0.8628108680157909,2,89489eade7bffff
841546818218120556,0.7365,0.7615941559557649,2,89489e34047ffff
841571611432939501,0.7541,0.7840867586357706,9,89489e344b3ffff
841896772366886225,0.3128,0.48201379003790845,4,89489e3462bffff
841898375843326258,0.3046,0.7615941559557649,2,89489e35e3bffff
842100348177595821,0.7355,0.7742462449632681,16,89489e35513ffff
842125165642340842,0.7616,0.7615941559557649,3,89489e35233ffff
842126175350759662,0.3557,0.3554928999628759,8,89489e36287ffff
842177145309461776,0.679,0.6790469754687976,32,89489e364abffff
8423582,-0.4455,-0.5367660605355444,28,89489e35593ffff
842621828067573964,0.2424,0.3807970779778824,4,89489e355b3ffff
842664200760564648,0.7096,0.7107304052182791,29,89489e2736fffff
842773545357954239,0.8234,0.8290719639957822,6,89489e37293ffff
842773720597962189,0.1315,0.0,6,89489e3729bffff
842773864137813738,0.4155,0.43140543400789544,4,89489e3729bffff
842832610180856120,0.6432,0.6424154972290647,29,89489e35563ffff
842847276192731767,0.0384,0.0,4,89489e3720bffff
842859967173206602,-0.2077,-0.7615941559557649,3,89489e37037ffff
842878174778646046,0.6923,0.7615941559557649,2,89489e36597ffff
8429604,0.3466,0.34973259287589836,18,89489e3714fffff
842962217967744930,0.3847,0.42310786441986936,9,89489e3468fffff
842989704584732624,0.6712,0.7615941559557649,4,89489e35c6fffff
843264492469476896,-0.0645,-0.7615941559557649,1,89489e27103ffff
843293229198469651,0.5371,0.6128549385452475,14,89489e3558bffff
843434562232648310,0.3554,0.2538647186519216,3,89489e36a5bffff
843455828363518401,0.6807,0.7615941559557649,3,89489e3404bffff
843642956485887048,0.6218,0.6218039729968367,8,89489e37617ffff
843655349786359396,0.5447,0.5386060834527082,23,894898d9cd7ffff
843656245943278137,0.6627,0.6726396463564266,26,89489e34477ffff
8438090,0.6476,0.647629821182162,56,89489e362d3ffff
843809671275378941,0.7581,0.7784636079657692,12,89489e351cbffff
843993535962617557,0.6997,0.7615941559557649,5,89489eadc83ffff
844238766496777988,0.2196,0.18353839845594774,26,89489e35553ffff
844287763394520471,0.564,0.5711956169668236,8,89489e3422fffff
844315167467484886,0.5871,0.5824834227168849,19,89489eaca63ffff
844462080211949246,0.6224,0.6092753247646119,5,89489e355a3ffff
844894728189359109,0.4602,0.42566096275464665,13,89489e346b3ffff
844914193960027293,0.6886,0.9640275800758169,1,89489e3624bffff
844944808997006217,0.3878,0.7615941559557649,2,89489e366a3ffff
844957198771307681,0.0146,-0.7615941559557649,1,89489e34053ffff
844958850176226001,0.3953,0.7615941559557649,1,89489e34053ffff
845128350513573757,-0.202,-0.7615941559557649,1,89489e35597ffff
845177281006950196,0.7514,0.8065793613157763,9,89489e3752bffff
845197417889042554,0.4877,0.46664320549356747,14,89489e3752bffff
8455007,0.7195,0.7615941559557649,10,89489e3717bffff
845872159157654740,0.7616,0.7615941559557649,2,89489eacb0fffff
845893185415409613,0.8194,0.8628108680157909,2,89489e2408fffff
846436296514630631,0.7616,0.7615941559557649,1,89489eac893ffff
846780,0.6775,0.6773659847079052,38,89489e34403ffff
847569427964806523,0.2373,0.8628108680157909,1,89489e3620bffff
84771,-0.0195,0.2538647186519216,3,89489e3422bffff
847892441229588847,0.1485,0.12737592717206853,23,89489e3714bffff
8480556,0.5474,0.5482234199673236,79,89489e3448bffff
848091710225573476,0.5591,0.572914886271268,7,89489ead9b3ffff
848430947988166218,0.6792,0.6786328147217063,19,894898cb34bffff
848472836656596932,0.5953,0.7615941559557649,1,89489e3730fffff
848680854422171273,0.5659,0.5077294373038432,3,89489e34687ffff
848741161494843559,0.7819,0.7927334474406211,27,89489e32d93ffff
848799216664910378,0.7892,0.7953330599757735,12,89489e3538fffff
848799825629308070,0.7741,0.8965497720357996,3,89489ead377ffff
8488895,-0.4401,-0.6227708863726154,15,89489e3733bffff
8489018,0.5192,0.7615941559557649,1,89489e373a3ffff
849299819378415894,0.6994,0.7953330599757735,12,89489e3664bffff
849369862066046238,0.5214,0.7615941559557649,3,89489e37397ffff
849966356070604953,0.6704,0.7615941559557649,2,89489e346b3ffff
8502,0.5048,0.5533592515810406,20,89489e37027ffff
850234814306816507,0.1035,0.08462157288397387,9,89489e354b7ffff
850382345016936777,0.0695,0.15799684442794484,6,89489e34233ffff
850677292675671148,0.7408,0.7615941559557649,1,89489e35eabffff
850943041880480790,0.7442,0.7771659578111534,13,89489e37387ffff
850953125760682702,0.8025,0.80247013582616,52,894898caa53ffff
851411887940812062,0.5172,0.7615941559557649,1,89489e360abffff
851489401454714475,0.2052,0.15231883119115297,5,89489e35503ffff
851563315776031395,0.6235,0.6295186671766171,10,89489e3748bffff
852163990505629235,0.1991,0.0,6,89489e34423ffff
852214232838637938,0.6994,0.7615941559557649,5,89489e3428fffff
852247306479211711,0.405,0.30463766238230594,5,89489e356afffff
852278273217046563,0.6434,0.8020808407797752,5,89489e22967ffff
852838610583786695,0.2333,0.19441016736597816,6,89489e358d3ffff
853084842779149733,0.1298,0.025304178015006507,8,89489eade07ffff
8531225,0.4215,0.4220706682213661,32,89489e3512bffff
853133255217880886,-0.3014,-0.3096442702837536,6,89489e346cfffff
853223604593369714,0.7616,0.7615941559557649,1,89489e2292fffff
853273058295816107,0.7616,0.7615941559557649,1,89489e2292fffff
853674532844402869,0.4912,0.7615941559557649,2,89489e36007ffff
853715915321402710,-0.4718,-0.6665055421381442,15,89489e3512fffff
853848524578753977,-0.2384,-0.26350440551478127,21,89489e3546fffff
8540638,0.7561,0.7784636079657692,6,89489e359cbffff
854242463291230948,0.7616,0.7615941559557649,1,894898cb2afffff
854346834290244897,0.2682,0.7615941559557649,2,89489e34663ffff
855085076438509764,0.8881,0.9640275800758169,1,89489e359bbffff
856428098347590510,0.532,0.7615941559557649,3,89489e3405bffff
856675294255509291,-0.1389,-0.3807970779778824,4,89489e3558bffff
8567050,0.604,0.6227708863726154,30,89489e3512bffff
856717185304103405,0.7665,0.7868983339707714,24,89489e37163ffff
856774368116755309,0.1406,0.14166656433812416,28,89489e275a7ffff
856813646246232808,0.6231,0.6231224912365348,11,89489e25033ffff
857272005288743702,0.4042,0.2876036226719303,6,89489e374c7ffff
857306135724187635,0.6506,0.6646041405794416,11,89489e364b7ffff
857340947783475806,-0.3976,-0.48201379003790845,4,89489e346cfffff
8577931,0.7616,0.7615941559557649,4,89489e2731bffff
857829078377905606,-0.7616,-0.7615941559557649,1,89489e3608bffff
857839191704275996,0.6461,0.6430965226348062,24,89489e3412bffff
857919751072979235,0.7568,0.7868983339707714,8,89489e351cbffff
8581191,0.5965,0.7615941559557649,1,89489e345d3ffff
858623562052793174,0.6999,0.7060857899223483,33,89489e36627ffff
858637867168746631,0.6249,0.6295186671766171,20,89489e3586bffff
858760448727876292,0.4956,0.7615941559557649,1,89489e3559bffff
858775746819779791,0.4158,0.7615941559557649,1,89489e37393ffff
858804992666590952,0.724,0.7615941559557649,2,89489e35dd3ffff
8592302,0.7353,0.7353469466549799,26,89489e2090bffff
859463597569315339,0.639,0.6377390961210698,48,89489e37047ffff
8594847,0.7468,0.7615941559557649,8,89489e35e83ffff
859682783704711292,0.7616,0.7615941559557649,1,89489e31b6bffff
859952031812812619,0.2784,0.2763573213319274,9,89489e309b7ffff
860138863116299478,0.6441,0.7905132165443438,7,89489e3405bffff
861043931901707546,0.7408,0.7615941559557649,3,89489e22b33ffff
861484240066775185,0.7487,0.8290719639957822,3,89489e373b7ffff
861538012412425327,0.6914,0.7799971945121332,11,89489e3448fffff
861559480460652111,0.7562,0.8290719639957822,3,89489e370a7ffff
861631196432958402,0.7616,0.7615941559557649,1,89489e2352fffff
861650560944565177,0.6785,0.7615941559557649,2,894898d9647ffff
861748382551055399,0.3511,0.35106980233491064,12,894898d92a3ffff
861751093955175775,-0.4042,-0.7615941559557649,1,89489e346cfffff
861841995115380430,0.5732,0.5439958256826892,7,89489e351d3ffff
863317024881184959,0.4862,0.7615941559557649,1,89489e3729bffff
8635780,-0.1386,-0.12919533815150364,27,89489e270cfffff
863760288893419151,0.7303,0.7615941559557649,6,894898c80a3ffff
863769694473516328,0.4231,0.42310786441986936,3,89489e30d87ffff
863799139688107858,0.7888,0.7905132165443438,7,89489e241d3ffff
864446273302142184,0.8122,0.8122025119857779,4,894898c8553ffff
864537572264213623,0.5982,0.9640275800758169,1,89489e3558fffff
865344034656618510,0.0911,0.016869452010004338,12,89489e229b7ffff
865385067735720030,0.4545,0.4416776598399534,12,89489e229a7ffff
8655628,0.33,0.2538647186519216,3,89489e363c3ffff
866053021052328119,0.728,0.7615941559557649,1,89489e365dbffff
866123654826176165,0.1049,0.0,7,89489e36207ffff
866161762018084566,0.1873,0.20770749707884495,11,89489e37033ffff
8663006,0.7015,0.7615941559557649,2,89489e351d7ffff
866574694381082606,0.1747,0.2538647186519216,9,89489e3546fffff
8666980,0.7745,0.7766689854115134,47,89489e35e07ffff
8668966,0.6549,0.6549051390418092,60,894898da0cfffff
8671908,0.5299,0.52992202672334,16,89489eac9cfffff
867452086315647848,0.2491,0.20305062799644447,16,89489e3718fffff
867464101080670861,0.6032,0.7615941559557649,4,89489e35203ffff
867579611782687206,-0.0252,0.0,6,89489e342abffff
867746411344715329,0.4032,0.3983999844231043,23,89489e35623ffff
867806,0.7021,0.9640275800758169,1,89489e358a3ffff
867948510887809841,0.7542,0.7905132165443438,7,89489eac237ffff
867993466326359873,-0.118,-0.7615941559557649,2,89489e358d3ffff
868056883172522670,0.2277,0.1650943609739347,4,89489e358d3ffff
868057383232928697,0.2825,0.2538647186519216,3,89489e358d3ffff
868157996515609282,0.1623,-0.32134252669193897,3,89489e35c83ffff
868359046023856665,0.2528,0.21759833027307568,7,89489e3738fffff
868516847895976373,0.027,0.0612671042703316,18,89489e3468bffff
868630470918063876,-0.3935,-0.3807970779778824,4,89489e36353ffff
8688394,0.7717,0.7615941559557649,3,89489e35363ffff
8689127,0.7616,0.7615941559557649,1,89489e22b63ffff
868925632103305935,0.6356,0.7615941559557649,1,89489e3715bffff
868926600539618672,0.6104,0.7615941559557649,1,89489e371dbffff
869106807862565003,0.5953,0.7615941559557649,1,89489e3730fffff
869147481912942422,0.3873,0.3807970779778824,4,89489e35117ffff
869545390456753971,0.2372,0.1067292115411933,4,89489e34693ffff
869944900711294343,0.3978,0.7615941559557649,1,89489e34237ffff
870290900551469456,0.2742,0.0,2,89489e3580bffff
870916039970408978,0.6882,0.7615941559557649,2,89489e35c5bffff
870943,0.7128,0.7615941559557649,3,89489e344b3ffff
871048595930129334,-0.4642,-0.8518250359496616,6,89489e358d3ffff
871130960262567121,0.1159,-0.05060835603001301,4,89489e34457ffff
871934972449453382,-0.0088,-0.2538647186519216,3,89489e35087ffff
872448567785960734,-0.1057,-0.7615941559557649,2,89489e26a67ffff
872496121796497229,-0.105,-0.10121671206002603,2,89489e34233ffff
872686941842167477,0.7558,0.7615941559557649,6,894898d920fffff
873377859110902021,0.2539,0.2538647186519216,3,89489e254b3ffff
873717678418395431,-0.362,-0.38298523891081165,11,89489e346cfffff
873745857241010524,-0.4076,-0.42310786441986936,9,89489e346c3ffff
873811714139451556,0.1875,0.21570271700394772,8,89489e37033ffff
873991879205407217,0.6696,0.6663948864612943,16,89489e34463ffff
874038627364388309,0.5984,0.5923510101878171,9,89489e351dbffff
8740559,-0.06,-0.2538647186519216,6,89489e3714fffff
874139474532850126,0.6987,0.8628108680157909,2,89489e22d57ffff
874172056663233580,-0.5544,-0.6554717507365546,8,89489e346cfffff
875336147829421464,0.7616,0.7615941559557649,4,894898ca6a7ffff
8757996,0.7616,0.7615941559557649,2,89489eac883ffff
875980141915113844,0.6184,0.588065068976828,12,89489e35e07ffff
876215470671846919,0.0128,-0.02795803659178564,20,89489e309b7ffff
876221119640027535,0.2352,0.0,2,89489e3509bffff
876751507329568970,0.684,0.7615941559557649,1,89489e35b5bffff
876794503835262939,-0.1058,-0.028919060588578866,7,89489e346cfffff
876814277095357733,0.7616,0.7615941559557649,1,89489e3429bffff
876845728353360598,0.3727,0.2982498974909151,8,89489e3519bffff
876944237090548901,0.7616,0.7615941559557649,4,89489e376d7ffff
877436052363600359,0.1441,0.32134252669193897,3,89489e355d3ffff
877517529289931130,0.3808,0.7615941559557649,1,89489e22103ffff
877540845133371618,0.6263,0.6684007006498126,12,89489e35053ffff
877632000094753223,0.6844,0.8020808407797752,5,89489e3441bffff
877700298985458866,0.7408,0.8290719639957822,3,89489e3756bffff
8780307,0.7433,0.7615941559557649,9,89489eac86fffff
878129459060139239,0.5988,0.6092753247646119,5,89489e3537bffff
878173749801630145,0.0,0.0,2,894898d80afffff
8783699,0.6092,0.6100159330803726,65,89489e37567ffff
878498998200234423,0.4284,0.4569564935734589,5,89489e22b3bffff
878861948042755604,0.2781,0.3639276259678781,4,89489e342bbffff
878889487493547941,0.7287,0.761594155955765,7,89489e3404fffff
878924750403373870,0.5738,0.5923510101878171,9,89489e34483ffff
878982935488911339,0.6794,0.7615941559557649,3,89489e34423ffff
879070,0.6454,0.6440060448064342,38,89489e35d53ffff
879082393748992449,0.5053,0.7615941559557649,1,89489e3736bffff
879233447196605697,0.7854,0.785409852911065,17,894898c80afffff
879635685378079531,0.5783,0.5711956169668236,8,89489e34487ffff
879637043921454203,0.4955,0.7615941559557649,1,89489e355abffff
879770624530949892,0.0286,-0.2538647186519216,3,89489e358d3ffff
879996503855825428,0.7692,0.7650326945646536,14,89489e2517bffff
880414307040964341,0.3743,0.5074943120175985,7,89489e362cfffff
880516886435174753,0.3379,0.8628108680157909,1,89489e270d3ffff
880630678586529198,0.2257,0.033738904020008675,6,89489e346b3ffff
881292429630085567,0.6093,0.7615941559557649,1,89489eac2a7ffff
881378472170088915,0.6854,0.7615941559557649,9,89489e3514bffff
881396799254556651,0.7616,0.7615941559557649,4,89489e274bbffff
881892845255138214,0.7396,0.761594155955765,7,89489e3665bffff
881952503028960514,0.5788,0.7615941559557649,2,89489e36463ffff
882085742232075387,0.2885,0.32134252669193897,3,89489e371b7ffff
882453204830579060,0.0522,-0.06747780804001735,6,89489e3550bffff
8826075,0.5103,0.4974431783974693,5,89489e35b17ffff
882640577006754255,0.5057,0.3807970779778824,4,89489e34073ffff
882798285389536476,-0.1243,-0.7615941559557649,2,89489e37393ffff
883277605549903315,0.2672,0.18638691061190427,3,89489e3465bffff
883278998615132039,0.4514,0.7615941559557649,1,89489e3465bffff
883283320515311184,0.7307,0.8290719639957822,3,89489e35e5bffff
883326621143681776,0.5651,0.5584553559769786,14,89489e3428fffff
883393628922567060,0.2354,0.060730027236015616,5,89489e3556bffff
883802,0.6065,0.6117453731939142,61,89489e35507ffff
883905166738559996,0.422,0.5077294373038432,6,894898c80d7ffff
883926422471552052,0.1997,0.20313879997878623,14,89489e3558bffff
883970,0.7525,0.7840867586357706,9,89489e37177ffff
884015052380453610,-0.1094,-0.15223653734096732,12,89489e342afffff
884015532381906375,0.1185,0.15231883119115297,5,89489e342afffff
884015533679896618,0.0548,0.15231883119115297,5,89489e34233ffff
884025105479322495,-0.5414,-0.6597135794580649,11,89489e34233ffff
884028416652584579,-0.5378,-0.8160809086871421,8,89489e3736fffff
884053950341707573,0.7616,0.7615941559557649,2,89489e240abffff
884750654112406795,0.1776,0.2876036226719303,6,89489e35543ffff
884756875543659675,0.7662,0.7615941559557649,8,89489eaca73ffff
884790236976637392,0.6851,0.7615941559557649,6,89489e35553ffff
884797357969966518,0.7335,0.7615941559557649,9,89489ead92fffff
884846307012755143,0.5541,0.5585023810342276,15,89489e35553ffff
885551494547107839,0.7616,0.7615941559557649,1,894898c8543ffff
885570500693930980,0.7616,0.7615941559557649,1,89489e22017ffff
885821673462028741,0.2953,0.2538647186519216,9,89489e35297ffff
886063745392299103,-0.0807,-0.8122025119857779,2,89489e3559bffff
886153177765379764,0.7616,0.7615941559557649,3,89489e240bbffff
886191511836621234,-0.7616,-0.7615941559557649,1,89489ead8b7ffff
886247055739115992,0.7616,0.7615941559557649,5,89489e35957ffff
886293571693795002,0.5841,0.6092753247646119,10,89489e355c7ffff
886439809961041632,0.4892,0.49286579948235737,24,89489e35acbffff
886441688646731858,0.4608,0.4611327096508672,12,89489e35acbffff
8866139,0.5573,0.5439958256826892,21,894898c9c3bffff
886875483810619294,0.5366,0.7615941559557649,1,89489e35c9bffff
886952304335681346,0.4196,0.7615941559557649,1,89489e355d7ffff
887004639380466573,0.6774,0.7157997539781962,20,89489e34007ffff
887127935465298928,0.4514,0.7615941559557649,1,89489e3465bffff
887135868836424179,0.6201,0.6260899142078258,9,89489e3444bffff
887136921023671686,-0.1917,-0.5964997949818301,4,89489e3465bffff
887141011699508963,0.3667,0.3807970779778824,4,89489e3465bffff
887601176578714063,0.4061,0.2538647186519216,3,89489e37263ffff
888322130123945208,0.507,0.4974431783974693,5,89489e3551bffff
888358138700081043,0.1555,0.7615941559557649,2,89489e343c7ffff
888505187979008030,0.2364,0.10879916513653784,7,89489e37377ffff
888579024578104975,0.5992,0.7615941559557649,3,89489e3627bffff
888676788500053420,-0.2558,-0.24488529172031842,8,89489e346cfffff
888714433507793680,0.5953,0.7615941559557649,1,89489e3730fffff
889007753905686929,0.1875,0.19934757344053033,14,89489e355afffff
889188499870720327,0.6085,0.7615941559557649,2,89489e35aafffff
889361287718354467,-0.134,-0.2538647186519216,6,89489e36693ffff
889497512178483522,-0.2487,-0.5077294373038432,6,89489e3468fffff
889823843746577265,0.3236,0.7615941559557649,1,89489e34283ffff
889831767371295908,0.1332,0.0,1,89489e34283ffff
889836517853642716,0.3236,0.7615941559557649,1,89489e34283ffff
889838074137427349,0.3743,0.9640275800758169,1,89489e34283ffff
889838945551906618,-0.0572,-0.7615941559557649,1,89489e34283ffff
889840172523367752,0.3236,0.7615941559557649,1,89489e34283ffff
889842672719878715,0.3236,0.7615941559557649,1,89489e34283ffff
889843382811703189,-0.1904,-0.1903985389889412,8,89489e36e63ffff
889847960393918046,0.5447,0.5711956169668236,8,89489e35567ffff
890163,0.6709,0.6772025717205962,65,89489e37377ffff
890796194973430392,0.7616,0.7615941559557649,1,89489e345d7ffff
891415565035863408,0.3254,-0.7615941559557649,1,89489ead92bffff
8915312,0.6414,0.652794990819227,14,89489e35b73ffff
892035383598437880,0.6912,0.8020808407797752,5,89489e35aafffff
892275662289742522,0.2314,0.7615941559557649,1,89489e35057ffff
892324925583826002,0.3532,0.2876036226719303,3,89489e366b3ffff
892325433086903738,0.6775,0.7041700303996137,23,89489e3733bffff
8926402,0.4517,0.4516814588658101,68,89489e2631bffff
892778056933812705,0.5585,0.5584553559769786,7,89489e2722fffff
893021708339392204,0.8375,0.7615941559557649,1,89489e22ba7ffff
893077143476783208,0.2747,0.0,2,89489e35053ffff
893448178688262943,0.8122,0.8122025119857779,2,89489e26553ffff
893599764291189173,0.7616,0.7615941559557649,1,89489e35867ffff
893658140681471666,0.6288,0.7615941559557649,2,89489e3754bffff
894288696629174803,0.7616,0.7615941559557649,12,89489e35d47ffff
894743,0.4009,0.3807970779778825,14,89489e3718fffff
89475,0.3834,0.3807970779778824,22,89489e35b0bffff
895001500692426272,0.0059,-0.15231883119115297,5,89489e3468fffff
895568935431123220,0.6921,0.6817140514078058,14,89489e24c47ffff
895682396928370349,0.1523,0.0,2,89489e22103ffff
895712839686261899,0.7916,0.8016303878648658,21,89489e36437ffff
895770335273597439,0.8628,0.8628108680157909,2,89489e26557ffff
896457078841033405,0.2769,0.1903985389889412,8,894898d9603ffff
897146213211195848,0.7464,0.761594155955765,7,89489e223abffff
897165990245089381,0.7616,0.7615941559557649,1,894898c803bffff
897337157213588308,0.1384,0.1590666119951547,10,89489e34077ffff
897847033999253671,0.7327,0.7615941559557649,9,89489e35c83ffff
897858734207998629,0.6306,0.6328249646822373,28,89489e350a3ffff
8980721,0.7616,0.7615941559557649,1,89489e26acbffff
898085182920422843,0.3606,0.3605537355658772,20,894898d9157ffff
8985401,0.8459,0.9640275800758169,1,89489e3626bffff
898632299628709844,0.0448,0.04479965623269205,17,89489e241cfffff
8986977,0.7314,0.7313692515322128,37,894898d944bffff
898775179238696801,0.8132,0.8446360038445133,15,89489e3447bffff
899176450030962781,0.6936,0.7615941559557649,2,89489e37137ffff
899242050573007932,0.7948,0.7953330599757735,12,89489e354a3ffff
899246375934524481,0.7616,0.7615941559557649,1,89489e251d7ffff
899296976223154209,0.0759,0.07591253404501952,4,894898da34fffff
899362834143821015,0.7829,0.7953330599757735,12,89489e343b7ffff
899423553149566617,0.8108,0.8122025119857779,12,894898c8273ffff
899468563579622109,0.6718,0.676972583071791,18,89489e37103ffff
899702904715465026,0.7616,0.7615941559557649,5,89489e35237ffff
899986525189066397,0.2998,0.3645822003544433,11,89489e342afffff
900108182625773911,0.3951,0.8628108680157909,2,89489e37257ffff
900365799478240505,0.7708,0.7615941559557649,3,89489e348dbffff
900705189436197460,0.5924,0.5923510101878171,9,894898d920bffff
901384966564355316,0.4253,0.3807970779778824,8,89489e22b53ffff
902250387167068712,0.657,0.8122025119857779,4,89489e3400fffff
902731812547727131,0.7616,0.7615941559557649,1,894898d96c7ffff
9032094,0.631,0.7615941559557649,2,89489e372bbffff
903469734984199715,0.7166,0.7818374983677701,10,89489e35507ffff
903521439188119734,-0.1732,-0.7615941559557649,1,89489e3540fffff
903573921194199823,-0.0346,-0.10879916513653784,7,89489e366a3ffff
903605317681531843,-0.156,-0.028919060588578866,7,89489e34673ffff
903725759379615840,0.7616,0.7615941559557649,1,89489e22c7bffff
903821937404103339,0.7911,0.7913637771498901,34,894898ca52bffff
904164883758994655,0.694,0.7615941559557649,2,89489e35e97ffff
904212363177581302,0.5629,0.7615941559557649,2,89489e346b7ffff
904325785618661788,-0.2539,-0.2538647186519216,1,894898d9177ffff
904354,-0.712,-0.7284813665663838,92,89489e37367ffff
904459296502037066,0.5712,0.5077294373038432,3,89489e365a7ffff
906608551150525578,0.7616,0.7615941559557649,2,89489e20d1bffff
906609656241055892,0.6208,0.7615941559557649,2,89489e37133ffff
906610606216821564,0.7146,0.7615941559557649,2,89489e370a7ffff
906647748994782104,0.5398,0.5906927359896567,11,89489eadb43ffff
906726762922856306,0.3046,0.0,2,89489e2701bffff
906769514433405068,0.3213,0.7615941559557649,2,89489e35083ffff
907139134365722051,0.448,0.43140543400789544,4,89489e36047ffff
907159648370959222,0.6415,0.7615941559557649,1,89489e36667ffff
907173758958000820,0.4231,0.42310786441986936,9,894898daac7ffff
907248287334471179,0.1903,0.0,1,89489e3713bffff
907325193796955083,-0.1071,-0.7615941559557649,2,89489e355bbffff
907362180030717841,0.1827,-0.7615941559557649,1,89489e35b4bffff
907383017689120037,0.4863,0.5212249989118467,15,89489e3542fffff
907494687263033751,0.4998,0.4569564935734589,5,89489e358a7ffff
907605617538479959,0.2845,0.3374132905841446,17,89489e35597ffff
9077434,0.6884,0.8020808407797752,5,89489e353b3ffff
907780444087791388,0.5845,0.5923510101878171,18,89489e35423ffff
907876551564869578,0.5168,0.43140543400789544,4,89489e3428bffff
907925996822104083,0.7477,0.7484910484862451,39,894898c8563ffff
907957919962151833,-0.11,-0.2538647186519216,6,89489e34283ffff
908026441322210817,0.7616,0.7615941559557649,1,89489e36c5bffff
908174309739205819,0.5144,0.7615941559557649,2,89489e36207ffff
908715046877347160,0.6597,0.7615941559557649,5,89489e34063ffff
908762743782240224,0.7616,0.7615941559557649,1,89489e31aa7ffff
908772901916066255,0.4457,0.3807970779778824,4,89489e35553ffff
908775535115422115,0.6767,0.7953330599757735,3,89489e35577ffff
908949951830581259,-0.221,-0.2538647186519216,6,89489e346cbffff
908963094317491695,0.2033,0.2032563626219086,4,89489e234b7ffff
908974324394877285,-0.2696,-0.42814123572522317,14,89489e36047ffff
909023082555332917,0.3264,0.3263974954096135,7,89489e22a27ffff
909379831456217637,0.174,0.10925870774723552,11,89489e3712bffff
909464016694444028,0.7327,0.7615941559557649,10,89489e3589bffff
909498481841918236,0.6561,0.6600482684949962,15,89489e3589bffff
909512948024072259,0.5808,0.572914886271268,7,89489e27283ffff
909568535742294891,0.4741,0.43140543400789544,4,89489e35e93ffff
90957,0.6838,0.7615941559557649,1,89489e37177ffff
910073232842604297,0.7328,0.7395803675099453,31,89489e35cd3ffff
910250,0.4962,0.47952224634251867,18,89489e3446bffff
910306480836536449,0.1184,0.16924314576794774,9,89489e35283ffff
910361024189460104,0.0431,0.14675054308794197,9,89489e35583ffff
910436535209189174,0.7562,0.7784636079657692,12,89489e20d2fffff
910798358925021746,0.3836,0.1903985389889412,4,89489e351d3ffff
910805544936414910,0.7953,0.7953330599757735,6,89489e24847ffff
910841842049872479,0.6073,0.6073460786411543,9,894898d94a3ffff
9113180,0.6628,0.6719948434903807,34,89489e35577ffff
911610358578104866,0.5985,0.7615941559557649,2,89489e34063ffff
911727892958684405,0.6566,0.659183547246884,61,89489e344d3ffff
911899670641124334,0.1177,-0.11886757189165109,2,89489e24007ffff
911908328118815356,0.4303,0.5077294373038432,6,89489e24007ffff
911913725309961295,0.1985,0.15231883119115297,5,89489e24007ffff
912158436359608796,0.222,0.18943965919477002,21,89489e3400fffff
912166671187069424,0.7785,0.7615941559557649,1,89489e27293ffff
912218512617683281,0.1418,0.0,2,89489e35087ffff
912229130286757242,0.6794,0.7615941559557649,3,89489e34423ffff
912390824709429707,0.7059,0.723432154307791,24,89489eac867ffff
912421644932986908,0.6605,0.7615941559557649,6,89489e37323ffff
912472106939073461,0.513,0.4569564935734589,5,89489e35ec7ffff
912881220845867915,0.4225,0.7615941559557649,1,89489e35093ffff
912883090583581209,0.964,0.9640275800758169,1,89489e248b7ffff
9128884,0.7616,0.7615941559557649,4,89489e3591bffff
912955580683473607,0.5084,0.6218039729968367,8,89489e35097ffff
913011376998032062,0.5062,0.5414683413238519,6,89489e360abffff
913045670974791485,0.5959,0.5923510101878171,9,89489e35bb7ffff
913140928208497452,0.1764,0.15231883119115297,5,89489e35517ffff
913286679360069004,0.5611,0.7615941559557649,2,89489e35177ffff
9136983,0.6002,0.603215251682388,42,89489e35577ffff
913862463712014335,0.6995,0.7615941559557649,5,89489e35287ffff
913876911245402242,0.6125,0.6169881450510787,11,89489e35287ffff
913955118542961914,0.4321,0.2538647186519216,3,89489e350a3ffff
913999278114826285,0.1906,0.1903985389889412,4,894898c833bffff
914003068044567400,0.5869,0.7615941559557649,2,89489eac2afffff
914121542105107925,0.5071,0.7615941559557649,4,89489e27103ffff
914538245222488988,0.5854,0.5711956169668236,24,89489e2736fffff
914644782282268217,0.0,0.0,2,894898d963bffff
914667450966638398,-0.0825,-0.08254718048696735,16,89489e2766fffff
914773207916816087,0.5467,0.5711956169668236,8,89489e35ac7ffff
915091230393878619,0.6114,0.6261682893032406,21,89489e360cfffff
915180923634971287,0.7413,0.7412849784636112,25,894898d9623ffff
915275072049552161,0.5836,0.5964997949818301,16,89489e371afffff
915546942787731609,0.1958,0.08462157288397387,9,89489e34043ffff
9157222,-0.0175,-0.015981586114740952,19,89489e3554fffff
915949349413225423,0.3464,0.7615941559557649,2,89489e34077ffff
915980469972640197,0.448,0.4212837628018928,10,89489e35423ffff
916018436666385767,0.0062,0.054782087666693666,18,89489e346cfffff
916019219926076146,0.2939,0.21690901635702914,11,89489e34477ffff
916189755825768279,0.7643,0.8628108680157909,2,894898dab4bffff
916200109058082050,0.7714,0.785409852911065,17,89489e22bb7ffff
916556042703818237,0.8001,0.8083095615219307,13,89489e3417bffff
916633410177752279,0.4241,0.7615941559557649,1,89489e3542fffff
916885133542280060,0.6711,0.6916990644763008,8,89489e370b3ffff
916900722767692042,0.7144,0.8290719639957822,3,89489e35e1bffff
916960751320833284,0.7039,0.7615941559557649,1,89489e32d93ffff
917355246136646947,0.0772,0.08462157288397387,9,89489e37023ffff
917408976977542029,0.574,0.5837791277658388,18,89489e350d7ffff
917515284265491697,0.4049,0.7615941559557649,1,89489e3741bffff
917621319746331964,0.6474,0.7615941559557649,1,89489e34b7bffff
917823,0.6609,0.6719948434903807,17,89489e274b7ffff
917932,-0.5961,-0.6049040129500645,49,89489e34673ffff
917990,0.7064,0.8628108680157909,2,89489e3444bffff
917990396419144836,0.7864,0.7907767306721356,8,89489e250abffff
918125230616910945,-0.0317,-0.43140543400789544,4,89489e37327ffff
918204,0.2875,0.27703585703422823,57,89489e36223ffff
9182645,-0.4901,-0.8122025119857779,4,89489e34663ffff
918274230145158068,0.7505,0.7615941559557649,2,89489e35ccfffff
9184089,0.7659,0.7953330599757735,6,89489e35e83ffff
918845898867119287,0.5285,0.7615941559557649,10,89489e343c7ffff
918978409468156188,0.5286,0.7615941559557649,1,89489e37283ffff
9194049,0.6171,0.6171294481803504,45,894898c3317ffff
919447076472644922,0.4443,0.2538647186519216,3,894898d9143ffff
919850725493166224,0.8021,0.8020808407797752,5,89489e35c37ffff
919900024798552575,0.2548,0.05060835603001301,4,89489ead9b3ffff
920193247081656609,0.7869,0.7615941559557649,1,89489e37213ffff
920227368848867604,-0.4983,-0.7615941559557649,1,89489e36353ffff
920240994846110624,0.7014,0.7868983339707714,8,89489e3733bffff
920248982973847068,0.6786,0.8122025119857779,4,89489e355c7ffff
920267763216260859,0.6819,0.8965497720357996,3,89489e3426bffff
920303088613976474,-0.0947,0.0,10,89489e36353ffff
920386301471124900,0.5197,0.48465082651730496,11,89489e37137ffff
920462401201038969,0.7166,0.7615941559557649,8,89489e34493ffff
920473904952326168,0.153,-0.7615941559557649,1,89489e35053ffff
920612067888802910,-0.805,-0.7615941559557649,1,89489e35023ffff
921068938186355988,0.7512,0.7527807992787054,49,89489e3568fffff
921075460388882910,-0.2463,0.0,2,89489e36353ffff
921107152586241742,0.4931,0.4839476167894658,15,89489e3588bffff
921141881787548173,0.4924,0.5414683413238519,6,89489e35633ffff
921143349414161920,0.628,0.7615941559557649,2,89489e3588bffff
921694408296437467,0.6464,0.6599976261256513,26,89489e35513ffff
921823946273830259,0.7033,0.8628108680157909,4,89489e35a33ffff
921978188580415809,0.8166,0.8328207311091165,18,89489e36677ffff
922011306289634677,0.7616,0.7615941559557649,1,89489e27127ffff
922419141539122125,0.7873,0.7953330599757735,6,89489e3604bffff
922435792129950355,-0.3047,-0.10897350546275442,2,89489e350abffff
922531638511440153,0.6714,0.7615941559557649,1,89489e351d3ffff
922540031379464565,0.7015,0.7615941559557649,2,89489e351d7ffff
922731322299590177,-0.2742,-0.317330898314902,12,89489e24137ffff
922780233270245870,0.5198,0.5077294373038432,6,89489e328abffff
923067885238730017,0.5788,0.7615941559557649,2,89489eac36fffff
923144018816144986,0.1964,-0.05060835603001301,4,89489e3518fffff
923170235423583866,0.5759,0.7615941559557649,1,89489e32dd7ffff
923233006059120566,0.7463,0.7953330599757735,6,89489e37137ffff
923265042339136215,0.2694,0.21238306930901493,11,89489ead977ffff
923744644322963438,0.7588,0.8122025119857779,4,89489ead92bffff
923819761440235302,0.7201,0.761594155955765,7,89489e27077ffff
923858056299555801,0.6393,0.6377733852253138,16,89489e36043ffff
923923263726208179,0.4758,0.7615941559557649,4,89489e350bbffff
9239771,0.0873,0.7615941559557649,1,89489e35127ffff
924117306854909013,-0.1939,0.0,4,89489e34673ffff
924128640271699046,-0.4448,-0.43916222741062383,4,89489e34673ffff
924472814795966986,0.7702,0.7818374983677701,10,89489e3440fffff
924532373946364856,0.4938,0.43140543400789544,4,89489e35b23ffff
924582567635900081,0.6347,0.7615941559557649,1,89489e36673ffff
924735414206829990,0.679,0.7615941559557649,3,89489e372a3ffff
924836539841761860,0.7616,0.7615941559557649,9,894898cb07bffff
924863336701866927,0.0918,0.06212897020396809,9,89489e37027ffff
924896854835945058,0.6731,0.6684007006498126,12,89489e32d83ffff
924914421979711370,0.6512,0.6854347403601884,10,89489e35423ffff
925248348423176226,-0.2266,-0.7615941559557649,3,89489e20113ffff
9252583,0.4896,0.7615941559557649,1,89489e358dbffff
925311777979650276,0.2285,0.0,2,89489e22b3bffff
925334834355265384,0.631,0.7615941559557649,2,89489e3766bffff
925474410914921499,0.7079,0.7615941559557649,4,89489e355cbffff
925896424191418887,-0.071,-0.006747780804001735,10,89489e346cfffff
926086446892830015,0.3332,0.7615941559557649,1,89489e271c7ffff
926172397338452337,0.6742,0.7615941559557649,1,89489e37663ffff
926333430920180750,0.6906,0.7615941559557649,4,89489e35287ffff
926455128689517955,0.589,0.7615941559557649,2,89489e2559bffff
927517999452917466,0.7616,0.7615941559557649,1,89489e2468fffff
927522532222028577,0.4888,0.5711956169668236,4,89489e22967ffff
927528931986460213,0.4488,0.42310786441986936,9,89489e3518fffff
927544677272429698,0.7696,0.7799971945121332,11,89489e35cafffff
927630529001926971,0.6387,0.7615941559557649,1,89489e274b7ffff
927770135262333104,0.5712,0.5711956169668236,8,89489e34c63ffff
9281212,0.1083,0.10829366826477038,15,89489e3730bffff
928141440727529835,0.5907,0.5752072453438606,6,894898d939bffff
928363230909152823,0.6787,0.7615941559557649,1,89489e35563ffff
928373041507350637,0.2876,0.2876036226719303,6,89489e37087ffff
928482143870379839,0.6998,0.7818374983677701,5,89489e20d27ffff
928508807764807539,0.7616,0.7615941559557649,2,89489e36357ffff
929056006339989028,0.3818,0.35217557674190203,16,89489e3730fffff
929226381813377349,-0.1259,-0.32134252669193897,3,89489e34077ffff
9294854,0.7225,0.7615941559557649,1,89489e27403ffff
929647511839545360,0.0,0.0,2,89489e26243ffff
929692591997420534,0.7269,0.7497032456985762,30,89489e35507ffff
929756171718017725,0.595,0.5414683413238519,6,894898caacbffff
929959332838291721,0.4416,0.3807970779778824,6,89489e20d27ffff
929974,0.7472,0.7615941559557649,3,89489e36237ffff
930331529890464073,0.7616,0.7615941559557649,1,89489e25593ffff
930372003314924075,0.6282,0.7615941559557649,4,89489e3636bffff
931225207328456118,0.7483,0.7615941559557649,11,89489e36447ffff
931371936378924074,0.5176,0.7615941559557649,1,89489e2730fffff
931667,0.6429,0.7615941559557649,1,89489e37163ffff
931889485284517841,-0.0482,-0.7615941559557649,2,89489e35177ffff
932231,0.6391,0.6372333613563975,20,89489e3404fffff
932445299314391462,0.6809,0.7615941559557649,1,894898caa0fffff
932472031424250410,0.6809,0.7615941559557649,1,894898caa0fffff
932533594015694629,0.5845,0.5964997949818301,8,89489e344afffff
932622796281155794,0.7456,0.7615941559557649,8,89489e3603bffff
932699073667926814,0.7616,0.7615941559557649,3,894898d824fffff
932737697004781000,0.6453,0.6469251474866224,21,89489e35e33ffff
933313248364637815,0.4329,0.42310786441986936,9,89489e36643ffff
933428459701039147,0.6569,0.6716764775171927,26,89489e3644fffff
933461758082259844,0.8194,0.8628108680157909,2,89489e27097ffff
933494526806232436,0.4165,0.4164698087494485,5,89489eadbc7ffff
933566601513905317,0.2241,0.0,2,89489e3462fffff
933868,0.4363,0.7615941559557649,1,89489e3714fffff
933938454811929678,0.5067,0.47599634747235303,8,89489eac823ffff
933965835213359277,0.7142,0.7615941559557649,1,89489e3580fffff
934351402155883303,0.7616,0.7615941559557649,1,89489e36547ffff
934647615884508129,0.5965,0.7615941559557649,1,89489e31b23ffff
934844930597445199,0.5496,0.5376717812534808,22,89489eac873ffff
934945294969776962,0.4621,0.2538647186519216,3,89489e22c87ffff
934990042170037687,0.6311,0.6295186671766171,20,894898cb06bffff
935410309079293746,-0.2341,-0.5077294373038432,3,89489e3546bffff
935505612040052675,0.7308,0.7905132165443438,7,89489e34417ffff
935555342435054562,0.4314,0.43140543400789544,4,89489e22dcbffff
935640659942096014,-0.2555,-0.7615941559557649,1,89489e250a7ffff
936155237241130185,-0.0164,-0.2538647186519216,6,89489e37323ffff
936202490935159524,0.6228,0.6227708863726154,15,894898c8e63ffff
936349,0.5598,0.5414683413238519,6,89489e24147ffff
936877242454859749,0.7683,0.7615941559557649,2,89489e344a7ffff
937004795789759080,0.7016,0.701559842874334,11,894898d825bffff
937157,0.5106,0.5272574925847603,13,89489e373a3ffff
937229199872683767,0.5415,0.5414683413238519,6,89489eacb87ffff
937279156922082387,0.7668,0.7696914929205669,25,89489e35ccfffff
937300926586455866,0.537,0.7615941559557649,1,89489e36643ffff
937595726620426069,0.7378,0.7378123354413876,15,894898c8087ffff
937937861893904407,0.0774,0.07415596769813976,13,89489e37413ffff
938470025699265742,0.7876,0.7905132165443438,7,89489e24c9bffff
938491338628503968,0.5225,0.5219326945323212,25,89489eadbc3ffff
938662628854674618,0.5862,0.614843612867823,9,89489e355c7ffff
938701056789201739,0.7717,0.7717158271617675,20,89489e20c97ffff
938974950430068125,-0.3491,-0.7615941559557649,3,89489e362cfffff
939111654898550921,0.7194,0.7276723767131215,9,89489e35a03ffff
939173118093931690,-0.213,-0.185975441360976,8,89489e346cfffff
939240,0.6928,0.6923583235961499,11,89489e35eafffff
939313902102207704,0.0151,0.1903985389889412,8,89489e34673ffff
939663868846716965,-0.3497,-0.7615941559557649,3,89489e342afffff
939842203198381785,0.7834,0.8083095615219307,13,89489e34453ffff
940002,0.692,0.8290719639957822,3,89489e375b3ffff
940558360730814569,0.7264,0.7615941559557649,6,89489e3447bffff
940609190892767037,0.7756,0.7615941559557649,2,89489e36583ffff
940617268824770923,0.8161,0.8628108680157909,2,89489e36583ffff
940640185996726955,0.7958,0.7967999688462086,23,894898da4cfffff
940796672412203340,0.7973,0.8628108680157909,2,89489e34437ffff
9408680,0.7616,0.7615941559557649,4,89489e36347ffff
940996765544943075,0.7938,0.8020808407797752,5,89489e32887ffff
941278519768075072,0.2163,0.4569564935734589,5,89489e374a3ffff
941297467001931172,0.1893,0.1893044585224766,11,89489e374a7ffff
941315779146619027,-0.1386,0.0,1,89489e374a3ffff
941320254249368836,0.4908,0.5077294373038432,6,89489e374afffff
941581717238204428,0.749,0.7615941559557649,2,89489e24c47ffff
941967334650198927,0.559,0.7615941559557649,3,89489e36287ffff
941987440999816839,0.6474,0.7615941559557649,1,89489e366abffff
942734,0.2329,-0.2538647186519216,3,89489e34047ffff
942752555870381385,-0.0447,-0.15231883119115297,5,89489e3557bffff
942883,0.5117,0.4994781937042813,37,89489e35cd3ffff
9430475,0.2717,0.20770749707884495,11,89489e35aafffff
9434045,0.7821,0.8122025119857779,6,89489e37147ffff
943410339390077830,0.5077,0.5077294373038432,6,894898cacbbffff
943472027139535291,0.7616,0.7615941559557649,1,89489e31b6bffff
943543081962379704,0.7584,0.8020808407797752,5,89489e3414fffff
943586359652370606,0.5068,0.7615941559557649,1,89489e3469bffff
943588928992794479,0.3007,0.2538647186519216,9,89489e3711bffff
943659465397145378,0.7168,0.7615941559557649,6,89489ead823ffff
943954088634783937,-0.1046,-0.294351403475932,5,89489e22c4bffff
944045362485563722,0.8502,0.9640275800758169,1,89489e22c53ffff
944101719993848174,0.2157,-0.7615941559557649,1,89489e31b23ffff
944130011875982256,0.7289,0.7615941559557649,4,89489ead33bffff
944156894640610027,0.6195,0.7615941559557649,1,89489e3416bffff
944195529411134199,0.5827,0.7615941559557649,1,89489e3551bffff
944287425329736218,0.6335,0.7056780827721936,10,89489e37527ffff
944801662585694217,0.33,0.7615941559557649,3,89489e24137ffff
944822388627180674,0.6707,0.6715426863336187,22,894898da86bffff
944825108905517040,0.7226,0.8290719639957822,3,89489eaca63ffff
944845844797113255,0.622,0.6092753247646119,10,894898da86bffff
944852740509703597,-0.2836,-0.43916222741062383,4,89489e34267ffff
944877691632474911,-0.166,-0.7615941559557649,1,89489e344dbffff
944997442801467792,0.6252,0.6225673256619251,19,894898d964fffff
9451888,0.1894,0.0,2,89489e3664bffff
945558801615215221,0.4998,0.4569564935734589,5,89489e32c67ffff
945628067338865103,-0.4004,-0.21979663923117032,3,89489e27113ffff
945811186670434700,0.5056,0.5077294373038432,18,89489e35cc3ffff
946305944578941038,0.7914,0.7913637771498901,17,894898cb227ffff
947063730228941307,0.7616,0.7615941559557649,4,89489eac363ffff
9471596,0.7223,0.7215959512828459,47,89489e35eabffff
947179636181604249,0.6664,0.7615941559557649,1,89489e31863ffff
947212669703405088,0.4302,0.40770245523688003,13,89489e3720fffff
947291621928665690,-0.7616,-0.7615941559557649,1,89489e22c17ffff
947412,0.7492,0.7615941559557649,12,89489e36447ffff
947945247165173388,-0.2538,-0.38347149689590704,9,89489e3728bffff
948100349598297355,0.3571,0.15231883119115297,5,89489e3710fffff
948110367013568677,0.4246,0.2538647186519216,3,89489e37107ffff
948116820220969536,0.661,0.6497620095886223,10,89489e3710fffff
948784858454864250,0.4125,0.3807970779778824,12,89489e350cbffff
9490527,0.1414,-0.05060835603001301,2,89489e3468fffff
949071952369378793,0.7768,0.7615941559557649,1,89489e31b2bffff
9491998,-0.4576,-0.5731420921987472,26,89489e37373ffff
949305294902606277,0.42,0.0,1,89489e371dbffff
949451151710863602,0.7537,0.7615941559557649,5,89489e24c47ffff
949603719841462121,0.7616,0.7615941559557649,1,894898d861bffff
949922,0.6506,0.6527770650279238,115,89489e353cbffff
949933495136419342,0.684,0.7043511534838041,8,894898daa9bffff
950067656786826757,0.5718,0.6334361206434347,14,89489e309b7ffff
950309476505622795,0.7616,0.7615941559557649,1,89489e35273ffff
950328572891612529,0.964,0.9640275800758169,1,89489ead24bffff
950648658026890555,0.4712,0.3807970779778824,4,89489e3587bffff
950698238128190216,0.7236,0.7818374983677701,10,89489e34043ffff
950787246560798179,0.7965,0.9640275800758169,1,89489e24c47ffff
950950391086389130,0.4297,0.4164698087494485,10,89489e2559bffff
951534634877337251,0.2329,0.0,1,89489e27363ffff
951565225013807986,0.7135,0.7615941559557649,2,89489e22113ffff
951639085484720168,0.5966,0.5923510101878171,9,89489e366abffff
951718097261923757,0.4617,0.2876036226719303,4,89489e35b63ffff
951727616855863805,0.8628,0.8628108680157909,2,89489e2469bffff
952159206814306002,0.7616,0.7615941559557649,9,89489e26eafffff
952207404339593790,0.5671,0.5823955310249966,17,89489e35193ffff
952337501615774074,0.3294,-0.7615941559557649,1,894898c8e7bffff
952389685751962537,0.4829,0.4662477879609366,11,89489e371a7ffff
9525147,0.0401,-0.012652089007503253,16,89489e345abffff
952609405479454448,0.8021,0.8020808407797752,5,89489eac38bffff
952616691488116297,0.6136,0.7615941559557649,1,89489e35e0bffff
952831627807153062,-0.0173,-0.32488100479431115,5,894898ca32fffff
952864123860907130,0.4784,0.5077294373038432,6,89489e3736bffff
952953770494689792,0.7616,0.7615941559557649,2,89489e351bbffff
952957244709191912,0.0,0.0,2,89489e351a3ffff
952982541156155649,-0.5812,-0.6373362155478287,18,89489e355b7ffff
953006859008671713,0.8628,0.8628108680157909,2,89489eac863ffff
953071,0.5314,0.6295186671766171,10,89489e3736fffff
953151281148022785,0.3505,0.2763573213319274,9,89489e3550fffff
9532484,0.5879,0.7615941559557649,1,89489e3710bffff
953706177722379179,0.1558,0.0,3,89489e3542fffff
953726873550192748,0.4343,0.7615941559557649,1,89489e35e0fffff
953790421313134013,0.478,0.43140543400789544,4,89489e3754bffff
953843790329551804,0.7616,0.7615941559557649,10,89489e27383ffff
953896858496188833,0.4384,0.4349439121102676,30,89489e27487ffff
954116,0.6952,0.6966993292224548,54,89489e373b7ffff
954323894674447673,0.4736,0.4886484364798563,16,89489eadb73ffff
954370676356729950,0.5203,0.572914886271268,7,89489e351b3ffff
954398309066666442,0.471,0.4496561908404408,14,89489e3518bffff
954488042588913314,0.6474,0.7615941559557649,2,89489eade3bffff
954615003229605260,0.6664,0.7615941559557649,3,89489eade3bffff
954942863450302846,0.7659,0.7690916901824335,27,894898c8563ffff
955016309930550005,0.0765,-0.2538647186519216,3,89489e355abffff
955131720739440036,0.3121,0.9640275800758169,1,89489e350bbffff
955207549844634091,0.7616,0.7615941559557649,1,89489e255d7ffff
955243158076898349,0.4928,0.7615941559557649,1,89489e2733bffff
955382365490193361,0.5077,0.5077294373038432,3,89489e2702bffff
955612,-0.4165,-0.4244266155617122,39,89489e370c7ffff
955796786117485465,0.3788,0.3263974954096135,7,89489e37327ffff
955817149418023574,0.3807,0.7615941559557649,1,89489e3713bffff
955817653352690924,0.3807,0.7615941559557649,1,89489e3713bffff
955833527387385803,0.6352,0.6351854608214135,7,89489e3456bffff
956421573166823765,-0.0454,0.0,2,89489e342abffff
956493568741278535,-0.0913,-0.7615941559557649,1,89489e24843ffff
956708,0.7015,0.7615941559557649,6,89489e35c43ffff
957463050069566313,0.4429,0.7615941559557649,1,89489e37363ffff
957501398252197754,0.8021,0.8020808407797752,5,89489eac383ffff
957508244068112585,0.5599,0.5279727797158484,15,89489e36677ffff
957873171168274017,0.6567,0.8122025119857779,4,89489e371bbffff
958183359204499117,0.6768,0.6916990644763008,16,89489e34487ffff
958205544348936215,0.5992,0.7615941559557649,3,89489e3427bffff
958213391901441713,0.3271,0.2538647186519216,3,89489e34263ffff
958217482868685830,0.3942,0.3301887219478694,2,89489e3427bffff
958239982456812347,0.7616,0.7615941559557649,1,89489e31833ffff
958463106237551765,0.6103,0.5923510101878171,9,89489e344b3ffff
958633955096932932,0.6499,0.7615941559557649,2,89489e3556fffff
958651068436909067,0.707,0.7615941559557649,2,89489e351a7ffff
958680236374407322,0.825,0.8290719639957822,6,89489eacb6bffff
958756696050905068,0.4596,0.34512434720631635,5,894898c9c3bffff
958897347726645034,0.6976,0.8223241831917804,5,89489e34063ffff
959000959439263300,-0.1456,-0.1893044585224766,11,89489e27407ffff
959270,0.6958,0.6969840166100005,126,89489e3440bffff
959328438288766178,0.5081,0.7868983339707714,4,89489e22d8bffff
959351716013756209,0.4614,0.43140543400789544,8,894898d96abffff
959630,0.6967,0.6994297187892343,58,89489e3440bffff
959781915024429962,0.3978,0.7615941559557649,1,89489e34237ffff
960120756381955147,0.535,0.7615941559557649,1,89489e35acbffff
960157020347567311,0.6968,0.7615941559557649,1,89489e3443bffff
960159031814159328,0.6944,0.7615941559557649,2,89489e3586fffff
960266654113052148,0.3773,0.3539703550030358,11,89489e2442fffff
960315,-0.0886,-0.0951992694944706,40,89489e35e3bffff
960808900952371595,0.5532,0.5077294373038432,6,89489e3440bffff
960831461442552532,0.6934,0.7615941559557649,3,89489eaca37ffff
960864265762672844,-0.1595,-0.43519666054615136,7,89489e35207ffff
961017093481893157,0.4504,0.3384862915358955,3,89489eacb2fffff
961500280334368729,-0.1904,-0.7615941559557649,1,89489e3513bffff
961547685039669752,0.8021,0.8020808407797752,5,89489e27583ffff
961634942887648216,0.6756,0.761594155955765,7,89489e34397ffff
961725595449789394,0.7289,0.7615941559557649,3,89489e3640bffff
962200498139760784,0.7329,0.7868983339707714,8,89489e2700bffff
962301539764360743,0.651,0.6644556881106122,16,89489e3717bffff
962420161785449470,0.6813,0.7840867586357706,9,89489e35a17ffff
962477061169480016,0.7727,0.8122025119857779,4,89489e22b33ffff
962488376280992341,0.4237,0.7615941559557649,1,89489e358d3ffff
962489421923671159,0.4391,0.7615941559557649,1,89489e26a67ffff
962534603271030489,0.3735,0.4569564935734589,5,89489eadb4bffff
963096894228517317,-0.125,-0.7615941559557649,1,89489e3462bffff
963128867674676699,0.179,0.15231883119115297,5,89489e371abffff
963217785379491056,0.3877,0.18638691061190427,3,89489e2700bffff
963309506170273231,0.4385,0.42310786441986936,9,89489e37073ffff
963312503288633021,0.5077,0.5077294373038432,3,89489e2702bffff
963375069866518665,0.6847,0.7615941559557649,6,89489e3530bffff
963646003031605226,0.629,0.7615941559557649,3,89489e37067ffff
963646041651938715,-0.2385,-0.2538647186519216,6,89489e3706fffff
963646049132216271,0.2979,0.0,2,89489e37067ffff
963665387165366181,-0.4293,-0.7615941559557649,2,89489e3706fffff
963685965673959202,0.1227,0.0,2,89489e3736fffff
963725862626373596,0.3263,0.3807970779778824,4,89489e3713bffff
963738479224893241,0.3822,0.18638691061190427,3,89489e37333ffff
963767269992853852,0.2897,0.21759833027307568,7,89489e35053ffff
963785411111256572,0.3808,0.3807970779778824,4,89489e2298fffff
963800957152156333,0.4681,0.46809306977988085,9,89489e360afffff
9638144,0.3984,0.10121671206002603,2,89489e241d7ffff
963937615997919665,0.1806,-0.7615941559557649,1,894898c8323ffff
963966379827102026,0.4873,0.4873215071914667,10,894898d91b7ffff
964091063216845050,0.7455,0.7615941559557649,1,89489e35807ffff
964810506500269958,0.7785,0.8425675256037856,5,89489e3635bffff
965074280718259040,-0.0254,-0.2538647186519216,3,89489e265d7ffff
965074363676177735,0.4824,0.7615941559557649,3,89489e265d7ffff
965093587241190243,0.7151,0.7615941559557649,8,89489e265c3ffff
965145919347700508,0.4158,0.7615941559557649,1,89489e37393ffff
965918629524235851,0.6893,0.7615941559557649,3,89489e31807ffff
965940011486580805,0.7065,0.7615941559557649,3,89489e35073ffff
966161917795439770,0.7854,0.785409852911065,17,894898d80d3ffff
966231642881386465,0.5514,0.7615941559557649,2,89489e34693ffff
967451,0.7742,0.7742462449632681,16,89489e3442fffff
967468605103161056,0.7772,0.7771659578111534,13,89489e20dc3ffff
968074140247140360,0.5452,0.7615941559557649,2,89489e37123ffff
968089397092515751,0.7243,0.7615941559557649,3,89489e34463ffff
968115058383066476,0.728,0.7615941559557649,5,89489e26a6bffff
968243460291763755,0.5697,0.5439958256826892,7,89489e22d83ffff
968365367836074597,-0.0713,-0.07134546154313215,5,89489e3502fffff
968757086917202123,0.6201,0.7615941559557649,1,89489e3550fffff
968817,0.2507,0.0,4,89489e36647ffff
968883,0.6491,0.645908097969807,18,89489e373b7ffff
968914351329465376,0.457,0.4569564935734589,5,89489e32c2bffff
968954719185770874,0.7108,0.7615941559557649,8,89489e3556fffff
969040275703008216,0.7108,0.7107613621525183,22,89489e36467ffff
969090225060567467,0.7066,0.7615941559557649,5,89489e22dc3ffff
9693101,0.1034,0.10344805061951533,26,894898da80fffff
969489998611694972,0.5449,0.7615941559557649,2,89489e34263ffff
969539358099573274,0.4896,0.7615941559557649,1,89489e358dbffff
969620881612705223,0.0913,-0.2538647186519216,3,89489e35403ffff
969648777707686868,0.0141,-0.3807970779778824,4,89489e355cfffff
970182056991435402,0.0964,0.09640275800758169,10,89489e22dd7ffff
970969410138394673,0.62,0.6522117251979569,13,89489e35193ffff
971232060396361110,0.2539,0.2538647186519216,3,89489e35313ffff
971245309005079576,0.457,0.4569564935734589,5,89489e2646fffff
971277478142619225,0.7283,0.7615941559557649,1,89489e36343ffff
9713167,0.7303,0.7728404572957677,18,89489e34397ffff
971320758133542972,0.7066,0.7615941559557649,1,89489e3665bffff
971583429291482288,0.3994,0.28439431997030074,5,89489e265c3ffff
971583439391301495,0.6178,0.5873744165655574,7,89489e265d3ffff
971583506326664592,-0.0591,-0.32134252669193897,3,89489e265d7ffff
971602870651197040,-0.038,-0.7615941559557649,1,89489e265d7ffff
971659837287184393,-0.037,-0.08033563167298474,12,89489e22d8bffff
971830832223834127,0.7616,0.7615941559557649,4,894898ca0bbffff
972560187023763228,0.5851,0.60359731152782,9,89489e34043ffff
972659930381772029,0.3839,0.2538647186519216,3,89489e32dd7ffff
973130833043282544,0.7308,0.7868983339707714,8,89489e35c43ffff
973194453143661918,0.316,0.3277761232417066,11,89489e22d9bffff
973237754385355923,-0.041,0.7615941559557649,1,89489e3721bffff
973283058447503982,0.7108,0.7615941559557649,3,89489e270c7ffff
973289551456243799,-0.4042,-0.7615941559557649,1,89489e346cfffff
973861068087887577,0.6664,0.7615941559557649,1,89489e35edbffff
973880639251865473,0.678,0.6790469754687976,16,89489e35337ffff
973897159428898174,0.4061,0.40610125599288893,16,894898d966bffff
973904167369197808,0.6813,0.7615941559557649,3,89489e35ecbffff
973936666998083799,0.8122,0.8122025119857779,4,89489e30933ffff
973969423460511272,0.6528,0.7615941559557649,3,89489e27367ffff
973991003855496756,0.6276,0.7615941559557649,8,894898c808fffff
973998173910148644,0.2021,0.10879916513653784,7,89489e3736bffff
974032072641156520,0.6089,0.7615941559557649,1,89489e35577ffff
974217757210180017,0.7616,0.7615941559557649,1,89489e22b17ffff
974685873744188974,0.7029,0.7056780827721936,20,89489e32d93ffff
974696826469181909,0.3878,0.0,2,894898daa6bffff
974712064299290750,0.66,0.6981279762927844,12,894898d9603ffff
974761930785930443,0.1641,0.15231883119115297,5,89489e3558bffff
974793,0.1851,-0.2538647186519216,3,89489e34687ffff
974917930198728065,0.627,0.5923510101878171,9,89489e24c0bffff
974926152394665983,0.7785,0.7799971945121332,11,89489e36293ffff
974937660563107068,-0.2694,-0.2538647186519216,3,89489e346cfffff
975346961114759374,0.7616,0.7615941559557649,1,89489e35a57ffff
975347020637896434,0.6819,0.7615941559557649,3,89489e3444bffff
975354997843608134,0.2558,0.7615941559557649,1,89489e3462bffff
975372427607545640,-0.4042,-0.7615941559557649,1,89489e346cfffff
975405816363594973,-0.0805,0.7615941559557649,1,89489e346c3ffff
975448909455244713,-0.0537,0.2538647186519216,3,89489e346c3ffff
975462460219449345,0.6265,0.6415255297929032,11,89489e3519bffff
975520169460860297,0.7108,0.7615941559557649,3,89489e270c7ffff
975536549265419343,0.6245,0.9640275800758169,1,89489e3702fffff
975608623790321789,0.6489,0.7615941559557649,10,89489e34053ffff
975691198395626815,0.7503,0.8122025119857779,4,89489e3532fffff
976014161068147126,0.7892,0.7891987137903175,22,894898d8cabffff
976373861939249401,0.7416,0.7436687976152565,24,89489ead323ffff
976793150149296479,0.6884,0.7615941559557649,4,89489e34473ffff
976810489807743834,0.7116,0.7071945733874959,14,89489e35373ffff
976820442315541146,0.7789,0.7615941559557649,2,89489e27097ffff
977465856324652171,0.7363,0.7615941559557649,5,89489e35897ffff
977479875902580121,0.6945,0.8020808407797752,5,89489e350d7ffff
977492,0.7176,0.7225578243251783,112,89489e37377ffff
977557701622110945,0.7705,0.7750897175637683,15,894898daad3ffff
9776221,-0.1366,-0.9068921632394374,3,89489e35183ffff
977707622800236955,0.5856,0.5923510101878171,9,89489eac867ffff
977707763581153760,0.4794,0.3807970779778824,4,89489e36283ffff
977756103664666836,0.0879,-0.15231883119115297,5,89489e3441bffff
977875162918505761,0.6908,0.9640275800758169,1,89489e3404bffff
977906,0.7023,0.7615941559557649,2,89489e35cd3ffff
978071674429273620,0.1332,0.7615941559557649,1,89489e34267ffff
978096155589139387,-0.0783,-0.3301887219478694,2,89489e3720bffff
978140359055637901,0.6516,0.5923510101878171,3,89489e223abffff
978222936585115160,0.7398,0.761594155955765,7,89489e35c2fffff
978338895483335834,0.594,0.6014134602829,13,89489e3542bffff
978362603986870331,-0.2057,-0.7615941559557649,4,89489e35103ffff
978369129441451005,0.3593,0.2538647186519216,3,89489e3426fffff
978528234448135408,0.5814,0.572914886271268,7,89489e37387ffff
978571382592299408,0.5485,0.5245988893138476,12,89489e3440bffff
978631457017700299,0.6928,0.7818374983677701,10,89489e35117ffff
978885192069940196,0.0718,-0.7615941559557649,1,89489e36207ffff
978916110676451785,0.4292,0.3807970779778824,4,89489e35c7bffff
978916552900280498,0.5608,0.7615941559557649,1,89489e35c7bffff
978916827554377944,0.7173,0.8290719639957822,6,89489e35c7bffff
978917016353183649,0.2551,0.11183214636714256,5,89489e35c7bffff
978930895260393610,0.5744,0.5803140733177189,17,89489e355cfffff
979679752224609466,0.6645,0.7615941559557649,2,89489e3404bffff
979688191395461758,0.5222,0.5711956169668236,4,89489e362b3ffff
979698145262468534,0.7077,0.7615941559557649,6,89489e3404bffff
979712885008731358,0.6645,0.7615941559557649,2,89489e3404bffff
979719076617249675,0.1141,-0.5077294373038432,2,89489e35513ffff
979744113188749299,0.7752,0.8628108680157909,2,89489e27003ffff
979821571502035707,0.3826,0.2538647186519216,3,89489e3702fffff
980007600877963414,0.7617,0.8290719639957822,3,89489e35a03ffff
9803347,0.6619,0.7615941559557649,2,89489e37107ffff
980415271840043569,0.2836,0.2855978084834118,8,89489e35547ffff
980424,0.1828,0.1269323593259608,12,89489e35593ffff
980450291880424921,0.7331,0.7760536862500543,7,894898caacfffff
980532615727187377,0.7673,0.7905132165443438,7,89489e3402bffff
980657878645009154,0.5096,0.4569564935734589,5,89489e34423ffff
980695598307202293,-0.7616,-0.7615941559557649,2,89489e3466bffff
980761521155055318,0.3046,0.0,2,89489e25437ffff
980840964802323705,0.6646,0.7615941559557649,1,89489e35e5bffff
981262405658995112,0.4007,0.3762590225780116,17,89489e22dc7ffff
981327054764936644,0.7387,0.7615941559557649,1,89489e24c0bffff
981513778968233617,0.797,0.7905132165443438,7,89489e26d4fffff
981558975653555077,0.5712,0.5711956169668236,4,89489e26d47ffff
981792304256293913,0.0333,-0.04301236398736252,13,89489e35573ffff
981821642438918460,0.694,0.7170032424913073,8,894898caacfffff
981853647260879977,0.7616,0.7615941559557649,6,894898cb27bffff
981889317120319918,-0.1658,-0.22012581463191294,6,89489eace73ffff
981928,0.6982,0.7107613621525183,22,89489e35ec7ffff
981954021205999698,0.6576,0.6555473580660734,23,89489e351cfffff
981981129828769822,0.7432,0.7905132165443438,7,894898caacfffff
982199187558851798,0.6917,0.6916990644763008,8,89489eadeabffff
982576074233196335,0.7138,0.761594155955765,7,89489e3444bffff
982615810935325657,0.6658,0.6471081510118432,8,89489e31b27ffff
982629413399925202,-0.0728,0.0,2,89489e373bbffff
982652100299392212,0.7616,0.7615941559557649,4,89489e3643bffff
982811872812087799,0.7616,0.7615941559557649,2,89489e353c7ffff
982827570930085679,0.4602,0.42073713025186193,14,89489e3440bffff
983063795887170320,-0.0595,0.0,6,89489e3468bffff
983298252349381874,0.7252,0.8487729603259684,5,89489e22d37ffff
983312288692859737,0.3162,0.0,2,89489e37133ffff
983365469963730870,0.5738,0.7615941559557649,4,89489e365d3ffff
983370570817366914,0.437,0.4456004670998751,9,89489e34693ffff
983387956408595788,0.5008,0.48465082651730496,11,89489e371dbffff
983582223511952589,0.2875,0.20770749707884495,11,89489e3716fffff
9836169,0.7806,0.7615941559557649,1,89489e248bbffff
983770698573788844,0.4148,0.7615941559557649,2,89489e3558bffff
984054350077244817,0.4073,0.4339910318088049,12,89489e37393ffff
984111355194941021,0.2555,0.1886792696844968,7,89489e3712bffff
984218460168529574,0.34,0.2763573213319274,9,89489e35e93ffff
984305480925662711,0.535,0.7615941559557649,1,89489e35acbffff
984394794079424896,0.6149,0.5964997949818301,8,894898caac7ffff
984447653409180224,0.7616,0.7615941559557649,6,89489e36023ffff
984507401128496427,0.8021,0.8020808407797752,5,89489e274d7ffff
984811726175471699,0.3808,0.3807970779778824,4,89489e34517ffff
984982326604354036,0.1967,0.0,2,89489e3714fffff
985394307781626790,0.6552,0.652794990819227,14,89489e35027ffff
985426,0.3511,0.30463766238230594,5,89489e350b3ffff
985486634871340338,0.5712,0.7615941559557649,1,89489e352abffff
985601491006853872,0.6148,0.614843612867823,9,89489e35617ffff
985622686294102528,0.6408,0.64076496851662,15,89489e356bbffff
985630546871798195,0.2245,-0.7615941559557649,1,89489e376c3ffff
986160924374067263,0.497,0.7615941559557649,1,89489e36243ffff
986211937776154803,-0.2332,-0.4442632576408629,12,89489e350b7ffff
986241124566632822,0.8122,0.8194322771329227,7,89489e358afffff
9863002,0.4026,0.32134252669193897,3,89489e35207ffff
986684,0.5488,0.7615941559557649,2,89489e3559bffff
986728180180072647,0.6773,0.7615941559557649,2,89489e344bbffff
986965478331592646,0.7616,0.7615941559557649,2,89489e32833ffff
986973954337074066,0.7616,0.7615941559557649,1,89489e26e47ffff
987055847809749185,0.257,0.4569564935734589,5,89489e34267ffff
987343562347586766,-0.108,-0.2538647186519216,6,89489e3558bffff
987748687763267318,0.7529,0.7615941559557649,1,89489e3520fffff
987786132063085995,0.7016,0.7253277675769189,21,89489e35103ffff
987798819664826081,0.1822,-0.0389100996218276,6,89489e3605bffff
987867182060388848,0.7616,0.7615941559557649,2,894898d9657ffff
988086190474859442,0.1812,0.13387090508013788,22,89489e35513ffff
988130540340646540,0.8398,0.9640275800758169,1,89489e20d6fffff
988344900844700353,0.2452,0.19441016736597816,6,89489e342b7ffff
988353422791210441,0.5423,0.4569564935734589,5,89489e32d93ffff
988391314476844374,-0.1133,-0.2538647186519216,3,89489e3423bffff
988744562121604534,0.2938,0.2538647186519216,6,89489e3462fffff
988871738491424986,0.8122,0.8122025119857779,4,89489e250bbffff
988976751076662787,0.1449,0.7615941559557649,1,89489e34663ffff
988998073220275672,-0.1944,-0.9640275800758169,1,89489e342afffff
989134279687447461,0.6036,0.7615941559557649,2,89489e3732bffff
989186159580097194,0.4477,0.40610125599288893,8,89489ead967ffff
989219952699911052,0.7616,0.7615941559557649,1,89489e26a63ffff
989237651915751533,0.2,0.10879916513653784,7,89489e36683ffff
989840100329915002,0.5712,0.3807970779778824,1,89489e31863ffff
989908188450036567,0.68,0.6839026919680309,17,89489e37177ffff
989932621131285136,0.5108,0.32134252669193897,3,89489e365cbffff
990060545479715624,0.693,0.7615941559557649,1,89489e20d3bffff
990073134905344925,0.6632,0.7840867586357706,9,89489e37393ffff
9902174,0.7413,0.7415858347836334,90,89489e35cafffff
990219186513520787,0.648,0.6755694279810398,13,89489e35513ffff
9903299,0.5712,0.7615941559557649,3,89489e35b33ffff
990534451231367364,0.4075,0.3888203347319563,3,89489e35923ffff
990619521652716983,-0.5567,-0.7615941559557649,9,89489e355b3ffff
990742038930621825,-0.1738,-0.9640275800758169,1,89489e3720bffff
990775687173255618,0.7616,0.7615941559557649,1,89489e2446bffff
990847799018802009,0.6924,0.7389186780531243,27,89489e34053ffff
990891138790318027,0.7472,0.8122025119857779,4,89489e3622bffff
990903114677179859,0.6664,0.7615941559557649,1,89489e31863ffff
991304194046871506,0.4069,0.4641157211347302,7,89489e34053ffff
991442188597312186,0.7274,0.7784636079657692,12,89489e3551bffff
991573792511414993,0.433,0.4569564935734589,5,89489eadb73ffff
992071025526358703,0.5752,0.5752072453438606,6,89489e220a3ffff
992114932417289196,0.5865,0.5865150396440948,29,89489e3752bffff
992170819200713495,0.7616,0.7615941559557649,1,89489e22b17ffff
992173643865437233,0.4896,0.3807970779778824,4,89489e34497ffff
992177433453614816,0.6231,0.7576625136197959,9,89489e34057ffff
992625877731296298,0.6104,0.7615941559557649,1,89489e371dbffff
992716812992354497,0.1106,-0.11183214636714256,5,89489e35ac7ffff
992771267887716014,0.6947,0.7056780827721936,10,89489e37177ffff
992909500636332221,0.7052,0.7615941559557649,3,89489e3655bffff
992966983003134079,0.5734,0.5439958256826892,7,89489e355c3ffff
993010222727145131,0.4134,0.4974431783974693,5,89489e34053ffff
993133108372511660,0.2539,0.2538647186519216,3,89489e374b7ffff
993342744707989252,0.3833,0.3817598687883713,25,89489e2651bffff
993400732520821112,-0.1904,-0.1903985389889412,4,894898c8387ffff
993416218097523188,0.523,0.7615941559557649,3,89489e309b7ffff
9935362,0.7724,0.780873529681484,21,894898cb23bffff
993652146403870111,0.4284,0.4569564935734589,5,89489e309a7ffff
993661465277587492,0.186,0.32134252669193897,3,89489e3621bffff
993707701161159419,0.8628,0.8628108680157909,2,894898db24bffff
993761230020911222,0.7005,0.7005349533190066,5,89489e34aafffff
993809850738514021,0.0664,-0.19280551601516338,5,89489e3732bffff
993907219683132945,0.4951,0.4908599852938389,6,89489e35457ffff
994153358425104824,0.6445,0.6640025498645151,9,89489e3752bffff
994174329168629885,0.605,0.6092753247646119,10,89489e34473ffff
994184110349186045,0.7616,0.7615941559557649,8,89489e35bafffff
994197887724861437,0.7616,0.7615941559557649,4,89489e26d73ffff
994203827119335931,0.7616,0.7615941559557649,4,89489eaca23ffff
994206628981666298,0.3462,0.34617916179807495,11,89489e24c53ffff
994230127433908210,0.4278,0.0,2,894898cb23bffff
994241515802648086,0.1292,-0.15231883119115297,5,89489e36083ffff
994326447703174533,-0.3482,-0.36713277560148405,10,89489e346cfffff
994348917690919438,0.399,0.614843612867823,9,89489e343c7ffff
994446028602263907,0.5891,0.5752072453438606,6,89489e31807ffff
994798594441053361,-0.0326,-0.43140543400789544,4,89489e35507ffff
994891443428671223,0.5485,0.5331159091690354,10,89489e35e1bffff
994979860051508314,0.7052,0.7615941559557649,6,894898c8577ffff
995000869195501536,0.6822,0.6727209309650459,16,89489eacb8fffff
995086367836935527,0.7616,0.7615941559557649,2,89489eacabbffff
995194088450088355,0.3985,0.3807970779778824,22,89489e35513ffff
995224983148713584,0.7616,0.7615941559557649,3,89489e34127ffff
995795884978025524,0.4936,0.3807970779778824,2,89489e36263ffff
995844634110976203,0.6889,0.7615941559557649,1,89489e35813ffff
995902184340300702,0.1875,0.0,2,89489e35533ffff
995910614985570914,0.4877,0.5077294373038432,9,89489e35177ffff
995911787722057725,-0.3686,-0.10121671206002603,2,89489e355dbffff
996295285561596532,0.4786,0.7615941559557649,1,89489e34293ffff
996385589578823026,-0.1294,-0.2763573213319274,9,89489e3542fffff
996393536838536733,0.4947,0.7905132165443438,7,89489e354a7ffff
996395801467959027,0.7599,0.8194322771329227,7,89489e344bbffff
996405954891583108,0.5367,0.6684007006498126,6,89489e34053ffff
996487458603823581,0.5588,0.572914886271268,7,89489e3518fffff
9968110,0.6093,0.7615941559557649,2,89489e342b3ffff
997017739397283262,0.0,0.0,2,89489e30ad7ffff
997054758518821023,-0.7125,-0.7953330599757735,6,89489e355dbffff
997137462069243150,-0.3068,-0.7615941559557649,1,89489e346cbffff
997702231675817542,0.7294,0.7712338428186245,21,89489e35403ffff
997854600061842094,0.7616,0.7615941559557649,6,89489e27383ffff
997952249845239058,0.6694,0.6755694279810398,13,89489e360b3ffff
998336760553447228,0.2409,0.30463766238230594,10,89489e350c3ffff
998473159139227716,0.7734,0.7771659578111534,13,89489e34343ffff
998528243481162180,0.1329,0.7615941559557649,2,89489e34653ffff
998590786891653294,0.4974,0.4974431783974693,5,89489e245d7ffff
998624583466530170,0.7174,0.7868983339707714,8,89489e35553ffff
998660978227799643,-0.118,-0.7615941559557649,2,89489e358d3ffff
998797322386494157,0.5352,0.7615941559557649,2,89489e34293ffff
998927500137017626,0.3969,0.7615941559557649,1,89489e24007ffff
998927512008911381,0.3969,0.7615941559557649,1,89489e24007ffff
998927524967187181,0.2646,0.2538647186519216,3,89489e24007ffff
998927537403701426,0.4475,0.9640275800758169,1,89489e24007ffff
998927549751518093,0.0107,-0.2538647186519216,3,89489e24007ffff
999296562019512845,0.637,0.6937871725150049,15,89489eadb43ffff
999354402375452238,0.7616,0.7615941559557649,3,89489e2636bffff
999355052712961791,-0.4442,-0.7615941559557649,2,89489e34223ffff
999392976175079147,0.5069,0.4908599852938389,6,89489e3588bffff
999463364304119916,0.1843,0.2538647186519216,6,89489e35c93ffff
999823,0.604,0.6187998662933513,39,89489e3712bffff
