name,category,type,latitude,longitude
The Elephant Room,amenity,bar,30.2656227,-97.7434984
Starbucks,amenity,cafe,30.2682668,-97.7429695
Starbucks,amenity,cafe,30.271876,-97.7411784
Subway,amenity,fast_food,30.1638137,-97.7905315
La Palapa,amenity,restaurant,30.3221769,-97.6932173
Pappasitos,amenity,restaurant,30.3269188,-97.704881
Chinatown,amenity,restaurant,30.3565687,-97.7473599
Thundercloud Subs,amenity,fast_food,30.2781347,-97.7720326
Galaxy Cafe,amenity,restaurant,30.2794133,-97.7600581
Thundercloud Subs,amenity,fast_food,30.2435659,-97.7818316
Phoenicia Bakery & Deli,amenity,fast_food,30.24346,-97.7831233
Giovanni Pizza Stand,amenity,restaurant,30.2437468,-97.7828277
El Alma South (Westgate),amenity,restaurant,30.2316672,-97.8001648
Sap's Fine Thai Cuisine,amenity,restaurant,30.2314518,-97.8008555
Starbucks,amenity,cafe,30.2026426,-97.878822
Starbucks,amenity,cafe,30.4019908,-97.7263957
Upper Crust Bakery,amenity,cafe,30.3158003,-97.7416401
Pacha,amenity,cafe,30.3173785,-97.7406015
Blue Star Cafeteria,amenity,restaurant,30.3185788,-97.7397518
Gusto Italian Kitchen,amenity,restaurant,30.3183417,-97.7399664
The Omelettry,amenity,restaurant,30.3067572,-97.7154666
Maru Japanese,amenity,restaurant,30.3179119,-97.7402411
Fonda San Miguel,amenity,restaurant,30.3255061,-97.7433739
Phil's Icehouse,amenity,fast_food,30.3321432,-97.7403073
KHON Thai Kitchen by Seeda,amenity,restaurant,30.333489,-97.7409207
Thom's Market,shop,supermarket,30.3349573,-97.7393304
Taqueria Guadalajara Arandas,amenity,restaurant,30.341561,-97.7391639
The Aristocrat,amenity,bar,30.3402379,-97.73864
Lala's,amenity,bar,30.3446186,-97.736413
El Mercado,amenity,restaurant,30.3502257,-97.7350998
Top Notch,amenity,fast_food,30.3511441,-97.7335205
Thundercloud Subs,amenity,fast_food,30.3577265,-97.7309533
Madam Mam's,amenity,restaurant,30.3595133,-97.7345247
Zen Japanese Food Fast,amenity,restaurant,30.360294,-97.7373039
Texadelphia,amenity,fast_food,30.3602465,-97.7404814
Fresh Plus,shop,supermarket,30.3582539,-97.7390479
Genuine Joe Coffeehouse,amenity,cafe,30.3540549,-97.7272892
Oakmont Food Company,amenity,restaurant,30.3059582,-97.7442691
Teo's Gelato and Espresso,amenity,cafe,30.3065679,-97.7451642
,amenity,restaurant,30.3082553,-97.7503631
Kerbey Lane Cafe,amenity,restaurant,30.3080182,-97.7504833
Russell's Bakery,amenity,cafe,30.3327051,-97.7601993
Chez Zee,amenity,restaurant,30.3367185,-97.7579163
Dan's Hamburgers,amenity,fast_food,30.3248791,-97.7273759
Short Stop,amenity,fast_food,30.3606405,-97.7407253
Torchy's Tacos - Austin,amenity,fast_food,30.323403,-97.739207
Taco Shack,amenity,fast_food,30.2951342,-97.7425085
Sip Pho,amenity,restaurant,30.2954158,-97.7423368
Counter Cafe,amenity,cafe,30.2953679,-97.7432778
Cabo Bob's,amenity,restaurant,30.2957196,-97.7441221
Ken's Donuts,amenity,cafe,30.2948674,-97.742826
Torchy's Tacos,amenity,fast_food,30.2937038,-97.7417617
P. Terry's,amenity,fast_food,30.3018243,-97.7449855
Trudy's Texas Star,amenity,restaurant,30.2958121,-97.7409556
Boomerang's,amenity,fast_food,30.2985232,-97.7411997
Thundercloud Subs,amenity,fast_food,30.2994508,-97.7407324
La Tazza Fresca,amenity,cafe,30.3016888,-97.7386124
Back,amenity,bar,30.3018518,-97.7393505
NXNW North By Northwest,amenity,restaurant,30.3911344,-97.7384912
Asia Cafe Sichuan,amenity,restaurant,30.4324425,-97.7714511
Whole Foods Market,shop,supermarket,30.3891429,-97.7415315
The Cheesecake Factory,amenity,restaurant,30.3909012,-97.7475971
Maudies Hacienda,amenity,restaurant,30.1832042,-97.8476351
Subway,amenity,fast_food,30.1833154,-97.8479183
Galaxy Cafe,amenity,restaurant,30.1833377,-97.8480556
Madam Mam's,amenity,restaurant,30.1835009,-97.848253
Tino's Greek Cafe,amenity,restaurant,30.1847771,-97.8475149
Wok On Fire,amenity,restaurant,30.1851332,-97.8472917
Texenza Coffie,amenity,cafe,30.1852296,-97.8471973
Fiesta Market,shop,supermarket,30.2959244,-97.7175123
Epoch Coffee,amenity,cafe,30.3185317,-97.7245043
Casa Maria's,amenity,restaurant,30.221089,-97.772538
Starbucks,amenity,cafe,30.394918,-97.7525341
Pok-e-Jo's BAR B Q,amenity,fast_food,30.3951194,-97.7483387
la Madeleine,amenity,restaurant,30.3957428,-97.7472319
Twin Lion,amenity,restaurant,30.4001039,-97.748023
Brick Oven,amenity,restaurant,30.3988329,-97.7490667
Modern Market,amenity,restaurant,30.3950396,-97.7493683
Subway,amenity,fast_food,30.400368,-97.7480055
Shipley Do-Nuts,amenity,fast_food,30.2023919,-97.8062582
Short Stop,amenity,fast_food,30.2026839,-97.8073257
Trento Restaurant,amenity,restaurant,30.3352645,-97.8072898
KFC,amenity,fast_food,30.3245221,-97.7266862
Starbucks,amenity,cafe,30.2846841,-97.7324514
Latchkey,amenity,bar,30.2640071,-97.7286588
Mr. Catfish,amenity,restaurant,30.2723506,-97.6907978
Jack in the Box,amenity,fast_food,30.2739039,-97.6976331
Golden Chick,amenity,fast_food,30.2727642,-97.6981266
Taco Bell,amenity,fast_food,30.2832777,-97.7039145
Popeyes,amenity,fast_food,30.2821242,-97.7031114
El Pollo Rico,amenity,fast_food,30.2817814,-97.7029666
Kobe Japanese Steakhouse,amenity,restaurant,30.4491846,-97.7920347
Jardin Corona Mexican Food,amenity,restaurant,30.4463358,-97.7793674
Taco Bell,amenity,fast_food,30.4616416,-97.7950751
Short Stop,amenity,fast_food,30.4336215,-97.7695787
Krispy Kreme,amenity,fast_food,30.4298918,-97.7626204
Mi Madre's,amenity,restaurant,30.2841763,-97.7189427
Dunkin',amenity,fast_food,30.4254584,-97.7535828
Boston Market,amenity,fast_food,30.3998387,-97.7451137
Michi Ramen,amenity,restaurant,30.4473236,-97.8101558
Big City Bagels & Subs,amenity,cafe,30.4463352,-97.8064641
Lone Star Kolaches,amenity,fast_food,30.4606371,-97.7948488
WhipIn,amenity,restaurant,30.2381148,-97.7394025
,shop,convenience,30.2463732,-97.7511143
The Highball,amenity,bar,30.2561493,-97.7631528
Taco Deli,amenity,restaurant,30.2496256,-97.7663914
Sazon,amenity,restaurant,30.2499685,-97.7670565
Picnik,amenity,cafe,30.2512104,-97.7657583
,amenity,fast_food,30.2512289,-97.7654364
Chinatown,amenity,restaurant,30.2415436,-97.7833214
Curra's Grill,amenity,restaurant,30.237152,-97.7494097
The Greek Bar,amenity,restaurant,30.2371474,-97.7496672
888 Pan Asian Restaurant,amenity,restaurant,30.2297317,-97.7299369
,amenity,restaurant,30.2298708,-97.730409
David's Food,shop,convenience,30.2484184,-97.7617375
Thai Fresh,amenity,restaurant,30.2479434,-97.7617143
Soup Peddler,amenity,restaurant,30.2461944,-97.7560714
Polvo's,amenity,restaurant,30.245295,-97.7574567
Starbucks,amenity,cafe,30.252259,-97.7635967
Bennu Coffee Shop,amenity,cafe,30.2561056,-97.7462026
Perla's,amenity,restaurant,30.2499704,-97.7500381
,amenity,bar,30.2505746,-97.7495541
,shop,convenience,30.2433911,-97.7642491
Fair Bean Coffee,amenity,cafe,30.2439425,-97.7583643
Lenoir,amenity,restaurant,30.246897,-97.7558981
June's All Day,amenity,restaurant,30.2463145,-97.7511347
Woodland,amenity,restaurant,30.2464589,-97.7510901
Vespaio,amenity,restaurant,30.2479272,-97.7506887
Bouldin Creek Cafe,amenity,cafe,30.246512,-97.7566288
First Food Mart,shop,supermarket,30.2504524,-97.7551176
El Mercado,amenity,restaurant,30.2513434,-97.7545812
Hu La Hu Market 2,shop,convenience,30.2446379,-97.7572419
Once Over Coffee Bar,amenity,cafe,30.2448093,-97.7569898
Little Mexico,amenity,restaurant,30.2430066,-97.758921
Taqueria Arandas,amenity,restaurant,30.2406153,-97.7609112
Summermoon Coffee Bar,amenity,cafe,30.2332092,-97.7648433
Smart Stop,shop,convenience,30.235453,-97.7568058
El Borrego de Oro,amenity,restaurant,30.2242708,-97.7634777
24 Diner,amenity,restaurant,30.2720726,-97.7541298
Jeffrey's,amenity,restaurant,30.2804408,-97.7591677
Fresh Plus,shop,supermarket,30.2806562,-97.7584194
Waterloo Ice House,amenity,restaurant,30.3608463,-97.7893031
Texaco FoodMart,shop,convenience,30.2416355,-97.7595328
DQ Grill & Chill,amenity,fast_food,30.4612868,-97.8174358
Subway,amenity,fast_food,30.4613301,-97.8172781
,shop,convenience,30.2758108,-97.6689754
Technique,amenity,restaurant,30.4008138,-97.721438
urban,amenity,restaurant,30.3994579,-97.7244842
Maggiano's Little Italy,amenity,restaurant,30.3950453,-97.7269507
Yogurt Planet,amenity,cafe,30.3959033,-97.7275003
Gloria's Latin Cuisine,amenity,restaurant,30.4001775,-97.726048
Grand Lux Café,amenity,restaurant,30.4024976,-97.726251
Jersey Mike's Subs,amenity,fast_food,30.3924195,-97.7451017
Dave & Buster's,amenity,restaurant,30.3833253,-97.7374699
Promise Pizza,amenity,fast_food,30.3946629,-97.7442192
Sprouts Farmers Market,shop,supermarket,30.3949745,-97.7447895
Jason's Deli,amenity,restaurant,30.3947997,-97.7444977
Daily Grill,amenity,restaurant,30.4027966,-97.7258494
Fleming's Prime Steakhouse and Wine Bar,amenity,restaurant,30.4031449,-97.7256032
True Food Kitchen,amenity,restaurant,30.4021757,-97.7266136
Asti,amenity,restaurant,30.3048563,-97.7262204
Yogurt Planet,shop,convenience,30.3150694,-97.7356391
Quiznos,amenity,fast_food,30.4036986,-97.7448477
Einstein Bros. Bagels,amenity,fast_food,30.3998716,-97.7449971
CRÚ Food & Wine Bar,amenity,bar,30.4020606,-97.726483
Bamboo Bistro North,amenity,fast_food,30.3958149,-97.7196383
Freebirds,amenity,fast_food,30.3962282,-97.7195503
Ryu of Japan,amenity,fast_food,30.3961024,-97.7196012
Detour,amenity,bar,30.3961623,-97.7195839
Firehouse Subs,amenity,fast_food,30.3957509,-97.7196834
Honest Mary's,amenity,restaurant,30.3950774,-97.7484716
FireBowlCafe,amenity,cafe,30.3952181,-97.7493734
Fujiyama,amenity,restaurant,30.3999414,-97.7485126
Yogertz,amenity,cafe,30.3987013,-97.7491029
Jamba,amenity,fast_food,30.398839,-97.748962
7-Eleven,shop,convenience,30.4001738,-97.7469878
Bombay Bistro,amenity,fast_food,30.3986564,-97.7474271
Great Harvest Bread Co.,amenity,cafe,30.3999342,-97.7483653
Panera Bread,amenity,fast_food,30.3902705,-97.7400731
Cafe Java,amenity,cafe,30.4001004,-97.7041809
Canary Roost Karaoke Bar,amenity,bar,30.4004847,-97.7039615
Double Dave's Pizza,amenity,fast_food,30.4004131,-97.7039956
Metro Food and Cafe,shop,convenience,30.399953,-97.7042762
River City Donut,amenity,fast_food,30.400695,-97.703827
Mangia,amenity,fast_food,30.407478,-97.7134801
sodade,amenity,cafe,30.4075615,-97.7134001
Tacodeli,amenity,fast_food,30.4076999,-97.713254
Chi'Lantro BBQ,amenity,fast_food,30.3942236,-97.7202603
Subway,amenity,fast_food,30.3945877,-97.7201256
Szechuan House,amenity,fast_food,30.3940521,-97.7203169
Summer Moon Coffee Bar,amenity,cafe,30.394281,-97.7202436
Donut-7,amenity,fast_food,30.3941549,-97.7202807
Zip-N,shop,convenience,30.3601181,-97.7406521
RedBrick Pizza,amenity,restaurant,30.3895722,-97.7324885
Salata,amenity,restaurant,30.3888001,-97.7329038
Natural Grocers,shop,supermarket,30.3874434,-97.733248
Potbelly,amenity,fast_food,30.3918548,-97.7317454
Mighty Fine,amenity,fast_food,30.3898698,-97.7332027
Zalat Pizza,amenity,restaurant,30.3918116,-97.7315708
Chipotle,amenity,fast_food,30.3899093,-97.733345
Southside Market & Barbeque,amenity,restaurant,30.3894932,-97.7333692
McDonald's,amenity,fast_food,30.4596708,-97.7923848
Wendy's,amenity,fast_food,30.4615618,-97.7921861
Flightpath Coffee House,amenity,cafe,30.3138337,-97.7199873
JuiceLand,amenity,fast_food,30.3071695,-97.7248904
Jersey Mike's Subs,amenity,fast_food,30.4527669,-97.8263641
Ghandi Bazar 620,shop,supermarket,30.4656894,-97.8027044
Vazquez Mexican Restaurant,amenity,restaurant,30.3753784,-97.672927
Pizza Hut,amenity,restaurant,30.3745401,-97.6717349
Los Potrillos,amenity,restaurant,30.3568054,-97.6900028
Denny's,amenity,restaurant,30.3325149,-97.7052248
Keto Kitchen,amenity,restaurant,30.3161337,-97.7083756
Hornitos,amenity,restaurant,30.294193,-97.7205415
Dong Nai,amenity,restaurant,30.23371,-97.7930115
China Family,amenity,restaurant,30.3340239,-97.7165374
Jack in the Box,amenity,fast_food,30.3291676,-97.7152526
Tandoori Bistro,amenity,restaurant,30.2325951,-97.7406066
Java Noodles,amenity,restaurant,30.2294109,-97.7293306
Korea House,amenity,restaurant,30.3593073,-97.7339922
Tien Jin Chinese Restaurant,amenity,restaurant,30.2307782,-97.8026944
III Forks,amenity,restaurant,30.264198,-97.746747
Sushi Hi,amenity,restaurant,30.3618059,-97.7154058
Din Ho Chinese BBQ,amenity,restaurant,30.3610907,-97.7156632
El Gallo Mexican Restaurant,amenity,restaurant,30.2331421,-97.7586735
The 13th Floor,amenity,bar,30.267755,-97.7365068
Jaimes Spanish Village,amenity,restaurant,30.2687136,-97.7365652
Hoek's Pizza,amenity,restaurant,30.2665547,-97.7378522
Dirty Dog Bar,amenity,bar,30.2665898,-97.7379787
Pete's Dueling Piano Bar,amenity,bar,30.266712,-97.7385615
Roppolo's Pizza,amenity,restaurant,30.2670389,-97.7386841
Mooseknuckle,amenity,bar,30.2671072,-97.7389289
Iron Cactus,amenity,restaurant,30.2672622,-97.7394843
Blind Pig,amenity,bar,30.2670792,-97.73981
Shakespeare's,amenity,bar,30.2673492,-97.739796
Old Pecan Street Cafe,amenity,restaurant,30.2673807,-97.7399087
311,amenity,bar,30.2670807,-97.74004
Vice,amenity,bar,30.2674486,-97.7401125
Bikinis Sports Bar & Grill,amenity,restaurant,30.2675896,-97.7406574
Darwin's,amenity,bar,30.267299,-97.7405942
Soho,amenity,bar,30.2672482,-97.7407594
Chuggin' Monkey,amenity,bar,30.2671957,-97.7407252
Happy Chicks,amenity,restaurant,30.2676222,-97.7407745
Marisco Grill,amenity,restaurant,30.2673138,-97.7409874
Buffalo Billiards,amenity,bar,30.2674314,-97.7412007
B. D. Riley's Irish Pub & Restaurant,amenity,bar,30.2677181,-97.7411179
Eureka,amenity,restaurant,30.267757,-97.741256
Littlefield Market,shop,convenience,30.267606,-97.7417531
The Iron Bear,amenity,bar,30.2686438,-97.7454056
Belmont,amenity,restaurant,30.2686611,-97.7454947
Donn's Depot,amenity,bar,30.27407,-97.7634339
Juanita's Tacos,amenity,restaurant,30.2717214,-97.7577953
Corazon,amenity,restaurant,30.2708184,-97.7563315
Starbucks,amenity,cafe,30.2699007,-97.7540185
Tinest Bar in Texas,amenity,bar,30.2695924,-97.7530788
Lucky Lounge,amenity,bar,30.2674644,-97.7453298
Basecamp,amenity,bar,30.2675086,-97.7439557
Shiner's Saloon,amenity,bar,30.2669237,-97.7434785
Lanai,amenity,bar,30.2670626,-97.7435033
Canvas,amenity,bar,30.2667198,-97.7422828
HandleBar,amenity,bar,30.2665872,-97.7420908
Eddie V's,amenity,restaurant,30.2662223,-97.7405459
Golden Ace,amenity,bar,30.2654151,-97.748667
Thom's Market,shop,convenience,30.2556863,-97.744898
Ego's,amenity,bar,30.2565437,-97.7474697
El Flaco Cafe,amenity,restaurant,30.2266199,-97.7622847
Stompin' Grounds Lounge,amenity,bar,30.2268623,-97.7615678
Revolución Coffee + Juice,amenity,cafe,30.2643747,-97.7413623
Maiko Sushi,amenity,restaurant,30.2641473,-97.7414463
,amenity,restaurant,30.2641642,-97.7405978
Gus' Fried Chicken,amenity,restaurant,30.26347,-97.741701
Le Café Crêpe,amenity,cafe,30.2638474,-97.7418971
2nd St Market,shop,convenience,30.2639562,-97.74232
Fete Accompli,amenity,cafe,30.2765454,-97.7507791
Thundercloud Subs,amenity,fast_food,30.2764369,-97.7504432
House Park Bar-B-Que,amenity,restaurant,30.2767346,-97.750411
Perry's Steakhouse,amenity,restaurant,30.2694661,-97.7435164
Subway,amenity,fast_food,30.2703022,-97.7417493
Quattro Gatti Ristorante,amenity,restaurant,30.271294,-97.7418546
Roaring Fork,amenity,restaurant,30.2690633,-97.7421993
Sky Lounge,amenity,bar,30.2670536,-97.7436233
Congress Avenue Grocery,amenity,restaurant,30.2650401,-97.7437082
Barletts,amenity,restaurant,30.3567746,-97.7312443
La Casita,amenity,restaurant,30.3517455,-97.7224631
Yellow Rose,amenity,bar,30.3337186,-97.721924
Chipotle,amenity,fast_food,30.3125024,-97.7386706
La Madeleine,amenity,restaurant,30.3033701,-97.7446209
34th St Cafe,amenity,cafe,30.302703,-97.7452903
Jack in the Box,amenity,fast_food,30.3555871,-97.7032735
Tacos Y Mas,amenity,restaurant,30.3550729,-97.7029139
Mandarin House,amenity,restaurant,30.3584687,-97.6992611
Sonic,amenity,fast_food,30.3626623,-97.6967642
El Tacolote,amenity,restaurant,30.3641562,-97.6960244
China Spice Seafood,amenity,restaurant,30.3674231,-97.6951921
Chuy's,amenity,restaurant,30.3751992,-97.6906032
Pok-E-Joe's BBQ,amenity,restaurant,30.4162355,-97.6976689
Panda Express,amenity,fast_food,30.418322,-97.7020169
Anderson Mill Tavern,amenity,bar,30.4462553,-97.8068296
Domino's,amenity,fast_food,30.4606937,-97.7946289
Chipotle,amenity,fast_food,30.4783572,-97.8005475
Mala Chili,amenity,restaurant,30.4779527,-97.8003295
Kerbey Lane Cafe,amenity,restaurant,30.4473524,-97.787084
Jimmy John's,amenity,fast_food,30.4474424,-97.7890946
Conscious Cravings,amenity,cafe,30.2829388,-97.7449006
Hai Ky,amenity,restaurant,30.2307085,-97.7348261
Dimassi's Mediterranean Buffet,amenity,restaurant,30.4307304,-97.7638265
The Varsity Pizza,amenity,fast_food,30.2874594,-97.7369076
Nasha,amenity,restaurant,30.2637439,-97.7248744
El Zunzal,amenity,restaurant,30.2600696,-97.7121017
Halcyon,amenity,cafe,30.266973,-97.7456939
,amenity,bar,30.2701007,-97.7433124
Casino el Camino,amenity,bar,30.2285706,-97.7824989
Tino's Greek Cafe,amenity,restaurant,30.4471724,-97.791207
Chen's Noodle House,amenity,restaurant,30.4321807,-97.770942
Asia Market,shop,supermarket,30.4323563,-97.7714174
Madras Pavilion,amenity,restaurant,30.3729305,-97.7241083
Thai House,amenity,restaurant,30.3735916,-97.7254254
Mikado Ryotei,amenity,restaurant,30.3734303,-97.7247091
Lucy's Fried Chicken,amenity,restaurant,30.240435,-97.7532506
The Tigress,amenity,bar,30.3179356,-97.7222217
Foxtrot,shop,convenience,30.2648968,-97.7469115
Buddy's Place,amenity,bar,30.3690209,-97.7271659
Subway,amenity,fast_food,30.428848,-97.7603887
Chicha's Fire & Grill,amenity,restaurant,30.4306811,-97.7643416
Freebirds,amenity,fast_food,30.2366541,-97.7938223
Lick Honest Ice Creams,amenity,restaurant,30.2555387,-97.7625208
Mezze Cafe,amenity,restaurant,30.2416821,-97.7581999
,amenity,restaurant,30.358607,-97.7346045
Cover 3,amenity,restaurant,30.3586499,-97.7350186
Chipotle,amenity,fast_food,30.3585851,-97.7349059
Pho Thaison Vietnamese Cuisine,amenity,restaurant,30.3577778,-97.7329949
Starbucks,amenity,cafe,30.2012416,-97.7684727
Pho Phi Restaurant,amenity,restaurant,30.4142742,-97.6890262
Wingstop,amenity,fast_food,30.4121329,-97.6900143
Parmer Lane Tavern,amenity,bar,30.4154361,-97.6966738
Domino's,amenity,fast_food,30.4143195,-97.6891517
The Original Pancake House,amenity,restaurant,30.4143938,-97.689309
Thundercloud Subs,amenity,fast_food,30.422008,-97.7023818
Hana World Market,shop,supermarket,30.4126379,-97.6869152
Which Wich?,amenity,fast_food,30.4120497,-97.6897354
Chipotle,amenity,fast_food,30.4130476,-97.687715
Sushi Junai 2,amenity,restaurant,30.4221877,-97.7020297
Starbucks,amenity,cafe,30.4132733,-97.6882267
RBM Food Mart,shop,convenience,30.2845993,-97.7151648
J J Mart,shop,convenience,30.4080684,-97.6976861
Pizza Paradise,amenity,restaurant,30.4075433,-97.697678
The Park at the Domain,amenity,restaurant,30.4030394,-97.7237293
North,amenity,restaurant,30.4023299,-97.7260086
Sixty Vines,amenity,restaurant,30.4003772,-97.7270333
Masala Wok,amenity,restaurant,30.4181515,-97.6703787
Freebirds,amenity,fast_food,30.4178593,-97.6704359
The Brew Exchange,amenity,bar,30.2702132,-97.7499377
J Blacks,amenity,bar,30.2703034,-97.7502191
The Ranch,amenity,bar,30.2702734,-97.750077
Subway,amenity,fast_food,30.2008476,-97.8758487
Torchy's Tacos,amenity,fast_food,30.201598,-97.8801213
Don Don Express,amenity,restaurant,30.4582826,-97.8222758
El Chilito Cafe y Cantina,amenity,cafe,30.2841449,-97.7183747
Shangri La,amenity,bar,30.264933,-97.7316207
Star of India,amenity,restaurant,30.3598996,-97.7364139
Hopdoddy Burger Bar,amenity,restaurant,30.3576246,-97.733103
Santa Rita,amenity,restaurant,30.306775,-97.74429
Waterloo Ice House,amenity,restaurant,30.2035018,-97.8789401
Hyde Park Bar and Grill,amenity,restaurant,30.304197,-97.726689
Hopdoddy Burger Bar,amenity,fast_food,30.315053,-97.734436
Mian & Bao,amenity,restaurant,30.315328,-97.732985
Monkey Nest,amenity,cafe,30.3277452,-97.7395271
Starbucks,amenity,cafe,30.2860744,-97.7411185
Rudy's,shop,convenience,30.4141543,-97.7468447
Hala Bros,amenity,restaurant,30.4522736,-97.8268734
Torchy's Tacos,amenity,fast_food,30.4529766,-97.8275976
Workhorse Bar,amenity,bar,30.3178517,-97.7219593
Drink Well,amenity,bar,30.3172224,-97.7206057
Taqueria Chapala,amenity,restaurant,30.2204769,-97.7649008
parkside,amenity,restaurant,30.267202,-97.740299
Starbucks,amenity,cafe,30.265449,-97.740414
Champions,amenity,restaurant,30.265402,-97.740157
Mai Thai,amenity,restaurant,30.264266,-97.741411
Thundercloud Subs,amenity,restaurant,30.2732782,-97.8007484
Starbucks,amenity,cafe,30.3546718,-97.7563416
Mangia Pizza,amenity,restaurant,30.370621,-97.7585108
Zoës Kitchen,amenity,fast_food,30.3928794,-97.7493748
,amenity,restaurant,30.2647821,-97.741606
Bill Miller Bar-BQ,amenity,restaurant,30.1676447,-97.7899105
Sonic,amenity,fast_food,30.1669235,-97.7914099
Jack in the Box,amenity,fast_food,30.1653559,-97.7881832
Starbucks,amenity,cafe,30.1656017,-97.788159
Domino's,amenity,fast_food,30.2420511,-97.8814318
Tomodachi Sushi,amenity,restaurant,30.425422,-97.7169729
Chipotle,amenity,fast_food,30.2700107,-97.7418634
Haymaker,amenity,bar,30.284794,-97.7175883
,amenity,restaurant,30.4589873,-97.7906478
H-E-B,shop,supermarket,30.3005067,-97.7196451
Summer Moon Coffee,amenity,cafe,30.2731462,-97.8005584
Monarch Food Mart,shop,convenience,30.2932777,-97.716018
Cherrywood Coffee House,amenity,cafe,30.2935486,-97.7160528
El Rancho,shop,supermarket,30.365075,-97.7196373
Mi Casa,amenity,fast_food,30.365968,-97.7192638
Mikki's Replay Cafe,amenity,cafe,30.3701302,-97.7213963
Mi Tradición Panadería,amenity,restaurant,30.3635213,-97.7194319
Phở Hồng,amenity,fast_food,30.3823129,-97.7232496
Sea Dragon,amenity,restaurant,30.3659072,-97.7198348
Chili's,amenity,restaurant,30.3723167,-97.7271869
Austin's Pizza,amenity,fast_food,30.4020096,-97.7466265
Jimmy John's,amenity,fast_food,30.4012408,-97.7466002
Signature Cafe,amenity,cafe,30.4019782,-97.7469768
Starbucks,amenity,cafe,30.401983,-97.7468743
Serranos Cocina y Cantina,amenity,restaurant,30.236068,-97.8218798
Crown Donuts,amenity,fast_food,30.4475799,-97.8108431
San Francisco Bakery & Cafe,amenity,cafe,30.3595801,-97.7356985
V Cafe,amenity,restaurant,30.4475633,-97.8112295
Sonic,amenity,fast_food,30.4382624,-97.7588431
Howdy Donuts,amenity,fast_food,30.2743682,-97.8016479
El Nuevo Mexico,amenity,restaurant,30.3479738,-97.7146892
Papa Murphy's,amenity,fast_food,30.4340029,-97.7722011
Cabo Bob's Burritos,amenity,restaurant,30.4473688,-97.7889237
Newk's,amenity,restaurant,30.3951748,-97.7510323
Common Interest,amenity,bar,30.3662779,-97.7291769
Donut Crown,amenity,fast_food,30.357773,-97.7309264
Sarovar,amenity,restaurant,30.3654581,-97.7289338
Shipley Do-Nuts,amenity,fast_food,30.3548047,-97.728766
The Convenient Store,shop,convenience,30.4284031,-97.7602503
ThunderCloud Subs,amenity,fast_food,30.1713079,-97.8231381
Yummi's Tacos,amenity,restaurant,30.4284769,-97.7603485
Austin Diner,amenity,restaurant,30.3246632,-97.7402185
Potbelly,amenity,fast_food,30.2348877,-97.826485
Peace Bakery - Deli,amenity,restaurant,30.3818245,-97.6871477
Tsukimi All-You-Can-Eat Sushi,amenity,restaurant,30.4041738,-97.6760209
Tarrytown Pharmacy,shop,convenience,30.3036219,-97.7639591
CU29 Cocktail Bar,amenity,bar,30.269053,-97.741148
Slake Cafe,amenity,cafe,30.268835,-97.741283
Home Slice Pizza,amenity,restaurant,30.2492274,-97.7495768
More Home Slice Pizza,amenity,restaurant,30.2489829,-97.7496114
Southside Flying Pizza,amenity,fast_food,30.25409,-97.7631309
ATX EATS,amenity,restaurant,30.3309837,-97.7234419
Dive,amenity,bar,30.2798438,-97.7421243
Clay Pit,amenity,restaurant,30.2790333,-97.7423871
Arturo's,amenity,cafe,30.2797199,-97.7419273
,shop,convenience,30.4333882,-97.7710022
Caribbean Food Trailer,amenity,restaurant,30.2771154,-97.7130932
Stubb's,amenity,restaurant,30.2733072,-97.7593133
A+A Sichuan China,amenity,restaurant,30.4444398,-97.7890813
Bamboo Bistro South,amenity,fast_food,30.2076883,-97.8155813
Bombay Bistro,amenity,restaurant,30.235927,-97.795414
Brooklyn Heights Pizzeria,amenity,restaurant,30.4993452,-97.7775791
Ng Cafe,amenity,restaurant,30.4114118,-97.6756443
Quarters Market,shop,convenience,30.2869407,-97.7449912
Saffron,amenity,restaurant,30.3549924,-97.7556362
Nanami Sushi Bar & Grill,amenity,restaurant,30.193437,-97.8429024
Xing Long Chinese Cuisine,amenity,restaurant,30.4467738,-97.7918378
Super China,amenity,restaurant,30.417508,-97.7455341
Thai Passion - South,amenity,restaurant,30.1666541,-97.7879909
Raku Sushi & Asian Bistro,amenity,restaurant,30.2866355,-97.7449482
Umi Sushi Bar & Grill,amenity,restaurant,30.2003347,-97.7636875
YaYa Cafe,amenity,cafe,30.3026246,-97.7385591
Popeyes,amenity,fast_food,30.1928254,-97.7793526
Domino's,amenity,fast_food,30.2004767,-97.8699422
Summer Moon,amenity,cafe,30.20047,-97.8698127
Tacodeli,amenity,fast_food,30.2006492,-97.8689703
Church's Chicken,amenity,fast_food,30.242855,-97.7296
Pizza Press,amenity,restaurant,30.2906805,-97.742035
Villa Mexico,amenity,restaurant,30.2152705,-97.7678877
Noble Sandwitch Company,amenity,fast_food,30.3190236,-97.7389184
Starbucks,amenity,cafe,30.2376538,-97.7925576
Freebirds,amenity,fast_food,30.2995914,-97.7213352
Jason's Deli,amenity,restaurant,30.3010767,-97.7213595
Jimmy John's,amenity,fast_food,30.3590366,-97.7390572
Mr Gatti's Pizza,amenity,restaurant,30.3587973,-97.7390819
Jamba,amenity,fast_food,30.3060312,-97.7084795
Ike's Love and Sandwiches,amenity,fast_food,30.3058368,-97.7080837
Bento Teppanyaki,amenity,restaurant,30.3059317,-97.7082733
Starbucks,amenity,cafe,30.3058211,-97.7080023
Chipotle,amenity,fast_food,30.3056506,-97.7079877
Pad Thai,amenity,restaurant,30.3058963,-97.7081858
Rudino's Grinders,amenity,restaurant,30.4526411,-97.8265282
Godavari,amenity,restaurant,30.4622787,-97.8141627
Pokeatery,amenity,restaurant,30.3055072,-97.7081023
Chi'Lantro,amenity,restaurant,30.3052883,-97.7082369
Apna Bazaar Indian grocery,shop,supermarket,30.432472,-97.7702757
Flores Mexican,amenity,restaurant,30.2330122,-97.865479
Whole Foods Market,shop,supermarket,30.2201874,-97.8415946
Panda Express,amenity,fast_food,30.2224924,-97.8405797
Starbucks,amenity,cafe,30.2221147,-97.8373142
Jersey Mike's Subs,amenity,fast_food,30.2237888,-97.839049
Jack Allen's,amenity,restaurant,30.2436161,-97.8826499
Foreign & Domestic,amenity,restaurant,30.3170802,-97.7195557
Hecho En Mexico,amenity,restaurant,30.2284117,-97.8633323
Taco Cabana,amenity,fast_food,30.2198535,-97.8355517
Trader Joe's,shop,supermarket,30.395413,-97.75191
Corner Bakery,amenity,cafe,30.393758,-97.750673
Pizza Hut,amenity,restaurant,30.4304857,-97.7641522
Pollo Regio,amenity,restaurant,30.3626624,-97.7185807
El Chile Café y Cantina,amenity,restaurant,30.2840559,-97.721778
Mi Tiendita Food Mart,shop,convenience,30.3626907,-97.7184204
Taco Mex,amenity,restaurant,30.2847133,-97.7149412
N'Star Donut,amenity,fast_food,30.4188303,-97.7010765
Shahi Cafe,amenity,cafe,30.4071439,-97.6790975
Subway,amenity,fast_food,30.4054433,-97.6740146
The Jackalope,amenity,bar,30.267129,-97.7390069
Hopdoddy Burger Bar,amenity,fast_food,30.2496642,-97.7499575
Salty Sow,amenity,restaurant,30.2837405,-97.7212605
Tacodeli,amenity,restaurant,30.3104716,-97.7401083
Houndstooth,amenity,cafe,30.3106073,-97.7400068
Uchiko,amenity,restaurant,30.3107699,-97.7398856
Cactus Cafe,amenity,bar,30.2861309,-97.7413275
Javelina,amenity,bar,30.2581501,-97.7388025
Half Step,amenity,bar,30.2584292,-97.7386658
Lucky Robot,amenity,restaurant,30.2508288,-97.7489794
Botticelli's,amenity,restaurant,30.2503043,-97.7491227
Bennu Coffee,amenity,cafe,30.2797982,-97.7196272
Koko's Beer Hall,amenity,restaurant,30.2425053,-97.783148
Torchy's Tacos,amenity,fast_food,30.3033508,-97.6988695
Tacodeli,amenity,fast_food,30.2584172,-97.787687
Magnolia Cafe,amenity,restaurant,30.2444789,-97.7519802
Kerbey Lane Cafe,amenity,cafe,30.2422172,-97.7835352
Mohawk,amenity,bar,30.2700576,-97.7360877
AB Liquor #2,amenity,restaurant,30.3532415,-97.7256708
East Side Pies,amenity,restaurant,30.3148694,-97.7153301
Roselle Pizzeria,amenity,restaurant,30.2475144,-97.7747477
East Side King,amenity,restaurant,30.262939,-97.7250128
,amenity,restaurant,30.2900348,-97.7418173
Ramen Tatsu-Ya,amenity,restaurant,30.3612166,-97.7152245
Chi'Lantro,amenity,fast_food,30.2705292,-97.7414985
Este,amenity,restaurant,30.2839954,-97.7195394
Casino El Camino,amenity,bar,30.2665007,-97.7376596
Barley Swine,amenity,restaurant,30.3413397,-97.738314
Jo's Coffee,amenity,cafe,30.2650419,-97.7460802
Jo's Coffee,amenity,cafe,30.2326024,-97.7562269
Houndstooth,amenity,cafe,30.2662841,-97.7431138
Tacodeli,amenity,restaurant,30.3487955,-97.7350656
Kung Fu Saloon,amenity,bar,30.2696325,-97.7498966
Revival Coffee,amenity,cafe,30.2642837,-97.7277618
Vince Young Steakhouse,amenity,restaurant,30.2648186,-97.7411682
Barfly's,amenity,bar,30.3167177,-97.7142604
Pearl Dive Oyster Bar,amenity,restaurant,30.2744898,-97.7646296
El Chilito,amenity,restaurant,30.2630554,-97.7244128
Julio's Cafe,amenity,restaurant,30.3045094,-97.7264373
Nae's,amenity,fast_food,30.3178941,-97.7214885
Vino Vino,amenity,restaurant,30.3069687,-97.7353169
Bar Chi Sushi,amenity,restaurant,30.265297,-97.74553
Which Wich?,amenity,fast_food,30.2657187,-97.7460186
Starbucks,amenity,cafe,30.2658493,-97.7465097
Royal Blue Grocery,shop,convenience,30.2656885,-97.7458792
Taverna,amenity,restaurant,30.2651262,-97.7463264
Bill's Oyster,amenity,restaurant,30.2656186,-97.7456335
,amenity,restaurant,30.2656885,-97.7484551
Lamberts,amenity,restaurant,30.26518,-97.747927
La Condesa,amenity,restaurant,30.265572,-97.7477644
Remedy,amenity,bar,30.2670293,-97.7495947
Royal Blue Grocery,shop,convenience,30.2676672,-97.7493712
Restaurant François,amenity,restaurant,30.2661363,-97.7476193
El Meson,amenity,restaurant,30.2489743,-97.7689416
It's Italian Cucina,amenity,restaurant,30.2525756,-97.7642578
El Raval,amenity,restaurant,30.2522862,-97.764434
McDonald's,amenity,fast_food,30.2144972,-97.7342912
Subway,amenity,fast_food,30.2212809,-97.7567727
Subway,amenity,fast_food,30.217749,-97.689724
P. Terry's,amenity,fast_food,30.3670216,-97.7275902
MOD Pizza,amenity,fast_food,30.1612853,-97.7919106
Saturn,amenity,bar,30.2712335,-97.7418768
Bourbon Girl,amenity,bar,30.2676562,-97.7408963
Friends Bar,amenity,bar,30.267686,-97.7410028
Recess Arcade Bar,amenity,bar,30.2675688,-97.7405829
Buckshot 6th St,amenity,bar,30.2669612,-97.7384055
Cheers Shot Bar,amenity,bar,30.2670224,-97.7386248
Chupacabra Cantina,amenity,restaurant,30.2671673,-97.7391442
MugShots,amenity,bar,30.2677385,-97.7384416
Peckerheads on Sixth,amenity,bar,30.2671481,-97.7390753
Rio Grande Mexican,amenity,restaurant,30.2647151,-97.7410729
The Dizzy Rooster,amenity,bar,30.2674088,-97.7400096
Geisha Sushi & Grill,amenity,restaurant,30.266411,-97.7364345
Los Comales Restaurant,amenity,restaurant,30.2618724,-97.7182535
Chi'Lantro BBQ,amenity,fast_food,30.2520019,-97.7638478
Shandeez Grill,amenity,restaurant,30.453921,-97.772406
ABGB,amenity,restaurant,30.2451066,-97.7688916
ABGB,amenity,bar,30.2452596,-97.7688434
Wright Bros. Brew & Brew,amenity,cafe,30.2644493,-97.7330414
Cenote,amenity,cafe,30.260505,-97.733706
Starbucks,amenity,cafe,30.2079458,-97.8154229
The Grove,amenity,restaurant,30.270593,-97.7509613
Kung Fu Saloon,amenity,bar,30.2703425,-97.7503681
Russell's Bakery,amenity,fast_food,30.3558668,-97.7336445
Highland Lounge,amenity,bar,30.2669654,-97.7448469
Hoover's Cooking,amenity,restaurant,30.2843995,-97.7203077
Howdy Donut,amenity,fast_food,30.257233,-97.746429
Caffé Medici,amenity,cafe,30.264819,-97.7442485
Freebirds,amenity,fast_food,30.255974,-97.746927
Fogo de Chão,amenity,restaurant,30.2645145,-97.7443724
Arandinas Mexican Restaurant,amenity,restaurant,30.240538,-97.726533
Trader Joe's,shop,supermarket,30.2676959,-97.7526645
,amenity,restaurant,30.3307139,-97.7153474
Barrett's Coffee,amenity,cafe,30.338992,-97.717491
Double Trouble,amenity,cafe,30.317485,-97.722135
Saigon On 7th,amenity,restaurant,30.2605397,-97.7128707
Gyu-Kaku,amenity,restaurant,30.2633101,-97.7308402
Brooklyn Dumpling Shop,amenity,restaurant,30.2634537,-97.7280332
Ma'CoCo,amenity,restaurant,30.2622663,-97.7267125
Incognito,amenity,bar,30.2644208,-97.7332099
The Tipsy Alchemist,amenity,bar,30.258393,-97.739041
Pluckers Wing Bar,amenity,restaurant,30.2863059,-97.7450193
Dollar Slice Club,amenity,restaurant,30.2866,-97.741932
Asahi Imports,shop,supermarket,30.336401,-97.739012
Fresh Plus,shop,supermarket,30.343119,-97.725654
Brooklyn Pie Co.,amenity,restaurant,30.344558,-97.736246
Jimmy John's,amenity,fast_food,30.2910839,-97.7266935
Picnik,amenity,cafe,30.318904,-97.738972
Corinne,amenity,restaurant,30.2625953,-97.7411854
Mason's Famous Lobster Rolls,amenity,restaurant,30.2646193,-97.7447359
Red Farm,amenity,restaurant,30.265537,-97.745401
Proper Sandos,amenity,fast_food,30.2660738,-97.7499082
TraphouseATX,amenity,restaurant,30.266118,-97.745165
Local Foods,amenity,restaurant,30.265697,-97.748514
Wu Chow,amenity,restaurant,30.2686128,-97.7478966
Capital One Café,amenity,cafe,30.2681344,-97.7425331
Vaquero Taquero,amenity,restaurant,30.2664657,-97.7358582
Upstairs at Caroline,amenity,bar,30.268656,-97.7423563
Green Light Social,amenity,bar,30.270363,-97.750394
Fleet Coffee,amenity,cafe,30.270247,-97.742287
Taco Joint,amenity,restaurant,30.291558,-97.734917
RS Food Mart,shop,convenience,30.268452,-97.725791
Mour Cafe,amenity,restaurant,30.2437089,-97.7283854
1618 Asian Fusion,amenity,restaurant,30.245235,-97.730369
Captain quackenbush's coffeehouse,amenity,cafe,30.217993,-97.79637
Captain Quakenbush's Coffeehouse,amenity,cafe,30.217862,-97.796455
Lazydaze,amenity,cafe,30.217802,-97.796492
lazydazy,amenity,cafe,30.2178088,-97.796552
Thundercloud Subs,amenity,restaurant,30.240002,-97.727639
Pizza Hut,amenity,restaurant,30.3200535,-97.6950538
7-Eleven,shop,convenience,30.4046144,-97.6385147
Mama Fu's,amenity,restaurant,30.398259,-97.7493286
Papalote Taco House,amenity,restaurant,30.243509,-97.781888
Fig Italian Kitchen and Bar,amenity,restaurant,30.2407,-97.785977
Catfish Parlour,amenity,restaurant,30.2137895,-97.7312616
DK sushi & seoul korean,amenity,restaurant,30.2002752,-97.7861963
Taqueria Villanueva,amenity,restaurant,30.358548,-97.6869568
El Pollo Rico,amenity,fast_food,30.358269,-97.6863272
Torchy's Tacos,amenity,fast_food,30.2224052,-97.8403897
Firehouse Subs,amenity,fast_food,30.2214515,-97.8409365
Jimmy John's,amenity,fast_food,30.2222708,-97.837698
Conscious cravings,amenity,fast_food,30.251086,-97.7541516
Holy cacao,amenity,cafe,30.251009,-97.7541798
Phil's Icehouse,amenity,fast_food,30.2430176,-97.7823649
Pho Van Vietnamese,amenity,restaurant,30.36113,-97.7154947
Food Basket,shop,convenience,30.4161143,-97.695336
Red River Cafe,amenity,cafe,30.2896999,-97.7284176
Nau's Enfield Drug,amenity,fast_food,30.2799999,-97.759089
,shop,convenience,30.2839489,-97.7198191
100 Pizzitas,amenity,fast_food,30.266509,-97.7330453
Arpeggio Grill,amenity,restaurant,30.3311905,-97.7151487
Epoch Coffee,amenity,cafe,30.3593671,-97.7346731
Polvo's,amenity,restaurant,30.2671399,-97.7500446
,shop,convenience,30.4214809,-97.7546755
MOD Pizza,amenity,fast_food,30.3032221,-97.6989543
Torchy's Tacos,amenity,fast_food,30.2416098,-97.7842715
Jersey Mike's Subs,amenity,fast_food,30.2414217,-97.7839374
7-Eleven,shop,convenience,30.2706015,-97.741622
Mighty Bird,amenity,fast_food,30.4255408,-97.7537519
Radio Coffee and Beer,amenity,bar,30.2315416,-97.7877719
Food Mart,shop,convenience,30.4171513,-97.7457711
Kung Fu Saloon,amenity,bar,30.4008451,-97.7227584
St. Genevieve,amenity,bar,30.4013625,-97.7228104
Burger Bar,amenity,restaurant,30.2646732,-97.7437945
Corner Restaurant,amenity,restaurant,30.2644196,-97.7438985
Casey's Snowballs,amenity,restaurant,30.3120522,-97.7149517
Jack in the Box,amenity,fast_food,30.2990534,-97.7201723
CITGO Brew,shop,convenience,30.2889261,-97.7077235
Mala Vida,amenity,bar,30.2662263,-97.7355652
MOD Pizza,amenity,fast_food,30.4054932,-97.6738353
Chi'Lantro BBQ,amenity,fast_food,30.3244616,-97.7401274
Pho Dan,amenity,restaurant,30.382049,-97.6875611
Teapioca Lounge,amenity,cafe,30.4130776,-97.6877881
Wholly Cow Burger and Zen Market,amenity,restaurant,30.2429035,-97.7839568
Michi Ramen,amenity,restaurant,30.241537,-97.7841603
True Food Kitchen,amenity,restaurant,30.2669927,-97.7523453
Parmer Café,amenity,restaurant,30.4585771,-97.7514666
Hao Hao Restaurant,amenity,restaurant,30.2013637,-97.805593
Lavaca Street Bar,amenity,restaurant,30.4005614,-97.723202
Punch Bowl Social,amenity,restaurant,30.3999964,-97.7255522
Paul Martin's Austin Grill,amenity,restaurant,30.4028142,-97.7216185
Hat Creek Burger Company,amenity,restaurant,30.4000202,-97.7233768
Salvation Pizza,amenity,restaurant,30.4009665,-97.72273
Flower Child,amenity,restaurant,30.4037493,-97.7215518
The Dogwood,amenity,bar,30.400873,-97.723074
Second,amenity,restaurant,30.4024187,-97.7211691
JINYA Ramen Bar,amenity,restaurant,30.400297,-97.7232535
77 Degrees,amenity,bar,30.4012164,-97.7228646
Thai Kun,amenity,restaurant,30.4015114,-97.7224137
Yard House,amenity,restaurant,30.4043458,-97.7214209
Toulouse,amenity,restaurant,30.4030919,-97.7215241
EBar,amenity,cafe,30.4025845,-97.7203236
Mia,amenity,restaurant,30.4007338,-97.7231221
Mad Greens,amenity,restaurant,30.4001864,-97.7229782
McCormick & Schmick's,amenity,restaurant,30.403753,-97.7251257
Sway,amenity,restaurant,30.4004878,-97.7228731
General Tso'Boy,amenity,restaurant,30.4010444,-97.7226256
Culinary Drop Out,amenity,restaurant,30.4035082,-97.7216284
The Yard Milkshake Bar,amenity,cafe,30.4007259,-97.7268482
Pressed Juicery,amenity,fast_food,30.4013858,-97.7262132
Copper Restaurant & Dessert Lounge,amenity,restaurant,30.400424,-97.7272328
P. Terry's,amenity,fast_food,30.2677961,-97.7423621
VIA 313 Pizza,amenity,restaurant,30.2328195,-97.8656668
Subway,amenity,fast_food,30.231688,-97.7350966
Domino's,amenity,fast_food,30.2306382,-97.7345708
Subway,amenity,fast_food,30.2950009,-97.7428814
Fresas,amenity,restaurant,30.2477844,-97.7551015
Rio Rita,amenity,bar,30.2749573,-97.7200663
King Bee,amenity,bar,30.2739294,-97.7196183
Sam's BBQ,amenity,restaurant,30.2740504,-97.7187975
Vic & Al's,amenity,restaurant,30.2849284,-97.7170005
Dai Due,amenity,restaurant,30.2848698,-97.7167839
Techo Mezcaleria & Agave Bar,amenity,bar,30.2840591,-97.7188988
Galloway's Sandwich Shop,amenity,restaurant,30.2739607,-97.7193957
Dozen Street,amenity,bar,30.2738014,-97.7204049
The Original New Orleans Po-Boy and Gumbo Shop,amenity,restaurant,30.2737783,-97.72048
Texican Cafe,amenity,restaurant,30.2364317,-97.7967504
Geraldine's,amenity,restaurant,30.2601776,-97.7392719
Ex Files,amenity,bar,30.249264,-97.7687653
Snooze,amenity,restaurant,30.2508607,-97.7659325
ALC Steaks,amenity,restaurant,30.2775925,-97.750896
,amenity,bar,30.2434873,-97.7521152
El Pollo Rico,amenity,restaurant,30.2305534,-97.7341477
The Golden Goose,amenity,bar,30.2492382,-97.7688789
Wheatsville Co-op,shop,supermarket,30.2356735,-97.7909428
Ocean Blue Oyster Bar,amenity,restaurant,30.2350802,-97.7934963
Starbucks,amenity,cafe,30.3016121,-97.6999083
Kesos Taco House,amenity,restaurant,30.2826432,-97.7444056
Sushi Bang Bang,amenity,restaurant,30.4762517,-97.7981296
Sam's Town Point,amenity,bar,30.17217,-97.8276455
electric house,amenity,bar,30.2517205,-97.6992
Wildflower Cafe,amenity,cafe,30.1857853,-97.8736475
Forthright,amenity,restaurant,30.2622839,-97.7430312
Rosie's Grocery,shop,convenience,30.2585138,-97.7874921
Amenecer Coffee and Bakery,amenity,restaurant,30.4214979,-97.6710529
My Name Is Joe Coffee,amenity,cafe,30.2674422,-97.742689
Café Crème,amenity,cafe,30.2318432,-97.7356141
Vera Cruz,amenity,fast_food,30.2314804,-97.7879935
Garage,amenity,bar,30.2677729,-97.7442084
Thundercloud Subs,amenity,fast_food,30.2020961,-97.6701487
Ruta Maya,amenity,cafe,30.2020949,-97.6700843
Barton Springs,shop,convenience,30.2020961,-97.6700119
Annie's,amenity,cafe,30.202292,-97.6700253
Farm Aire,amenity,fast_food,30.2022908,-97.6701299
Haymaker,amenity,restaurant,30.2023117,-97.6689591
Jetset Austin,shop,convenience,30.2023128,-97.6688532
The Salt Lick's Taco Bar,amenity,fast_food,30.2020799,-97.6668053
MAD greens,amenity,fast_food,30.2021239,-97.6659269
Juiceland,amenity,fast_food,30.2021204,-97.6659859
The Peached Tortilla,amenity,fast_food,30.2021274,-97.6660449
Hippies & Hops,amenity,fast_food,30.2021239,-97.6661053
Berry Austin,amenity,fast_food,30.2021216,-97.666183
,shop,convenience,30.2022375,-97.665149
Ruth's Chris Steak House,amenity,restaurant,30.2679982,-97.7434085
Speakeasy,amenity,bar,30.266771,-97.7435171
Lonesome Dove Bistro,amenity,restaurant,30.268268,-97.744033
S H Donuts,amenity,fast_food,30.2334122,-97.721216
Jardin Corona,amenity,restaurant,30.4451874,-97.786557
Chick-fil-A,amenity,fast_food,30.257464,-97.8071413
Paco's Tacos,amenity,restaurant,30.3074786,-97.7058047
S-H Donuts,amenity,restaurant,30.3005637,-97.6851459
Chez Nous,amenity,restaurant,30.2664993,-97.7385412
Terry Black's BBQ,amenity,restaurant,30.2596649,-97.7548076
Casa Chapala,amenity,restaurant,30.3735638,-97.7255279
Fat Cats: Organic Coffee & Desserts,amenity,cafe,30.3386884,-97.7187526
Domino's,amenity,fast_food,30.3737903,-97.755433
Molcas Mexican Restaurant,amenity,restaurant,30.372861,-97.7555682
3 Train Pizza,amenity,restaurant,30.3728169,-97.7555969
Buca di Beppo,amenity,restaurant,30.470812,-97.806105
Great American Cookies,amenity,fast_food,30.4708817,-97.8061612
Panda Express,amenity,fast_food,30.4707575,-97.8068927
Villa Fresh Italian Kitchen,amenity,restaurant,30.4707462,-97.8068038
Chick-fil-A,amenity,fast_food,30.4707085,-97.8067499
Potato Club,amenity,restaurant,30.4707562,-97.8069903
Japan Cafe,amenity,restaurant,30.4707185,-97.8070574
Subway,amenity,fast_food,30.4706708,-97.807104
Nestlé Toll House Café,amenity,fast_food,30.4706746,-97.806693
Phil's Philly Grill,amenity,restaurant,30.4705829,-97.8072075
Paradise Smoothies & Yogurt,amenity,fast_food,30.4703806,-97.8071594
Starbucks,amenity,cafe,30.4705954,-97.8069306
Simon's Sushi,amenity,fast_food,30.4704346,-97.806951
Auntie Anne's,amenity,fast_food,30.4701595,-97.8073008
Hot Dog on a Stick,amenity,fast_food,30.4700528,-97.8073999
Flower Child,amenity,restaurant,30.2659764,-97.7495445
North Italia,amenity,restaurant,30.2658145,-97.7489908
Jason's Deli,amenity,restaurant,30.4588536,-97.7917594
Salvation Pizza,amenity,restaurant,30.3008048,-97.7405995
Thanh Nhi Kitchen,amenity,restaurant,30.3612122,-97.6986
Pepe's Mexican Restaurant,amenity,restaurant,30.3095966,-97.6658186
Johnny Beans,amenity,cafe,30.4378447,-97.6980347
Snooze,amenity,restaurant,30.3056313,-97.7434574
Stiles Switch BBQ,amenity,restaurant,30.3344896,-97.7213534
Starbucks,amenity,cafe,30.3886025,-97.6502811
Rusty Cannon Pub,amenity,bar,30.2099138,-97.7824407
Fresh Donuts,amenity,restaurant,30.157355,-97.7444952
Nomad Bar,amenity,bar,30.312516,-97.704829
Tropicana Cuban Restaurant,amenity,restaurant,30.3669425,-97.696104
Las Trancas,amenity,restaurant,30.2598607,-97.7317826
Lucky Lab Coffee,amenity,cafe,30.2885673,-97.7420585
Starbucks,amenity,cafe,30.312715,-97.7385289
Rabbit Food Grocery,shop,supermarket,30.2975784,-97.7673071
The Vegan Nom,amenity,restaurant,30.2551436,-97.7183365
Arlo's,amenity,restaurant,30.2694927,-97.7362477
Starbucks,amenity,cafe,30.2835675,-97.7416851
Medici Roasting,amenity,cafe,30.2854421,-97.7420095
Einstein Bros. Bagels,amenity,fast_food,30.2879609,-97.7417216
Bufalina Due,amenity,restaurant,30.3410897,-97.7383417
Counter Cafe,amenity,restaurant,30.2616958,-97.7216715
Canje,amenity,restaurant,30.2616262,-97.721465
Cuvée Coffee,amenity,cafe,30.2614363,-97.7211444
The Lost Well,amenity,bar,30.2713855,-97.6968033
Habesha Ethiopian Restaurant and Bar,amenity,restaurant,30.3211128,-97.7058798
Domino's,amenity,fast_food,30.3466337,-97.6764652
Buddy's Mexican Grill,amenity,restaurant,30.3465411,-97.6764787
Fukumoto,amenity,restaurant,30.2646261,-97.7317272
Historic Scoot Inn,amenity,bar,30.2621219,-97.7293945
JuiceLand,amenity,fast_food,30.2311897,-97.8009393
Figure 8 Coffee Purveyors,amenity,cafe,30.266883,-97.719949
Summer Moon Coffee Bar,amenity,cafe,30.2053557,-97.8063095
Casa Garcia's,amenity,restaurant,30.2021661,-97.8064436
Pizza Hut Delivery,amenity,fast_food,30.2023677,-97.8060117
Cicis,amenity,restaurant,30.2019945,-97.8050757
Cherry Creek Catfish Company,amenity,restaurant,30.2147669,-97.799516
South Austin Sno,amenity,fast_food,30.2180137,-97.7960194
El Chilito,amenity,restaurant,30.227845,-97.7892495
Chekos,amenity,restaurant,30.330873,-97.7308394
Soup Peddler,amenity,fast_food,30.2438027,-97.7816176
Pizzeria Grata,amenity,restaurant,30.2453356,-97.7804229
Loro,amenity,restaurant,30.2478111,-97.7712879
Combo Donuts,amenity,fast_food,30.2522172,-97.7636376
Epoch Coffee,amenity,cafe,30.3572945,-97.760577
Central Standard,amenity,restaurant,30.2475946,-97.7502188
Rudy's Country Store and Bar-B-Q,amenity,restaurant,30.3074215,-97.742008
Clark's Oyster Bar,amenity,restaurant,30.2729697,-97.7571499
Cafe Josie,amenity,restaurant,30.2731631,-97.7572773
Lin Asian Bar + Dim Sum,amenity,restaurant,30.2728289,-97.7580008
Nightcap,amenity,restaurant,30.2737578,-97.7604684
Twenty Two Trattoria-Wine Bar,amenity,bar,30.273547,-97.7600205
Shake Shack,amenity,fast_food,30.2560094,-97.7617585
The Guesthouse,amenity,restaurant,30.2655237,-97.7490365
Ember Kitchen,amenity,restaurant,30.2668996,-97.7528357
Better Half Coffee & Cocktails,amenity,cafe,30.2712775,-97.7585251
Swift's Attic,amenity,restaurant,30.2656592,-97.7434871
Yeti's Barrr,amenity,bar,30.2592955,-97.7464481
Phoebe's Diner,amenity,restaurant,30.2415272,-97.759221
Lavaca Street Bar,amenity,bar,30.2413506,-97.7850226
Crepe Crazy,amenity,restaurant,30.241602,-97.7846524
Turf N' Surf Po-Boy,amenity,restaurant,30.2413854,-97.7849729
El Naranjo,amenity,restaurant,30.2441834,-97.7809402
Muse Fusion + Sushi,amenity,restaurant,30.2337002,-97.7922422
Austin Java,amenity,cafe,30.2175689,-97.7966585
Arlo Grey,amenity,restaurant,30.262803,-97.744034
Lustre Pearl East,amenity,bar,30.2529968,-97.7107619
The Perch,amenity,cafe,30.260507,-97.7416741
Old Rail Coffee Pub,amenity,cafe,30.2611369,-97.6978391
Poke-E-Joes,amenity,restaurant,30.2370431,-97.797258
Tuscany 360,shop,convenience,30.3315555,-97.8100086
Fresh TOFU:  Food to Go,amenity,restaurant,30.3772352,-97.6867055
Bambu,amenity,cafe,30.3774049,-97.6872721
Paperboy,amenity,cafe,30.2684502,-97.7275658
Shawarma Point,amenity,fast_food,30.2671738,-97.7371985
Veracruz all natural,amenity,restaurant,30.2580035,-97.726027
Midnight Cowboy,amenity,bar,30.2671147,-97.739944
Barracuda,amenity,bar,30.2671404,-97.7363312
Pho Hanoi,amenity,restaurant,30.3822023,-97.6851213
International Foods,shop,supermarket,30.3823572,-97.6850422
SquareRüt Kava Bar,amenity,cafe,30.3187661,-97.7316951
Maggie Mae's,amenity,bar,30.2670433,-97.7396775
Littlefield Patio Cafe,amenity,cafe,30.2892778,-97.7393939
OneTaco Taquería @ Anderson Lane,amenity,restaurant,30.3596225,-97.7358168
Troy,amenity,restaurant,30.3717722,-97.7564204
Papa John's,amenity,fast_food,30.3789204,-97.7132509
Mr. Brew Coffee,amenity,cafe,30.3621042,-97.7177062
The Brewtorium,amenity,restaurant,30.3257938,-97.7170764
Smokey Mo's BBQ,amenity,restaurant,30.4417076,-97.7449998
Tarka Indian Kitchen,amenity,restaurant,30.3570449,-97.7353938
Kura Sushi,amenity,fast_food,30.3374339,-97.7172609
Five Guys,amenity,fast_food,30.3910488,-97.7484646
Bombay to Kathmandu Kitchen,amenity,restaurant,30.3666294,-97.6954119
World Food & Halal Market,shop,supermarket,30.3670053,-97.6967651
La Finca Supermercado,shop,supermarket,30.3670984,-97.6964924
Pepe's Fruit Cup Shop,amenity,restaurant,30.366903,-97.6959994
Wingstop,amenity,fast_food,30.3668631,-97.6959332
Domino's,amenity,fast_food,30.3657443,-97.696642
Futbol En Vivo,amenity,bar,30.3657169,-97.6966509
Taquerias Arandinas,amenity,restaurant,30.3656894,-97.6966756
Black's BBQ,amenity,restaurant,30.2985031,-97.7413239
SLAB BBQ & Beer,amenity,restaurant,30.2353456,-97.8784801
Pluckers Wing Bar,amenity,restaurant,30.235605,-97.8778279
Tucci's Southside Subs,amenity,restaurant,30.2341132,-97.87728
Xian Noodles,amenity,restaurant,30.4004602,-97.7273341
Easy Tiger Linc,amenity,restaurant,30.3273152,-97.7071923
Which Wich?,amenity,fast_food,30.4470654,-97.7907739
Wingstop,amenity,fast_food,30.4472851,-97.7908482
Pizza Hut,amenity,restaurant,30.4381511,-97.6982199
The Rolling Rooster,amenity,fast_food,30.4378108,-97.6979757
Wan Fu,amenity,restaurant,30.4376921,-97.6975317
Poke House,amenity,restaurant,30.4062241,-97.745991
Biryani & Co.,amenity,restaurant,30.4062304,-97.7461173
Floppy Disk Repair Co.,amenity,bar,30.2667005,-97.7420902
Hunan Lion,amenity,restaurant,30.237321,-97.7937478
Desilicious Cafe - Indian Pure Vegetarian/ Vegan Restaurant,amenity,restaurant,30.425355,-97.716861
Kolache Factory,amenity,cafe,30.4252916,-97.7167166
Thai Cuisine,amenity,restaurant,30.4254666,-97.7170637
Silver Grill Cafe,amenity,restaurant,30.4250741,-97.7162292
Austin Grind,amenity,cafe,30.4249138,-97.7158878
Pei Wei,amenity,restaurant,30.2359156,-97.7952335
Maudie's Tex-Mex,amenity,restaurant,30.3710845,-97.6913606
Kanji Ramen,amenity,restaurant,30.4310839,-97.7650745
Kiefer's Cafe and Catering,amenity,cafe,30.3880837,-97.709846
The League Kitchen & Tavern,amenity,restaurant,30.4977281,-97.7737997
Subway,amenity,fast_food,30.4418613,-97.7446008
Sarpino's Pizzeria,amenity,fast_food,30.4463272,-97.8051453
Shipley Do-Nuts,amenity,fast_food,30.4467702,-97.8044086
Gong Cha,amenity,cafe,30.2834028,-97.7413494
Home Slice Pizza,amenity,restaurant,30.3159377,-97.7184664
Serranos Cocina y Cantina,amenity,restaurant,30.162357,-97.7905488
Sangam Chettinad Indian Cuisine,amenity,restaurant,30.4420757,-97.7439987
Almarah Mediterranean Cuisine,amenity,restaurant,30.4609302,-97.8170214
Green Mango,amenity,restaurant,30.418731,-97.8472692
Napa Flats,amenity,restaurant,30.4182552,-97.8475634
360 Pizza,amenity,restaurant,30.3615355,-97.7891958
Subway,amenity,fast_food,30.3702822,-97.8000987
Scoreboard,amenity,restaurant,30.370131,-97.7998197
Papa John's,amenity,fast_food,30.3700014,-97.799555
Bamboo Asian Grill,amenity,restaurant,30.3693564,-97.8006352
Pizza Hut,amenity,restaurant,30.3927193,-97.8446156
Oak Sports Bar & Grill,amenity,bar,30.2292707,-97.7674918
Nikki's Pizza,amenity,restaurant,30.418079,-97.6703895
Jimmy John's,amenity,fast_food,30.4179298,-97.6704215
Kublai Khan Crazy Mongolian Stir Fry & Sushi Bar,amenity,restaurant,30.4117355,-97.6725219
Hyderabad House Austin,amenity,restaurant,30.4106784,-97.6717499
Tony C's Italian Kitchen,amenity,restaurant,30.4973993,-97.7735483
Dana Bazaar Indian Supermarket,shop,supermarket,30.4983547,-97.7778672
Smokey Mo's BBQ,amenity,restaurant,30.4995941,-97.777042
UZeat Restaurant,amenity,restaurant,30.4320768,-97.7713063
New Awlins Cafe,amenity,restaurant,30.4327373,-97.7715376
Fat Dragon,amenity,restaurant,30.4328143,-97.7715743
Sunflower,amenity,restaurant,30.4415313,-97.7454683
JuiceLand,amenity,fast_food,30.2667995,-97.7497783
Intelligentsia,amenity,cafe,30.2668307,-97.7498946
Kalimotxo,amenity,bar,30.2669004,-97.750177
Phil's Icehouse,amenity,fast_food,30.4438739,-97.78444
Little House,amenity,restaurant,30.3111425,-97.7427252
Nickel City,amenity,bar,30.2685748,-97.7281094
Fleet Coffee,amenity,cafe,30.2628481,-97.7142906
Discada,amenity,restaurant,30.2687467,-97.7245889
Seven Grand,amenity,bar,30.2677234,-97.7385583
Asador,amenity,restaurant,30.2675797,-97.7387281
Domo Alley-Gato,amenity,restaurant,30.2631468,-97.7262769
The Brixton,amenity,bar,30.2635546,-97.7276066
Licha's Cantina,amenity,restaurant,30.264007,-97.7288395
Revelry Kitchen and Bar,amenity,bar,30.2638211,-97.727825
Dee Dee Thai,amenity,restaurant,30.2315463,-97.7879613
Las Perlas,amenity,bar,30.2677401,-97.7386442
Royal Blue Grocery,shop,convenience,30.2624189,-97.7251873
Cisco's Restaurant Bakery & Bar,amenity,restaurant,30.2629914,-97.7267285
La Perla,amenity,bar,30.2632337,-97.7266664
Fast Eddie's,amenity,bar,30.4707689,-97.7966135
Man Pasand Supermarket,shop,supermarket,30.4718143,-97.7968348
Muangthai Thai Cuisine,amenity,restaurant,30.4721637,-97.7969782
Biryani-N-Grill,amenity,restaurant,30.4725247,-97.79697
Gong Cha,amenity,cafe,30.4002151,-97.7232854
DoubleDave's Pizza,amenity,restaurant,30.4462799,-97.7864313
Sharetea,amenity,cafe,30.4461154,-97.7862149
Ola Poke,amenity,restaurant,30.4461457,-97.7862576
The Melting Pot,amenity,restaurant,30.4458842,-97.7857806
Hen,amenity,bar,30.2649667,-97.7317838
Pool Burger,amenity,restaurant,30.2776583,-97.7727396
Sixth and Waller,amenity,restaurant,30.2646369,-97.7306495
Kalimotxo,amenity,bar,30.2616236,-97.7227918
Il Brutto,amenity,restaurant,30.2628076,-97.7263392
Edwin's,amenity,bar,30.2662572,-97.7358935
Anthem,amenity,restaurant,30.2604985,-97.7379039
The Upside,amenity,bar,30.2646538,-97.7305481
Taqueria Kim Karina,amenity,restaurant,30.2631568,-97.7266668
Recreation Sports & Social,amenity,bar,30.2624918,-97.7245791
JuiceLand,amenity,fast_food,30.2635964,-97.7317116
Little Brother,amenity,bar,30.2598097,-97.7382151
Snooze,amenity,restaurant,30.2633947,-97.7311464
Hi Hat Public House,amenity,bar,30.2601996,-97.7189075
Lefty's Brick Bar,amenity,bar,30.2617222,-97.7230679
Chipotle,amenity,fast_food,30.2635564,-97.7315898
Spartan Pizza,amenity,restaurant,30.2648584,-97.7322105
Medici Roasting,amenity,cafe,30.2677245,-97.6938995
Uroko,amenity,restaurant,30.2675565,-97.6940148
RPM Counter,amenity,restaurant,30.2674245,-97.6941288
Zhi Tea,amenity,cafe,30.2673527,-97.6931123
Texican Cafe,amenity,restaurant,30.4710909,-97.8012024
Rustic Tap,amenity,bar,30.2695962,-97.7491275
Tarka Indian Kitchen,amenity,restaurant,30.4701619,-97.8008049
Fire Bowl Cafe,amenity,restaurant,30.4689111,-97.7992111
Sundaze,amenity,restaurant,30.2291299,-97.7840817
Anand Bazaar,shop,supermarket,30.4156221,-97.6972432
Caspian Grill,amenity,restaurant,30.4285964,-97.7604651
Emerald Tavern Games and Cafe,amenity,cafe,30.3715088,-97.7245372
Minh's Cafe,amenity,restaurant,30.4287632,-97.7504492
Basil Thai,amenity,restaurant,30.4180556,-97.7021858
O'daku Sushi,amenity,restaurant,30.4179942,-97.7023163
Poke Bowl,amenity,restaurant,30.4181903,-97.7020897
Biryani Pot,amenity,restaurant,30.4172307,-97.7040803
Group Therapy,amenity,restaurant,30.2673146,-97.746419
Firehouse Subs,amenity,fast_food,30.4354696,-97.7676245
Jersey Giant Pizza,amenity,fast_food,30.4358412,-97.7678157
Palomino Coffee,amenity,cafe,30.2793122,-97.687496
85°C,amenity,cafe,30.3365961,-97.717669
Meat & Bread,amenity,fast_food,30.2670978,-97.7498129
Dovetail Pizza and Bar,amenity,restaurant,30.2467905,-97.7563642
Saccone's Pizza,amenity,fast_food,30.4619713,-97.795321
Smoothie King,amenity,fast_food,30.3910109,-97.7441687
Haru Sushi,amenity,restaurant,30.3868224,-97.7418717
Papa John's,amenity,fast_food,30.4082477,-97.7472911
Codependent Cocktails + Coffee,amenity,bar,30.2674513,-97.7507931
Yummi Joy,amenity,cafe,30.2652973,-97.7482013
Square Peg Coffee,amenity,cafe,30.2950159,-97.7364325
Vaquero Taquero,amenity,restaurant,30.2951917,-97.7363778
Torchy's Tacos,amenity,fast_food,30.2657244,-97.7496942
ATX Cocina,amenity,restaurant,30.2649037,-97.7492614
Jimmy John's,amenity,fast_food,30.3907756,-97.7225576
Hot L Coffee,amenity,cafe,30.2621453,-97.7587291
McDonald's,amenity,fast_food,30.2237379,-97.7628904
The Cheesecake Factory,amenity,restaurant,30.2573805,-97.8079245
California Pizza Kitchen,amenity,restaurant,30.2590845,-97.8060417
Great American Cookies,amenity,fast_food,30.2589994,-97.8060497
7-Eleven,shop,convenience,30.3706199,-97.6922188
Jack Allen's Kitchen,amenity,restaurant,30.3613604,-97.7395256
Jason's Deli,amenity,restaurant,30.357364,-97.7311358
Subway,amenity,fast_food,30.3540588,-97.731733
Little Deli & Pizzeria,amenity,restaurant,30.3426155,-97.7254953
Jersey Mike's Subs,amenity,fast_food,30.4137247,-97.6721133
Bep Saigon,amenity,restaurant,30.4161487,-97.6718349
El Jarocho Cuban and Mexican grill,amenity,restaurant,30.4215282,-97.6712044
Hungry Yeti Scratch Kitchen,amenity,restaurant,30.4197899,-97.6702189
Ka-Prow Thai and Sushi Bistro,amenity,restaurant,30.4246976,-97.6699133
Charm Korean BBQ,amenity,restaurant,30.4251444,-97.6704441
Cyclo Vietnamese & Chinese,amenity,restaurant,30.4106934,-97.6762807
Bombay Express: Authentic Indian Café,amenity,restaurant,30.4111325,-97.6760454
Market Street Pizza,amenity,restaurant,30.4113723,-97.6759799
Los Chilakillers,amenity,restaurant,30.4114358,-97.6757283
French Quarter Grille,amenity,restaurant,30.4121114,-97.6759045
Zaviya Grill,amenity,restaurant,30.4089699,-97.680219
Shahi Grocery,shop,supermarket,30.4072651,-97.6790654
Smoothie King,amenity,fast_food,30.4004241,-97.6750695
Rice Bowl Cafe,amenity,restaurant,30.3825064,-97.6885482
2N1 Salad Bar and Grill,amenity,restaurant,30.3823407,-97.6894943
E-Z Stop,shop,convenience,30.3829895,-97.6945596
Pok-e-Jo's Smokehouse,amenity,restaurant,30.2984763,-97.7188561
Jersey Mike's Subs,amenity,fast_food,30.29994,-97.7211145
Wingzup,amenity,restaurant,30.3000475,-97.7213966
Kismet Cafe,amenity,restaurant,30.2999354,-97.7214724
Tso Chinese Delivery,amenity,restaurant,30.2957282,-97.7173028
El Pollo Rico,amenity,restaurant,30.2945668,-97.7179976
Chino's Banditos,amenity,restaurant,30.2333861,-97.8659427
Whole Foods Market,shop,supermarket,30.2644126,-97.7341442
Xian Sushi and Noodle - Mueller,amenity,restaurant,30.3029298,-97.6990688
Thai Taste,amenity,restaurant,30.2359159,-97.8754917
Taqueria Las Palmas,amenity,fast_food,30.2369297,-97.877698
Chen Z Noodle House,amenity,restaurant,30.2332511,-97.8658857
JuiceLand,amenity,fast_food,30.2335396,-97.8659954
Modern Market,amenity,restaurant,30.2736867,-97.8000084
Saffron,amenity,restaurant,30.2736341,-97.800074
Las Palomas Restaurant and Bar,amenity,restaurant,30.2718285,-97.800095
JuiceLand,amenity,fast_food,30.3015417,-97.6996755
E-Z Stop,shop,convenience,30.2976873,-97.6869143
Aviator Pizza & Drafthouse,amenity,restaurant,30.4251442,-97.7161407
CraigO's Pizza & Pastaria,amenity,restaurant,30.137381,-97.7958965
Prime Taco Grille,amenity,restaurant,30.1373108,-97.795856
Opera Café & Coffeehouse,amenity,cafe,30.1371925,-97.7957767
Subway,amenity,fast_food,30.1371233,-97.7957433
7-Eleven,shop,convenience,30.2446618,-97.7296015
,amenity,restaurant,30.2444969,-97.7297004
Chi'Lantro BBQ,amenity,fast_food,30.2438235,-97.7282424
MOD Pizza,amenity,fast_food,30.243325,-97.7282732
Pho Please,amenity,restaurant,30.243124,-97.7281205
Starbucks,amenity,cafe,30.2424096,-97.7275435
Pokéworks,amenity,restaurant,30.2423298,-97.7274973
Chipotle,amenity,fast_food,30.2420991,-97.7273017
Food Spot,shop,convenience,30.2392531,-97.7197922
Frazier's Long and Low,amenity,bar,30.2393353,-97.7199616
Subway,amenity,fast_food,30.2337945,-97.7210669
El Pollo Rico,amenity,restaurant,30.2351162,-97.7202697
Jersey Mike's Subs,amenity,fast_food,30.3585719,-97.7347636
Jersey Mike's Subs,amenity,fast_food,30.3150185,-97.7355182
Jersey Mike's Subs,amenity,fast_food,30.2197181,-97.756201
Jersey Mike's Subs,amenity,fast_food,30.1659883,-97.7929222
Chick-fil-A,amenity,fast_food,30.2851107,-97.7360103
Chick-fil-A,amenity,fast_food,30.4120863,-97.8504765
Hunan Ranch,amenity,restaurant,30.4990688,-97.7774603
Glass Half Full Taproom,amenity,bar,30.4755571,-97.8043914
"Snow Pea - Sushi, Chinese & Asian Bistro",amenity,restaurant,30.4760328,-97.8023233
cedro Scratch Italian & Wine Bar,amenity,restaurant,30.4759506,-97.8037714
la Madeleine Country French Cafe,amenity,restaurant,30.4760658,-97.8035833
Starbucks,amenity,cafe,30.4769275,-97.8051037
Mad Greens,amenity,restaurant,30.4692872,-97.7988863
Soto Japanese Restaurant & Sushi Bar,amenity,restaurant,30.4700704,-97.8010511
Blaze Pizza,amenity,restaurant,30.4757045,-97.7989067
Potbelly,amenity,fast_food,30.4757895,-97.7989622
China Cafe,amenity,restaurant,30.4760761,-97.7980547
First Watch,amenity,restaurant,30.4757107,-97.7979403
Subway,amenity,fast_food,30.4766923,-97.7948951
Nancy's Sky Garden,amenity,restaurant,30.4767812,-97.7946427
Mooyah,amenity,fast_food,30.4784441,-97.8003535
Teapioca,amenity,cafe,30.478409,-97.8004323
Banh Mi Galang,amenity,restaurant,30.4797523,-97.7998882
85°C,amenity,cafe,30.4794407,-97.7998915
Curry In Hurry,amenity,restaurant,30.4656703,-97.8027809
Star Stop,shop,convenience,30.4655661,-97.8032099
Civil Goat Coffee,amenity,cafe,30.3009981,-97.7390514
Batch Craft Beer & Kolaches,amenity,restaurant,30.2871856,-97.7031142
The Peacock,amenity,restaurant,30.266151,-97.750323
Kwik Stop,shop,convenience,30.3818063,-97.6852472
Al-Demashqy Mediterranean Food Truck,amenity,restaurant,30.3823131,-97.6859005
TC Noodle House,amenity,restaurant,30.3791231,-97.6870865
Korean Grill,amenity,restaurant,30.379048,-97.6868944
First Chinese BBQ,amenity,restaurant,30.3788312,-97.6865252
Baguette House & Cafe,amenity,restaurant,30.3771695,-97.6867436
Pho Saigon Noodle House,amenity,restaurant,30.3778971,-97.6872118
,amenity,restaurant,30.3780742,-97.6875082
Hu Thieu My Tho,amenity,restaurant,30.3781718,-97.6877225
Borinken Roots,shop,supermarket,30.3878755,-97.68428
Santorini Cafe,amenity,restaurant,30.3877255,-97.6840649
Balkan Cafe & Grill,amenity,restaurant,30.3880762,-97.6842005
Mi Lindo Michoacan,amenity,restaurant,30.3884165,-97.6837996
Smokin Beauty BBQ Cocktails Beer,amenity,bar,30.3889451,-97.6834152
East Side Pies,amenity,fast_food,30.4438413,-97.7845634
Valero,shop,convenience,30.4482392,-97.7938819
Kerbey Lane Café,amenity,restaurant,30.3004905,-97.7037888
Colleen's Kitchen,amenity,restaurant,30.2983278,-97.7047126
Bao'd Up,amenity,restaurant,30.2984405,-97.70465
L'Oca d'Oro,amenity,restaurant,30.2972053,-97.7046306
Tsuke Edomae,amenity,restaurant,30.2984909,-97.7074371
Mosaic Market,shop,supermarket,30.2986844,-97.7074662
Upstairs Circus,amenity,bar,30.2649849,-97.7458994
Bennu Coffee,amenity,cafe,30.3251243,-97.7148098
The Phở Vietnamese Kitchen,amenity,restaurant,30.3239009,-97.7142123
Feng Cha,amenity,cafe,30.3239159,-97.7137633
Café 605,amenity,cafe,30.260105,-97.7388864
Golden Tiger,amenity,restaurant,30.2620798,-97.7226262
Man Pasand Grocery,shop,supermarket,30.2150748,-97.8336555
Bread Basket Food Store,shop,convenience,30.2552024,-97.7303954
Merit Coffee,amenity,cafe,30.2675657,-97.7521411
Starbucks,amenity,cafe,30.2332793,-97.7919137
Starbucks,amenity,cafe,30.1631013,-97.793505
Starbucks,amenity,cafe,30.2340388,-97.8284453
Fixe Southern House,amenity,restaurant,30.2687991,-97.748568
Café Crème,amenity,cafe,30.2660988,-97.7514232
Shooters,amenity,bar,30.4538149,-97.8290376
Xian Sushi and Noodle,amenity,restaurant,30.4671977,-97.7947695
Salvation Pizza,amenity,restaurant,30.2568694,-97.7393772
Standard Proof Whiskey Co - Austin,amenity,bar,30.2567616,-97.7394142
Royal Blue Grocery,shop,convenience,30.257295,-97.7392212
Emmer & Rye,amenity,restaurant,30.2574801,-97.7391601
Hestia,amenity,restaurant,30.2668723,-97.7500637
604 Coffee,amenity,cafe,30.3348258,-97.719101
Hunt Dining Hall,amenity,restaurant,30.228039,-97.7530845
Satellite,amenity,restaurant,30.2018235,-97.8787895
Donut 4U,amenity,fast_food,30.4442868,-97.8319559
Velvet Taco,amenity,restaurant,30.267997,-97.743129
Asahi Imports,shop,supermarket,30.2415178,-97.7833969
Cypress Grill,amenity,restaurant,30.2237723,-97.8389667
Halal Stop Shop,shop,supermarket,30.2236613,-97.8386302
Wholy Bagel,amenity,restaurant,30.2237398,-97.8388048
Yanagi Japanese Restaurant and Sushi Bar,amenity,restaurant,30.2238283,-97.8395869
Smoothie Factory,amenity,fast_food,30.2238636,-97.8394219
Tacodeli,amenity,restaurant,30.2021212,-97.6687169
Spicy Boys,amenity,fast_food,30.2584849,-97.7386667
Desi Brothers,shop,supermarket,30.2125425,-97.8306502
Brunch Bird,amenity,restaurant,30.2647921,-97.729491
EurAsia Sushi Bar & Seafood,amenity,restaurant,30.2347428,-97.8781948
Sammataro Pizza,amenity,restaurant,30.2727299,-97.7283136
Spokesman - Highland,amenity,cafe,30.3259723,-97.7170784
JewBoy Sliders,amenity,fast_food,30.2551449,-97.7618396
Royal Blue Grocery,shop,convenience,30.2648737,-97.7419937
Sushi Junai Omakase,amenity,restaurant,30.265641,-97.743492
Smoothie King,amenity,fast_food,30.439256,-97.7801249
Chi'Lantro BBQ,amenity,fast_food,30.2660988,-97.7448278
Starbucks,amenity,cafe,30.2606838,-97.7471138
Hopdoddy Burger Bar,amenity,fast_food,30.2637706,-97.7321806
The Kebab Shop,amenity,fast_food,30.26385,-97.7324048
Zanzibar,amenity,restaurant,30.2629154,-97.7418482
Uchibā,amenity,restaurant,30.2658323,-97.7500534
Pita Fusion,amenity,restaurant,30.4620006,-97.7951848
Thundercloud Subs,amenity,fast_food,30.4615366,-97.7956702
Jimmy John's,amenity,fast_food,30.2677603,-97.7423322
7-Eleven,shop,convenience,30.2785015,-97.7436932
Kerlaches,amenity,restaurant,30.262934,-97.7136925
The Doughminican,amenity,restaurant,30.2629922,-97.7136509
Desnudo Coffee,amenity,cafe,30.2630655,-97.7138253
Fat City,amenity,restaurant,30.3430607,-97.7392501
East Side Pies,amenity,fast_food,30.2021141,-97.6677293
The Salt Lick BBQ,amenity,restaurant,30.2018398,-97.6678492
Flyrite Chicken Sandwiches,amenity,fast_food,30.2021129,-97.6677944
,amenity,restaurant,30.2531093,-97.713613
Einstein Bros. Bagels,amenity,fast_food,30.202121,-97.6687937
Caribou Coffee,amenity,cafe,30.2021187,-97.6688216
Cure Bakery & Coffee,amenity,cafe,30.454215,-97.7926398
Raising Cane's,amenity,fast_food,30.2737143,-97.8005722
JuiceLand,amenity,fast_food,30.2950923,-97.7431305
Blue Lacy,amenity,restaurant,30.2979218,-97.7049618
Sweetgreen,amenity,fast_food,30.2649271,-97.7456432
Toomey Tap Room,amenity,bar,30.2628248,-97.7586593
Natural Grocers,shop,supermarket,30.3154352,-97.7345834
"Machetes, Quesadillas Gigantes",amenity,restaurant,30.3670015,-97.6954113
Cantina 512,amenity,bar,30.2585321,-97.7390007
Nourish,amenity,cafe,30.2774682,-97.734812
Luminaire,amenity,restaurant,30.2697418,-97.7419028
Las Bis,amenity,bar,30.2697049,-97.741756
Domino's,amenity,fast_food,30.3383054,-97.718085
Hi-Land Market,shop,convenience,30.3257605,-97.714923
Central Market,shop,supermarket,30.231285,-97.7975426
Central Market Cafe,amenity,restaurant,30.2313865,-97.7971638
,shop,convenience,30.2358088,-97.8563102
Brodie Food Mart,shop,convenience,30.2069844,-97.8354826
CMart,shop,convenience,30.1796191,-97.8402807
Big Bucket,shop,convenience,30.1951366,-97.8431816
Subway,amenity,fast_food,30.195281,-97.8430907
Caroline,amenity,restaurant,30.2687274,-97.7423317
The Coffehouse at Caroline,amenity,cafe,30.2687874,-97.7421935
Blenders & Bowls,amenity,restaurant,30.262478,-97.725339
Mr Sandwich,amenity,fast_food,30.258416,-97.7387375
Marufuku Ramen,amenity,restaurant,30.2991768,-97.7045775
Burger King,amenity,fast_food,30.4167304,-97.6739105
Sbarro Pizza,amenity,restaurant,30.2033678,-97.6431552
Valle Cafe,amenity,restaurant,30.2034244,-97.643092
Organic Coffee,amenity,cafe,30.2957475,-97.7421673
Murphy USA,shop,convenience,30.1665671,-97.7889995
Steamies Dumplings,amenity,restaurant,30.3365663,-97.7166696
Mañana,amenity,cafe,30.2477249,-97.7497778
Bacalar,amenity,restaurant,30.255648,-97.7390426
,amenity,restaurant,30.3586704,-97.6894038
Dotty's Cafe,amenity,restaurant,30.335278,-97.7202082
Shawarma Point,amenity,fast_food,30.2584752,-97.7385847
Granny's Tacos,amenity,restaurant,30.2641651,-97.7280908
La Familia Mexican Restaurant,amenity,restaurant,30.2151205,-97.8337514
Austin's Pizza,amenity,restaurant,30.2147366,-97.832957
Tandoori Lounge,amenity,restaurant,30.2149498,-97.8333973
Pho Thai Son,amenity,restaurant,30.2148353,-97.8331608
Thundercloud Subs,amenity,fast_food,30.2155672,-97.8339858
Love 312 Pizzeria & Wings,amenity,restaurant,30.2153228,-97.8333508
Lone Star Kolaches,amenity,restaurant,30.2153695,-97.8333961
Soto,amenity,restaurant,30.2556008,-97.7620108
Medici Roasting,amenity,cafe,30.25576,-97.7623743
Mandala Kitchen & Bar,amenity,restaurant,30.2553704,-97.7621579
TLC,amenity,restaurant,30.2558239,-97.7631014
ATX Food Co,amenity,restaurant,30.2599764,-97.7583324
South Flo Pizza,amenity,restaurant,30.2831035,-97.7763523
True Texas BBQ,amenity,restaurant,30.2829156,-97.7761099
Backspin Texas Sports Bar & Grill,amenity,restaurant,30.2007208,-97.8646287
Me Con Bistro,amenity,restaurant,30.2127861,-97.8299027
Cafe Malta,amenity,restaurant,30.2126644,-97.8303536
Lake Austin's Coffee Spot,amenity,cafe,30.282934,-97.7761478
La Colombe Coffee Roasters,amenity,cafe,30.27049,-97.7532554
Keepers Coastal Kitchen,amenity,restaurant,30.2000326,-97.8680616
Sweetgreen,amenity,fast_food,30.2984993,-97.7050022
Titaya's Thai Cuisine,amenity,restaurant,30.3235394,-97.7274668
7-Eleven,shop,convenience,30.4694811,-97.7902533
Arby's,amenity,fast_food,30.4693887,-97.7900955
Wendy's,amenity,fast_food,30.2829274,-97.7371755
Borderless European Market (BEM),shop,convenience,30.4158231,-97.6977385
Little China,amenity,restaurant,30.4075156,-97.6975641
Earl Campbell's,amenity,fast_food,30.2020542,-97.6664293
Hut's Hamburgers,amenity,fast_food,30.2022815,-97.6653432
Starbucks,amenity,cafe,30.2022619,-97.6654663
Departure Lounge,amenity,bar,30.2020456,-97.6662503
Jo's,amenity,fast_food,30.202027,-97.6664476
Barton Springs,shop,convenience,30.2021296,-97.6653784
Seco2d Bar + Kitchen,amenity,restaurant,30.2020642,-97.6656984
Denny's,amenity,restaurant,30.4169212,-97.67391
Shu Shu's,amenity,restaurant,30.3632541,-97.7285134
Kim Phung,amenity,restaurant,30.3438588,-97.7141965
Subway,amenity,fast_food,30.3928859,-97.7066718
Halal Bros,amenity,restaurant,30.392891,-97.7067622
Domino's,amenity,fast_food,30.392939,-97.7068891
Maki Toki,amenity,restaurant,30.3929803,-97.707007
Red Lobster,amenity,restaurant,30.3436319,-97.7060642
Snarf's Sandwiches,amenity,fast_food,30.2883657,-97.7286376
Wholy Bagel,amenity,fast_food,30.3546311,-97.756609
China Dynasty,amenity,restaurant,30.1748731,-97.8270589
C Mart,shop,convenience,30.3519929,-97.7565313
Purr-Fecto Cat Lounge,amenity,cafe,30.2478149,-97.7746824
The Burger Truck,amenity,restaurant,30.2635184,-97.7627967
Coat & Thai,amenity,restaurant,30.2635944,-97.7628549
Donkeys Grilled Burritos,amenity,restaurant,30.2634721,-97.7629649
The Original New Orleans Po-boy And Gumbo Shop,amenity,restaurant,30.2636031,-97.7629169
Taqueria de Diez,amenity,restaurant,30.2482393,-97.7714173
Have A Taco,amenity,restaurant,30.2634412,-97.7629089
Cannone,amenity,restaurant,30.2635263,-97.762989
,amenity,restaurant,30.2635863,-97.7629558
Habibi ATX,amenity,restaurant,30.2634635,-97.7628425
Tacodeli,amenity,restaurant,30.2653307,-97.7435454
Big Nonnas,amenity,restaurant,30.4008618,-97.6577521
Nissi Vegan Méxican Cuisine,amenity,restaurant,30.3711681,-97.7247135
Plank Seafood Provisions,amenity,restaurant,30.4010047,-97.726838
The Dirdie Birdie,amenity,restaurant,30.3959797,-97.7270812
Circle K,shop,convenience,30.2121845,-97.7160327
La Traila #6,amenity,restaurant,30.2234863,-97.8410525
Darsan Namaste,amenity,restaurant,30.2234192,-97.8407668
Veracruz Fonda and Bar,amenity,restaurant,30.298098,-97.7055225
Rockstar Bagels,amenity,fast_food,30.2698997,-97.7188564
Donut Empire,amenity,restaurant,30.4086084,-97.6480443
La Madeleine,amenity,cafe,30.3063809,-97.709145
Fabrik Austin,amenity,restaurant,30.27929,-97.7229995
Kwik Mart,shop,convenience,30.2122883,-97.7300905
McDonald's,amenity,fast_food,30.2324112,-97.8228926
Chi'Lantro BBQ,amenity,fast_food,30.183412,-97.8481302
ZIKI,amenity,restaurant,30.2655244,-97.7442323
ZIKI,amenity,restaurant,30.2733418,-97.7532413
Kick Butt Coffee,amenity,cafe,30.3223603,-97.7139215
Texaco,shop,convenience,30.1694504,-97.6215795
Taqueria 1836,amenity,restaurant,30.2453306,-97.7804614
Jet's Pizza,amenity,restaurant,30.2423433,-97.7833416
Aba,amenity,restaurant,30.2530792,-97.7478012
Mirandas Cafe,amenity,cafe,30.2653919,-97.7428231
Truluck's,amenity,restaurant,30.2658847,-97.7453973
Tex Mex Joe's,amenity,restaurant,30.3446029,-97.7150753
SOHA,amenity,restaurant,30.3481635,-97.7149075
K BBQ,amenity,restaurant,30.3364816,-97.7172883
bb.q Chicken,amenity,restaurant,30.3364058,-97.7167081
Sazan Ramen,amenity,restaurant,30.336657,-97.7166085
Snow Ball Rice Ball,amenity,restaurant,30.3368926,-97.7166016
Bun Belly,amenity,restaurant,30.3370306,-97.7166443
,amenity,cafe,30.3376096,-97.7175781
Brazas Taco House,amenity,fast_food,30.3338665,-97.7162468
Bamboo House Austin,amenity,restaurant,30.3389567,-97.7185456
Vigilante Gastropub & Games,amenity,restaurant,30.3393399,-97.7183287
Luby’s,amenity,restaurant,30.3343873,-97.6883365
Mama Betty's Tex-Mex Cantina,amenity,restaurant,30.4871742,-97.769834
Zapco,shop,convenience,30.4882674,-97.7722464
Cuppa Austin Coffee,amenity,cafe,30.4780176,-97.7664202
Sunrise at Shore,amenity,cafe,30.2496313,-97.894979
El Tigre,amenity,cafe,30.27351,-97.7223157
Verbena,amenity,restaurant,30.2698939,-97.7488753
Rio Mart,shop,convenience,30.2841428,-97.7449039
Starbucks,amenity,cafe,30.2850801,-97.7447361
Zalat Pizza,amenity,restaurant,30.2870884,-97.7448994
TSAOCAA,amenity,cafe,30.286841,-97.7449201
Burger Bar,amenity,restaurant,30.2821105,-97.7427998
Subterra Agave Bar,amenity,bar,30.2668517,-97.7528544
Papa John's,amenity,fast_food,30.1574074,-97.7445856
Star Market,shop,convenience,30.1572378,-97.744233
Bread Basket,shop,convenience,30.1587776,-97.7451122
Little Caesars,amenity,fast_food,30.1804353,-97.7479758
CAVA,amenity,restaurant,30.267824,-97.742615
Grab N Go,shop,convenience,30.2655558,-97.6958098
Taco Miendo,amenity,restaurant,30.4150913,-97.6959705
Gatti's Pizza,amenity,restaurant,30.415549,-97.6969219
Citgo,shop,convenience,30.3913032,-97.6593661
Circle K,shop,convenience,30.1943681,-97.7451868
Placita's,amenity,restaurant,30.1945886,-97.7451635
Rancho Grande Supermercado,shop,supermarket,30.1966722,-97.7430494
CAVA,amenity,restaurant,30.2730999,-97.7992479
Tacos Las Amazonas,amenity,restaurant,30.1839341,-97.7924076
Tacos Ricos,amenity,restaurant,30.1846143,-97.7926829
Hawaii Neo Cafe,amenity,restaurant,30.1845182,-97.7927529
Tienda Mexicana Market,shop,supermarket,30.3568455,-97.6864207
AfriCarib Market,shop,supermarket,30.3565104,-97.6868834
Dollar General Market,shop,supermarket,30.3564661,-97.687156
China Fun,amenity,restaurant,30.356431,-97.6873152
Jo's Coffee,amenity,cafe,30.215817,-97.7976628
Pho Phong Luu,amenity,restaurant,30.3789069,-97.6570164
Milano Pizza,amenity,restaurant,30.2101058,-97.7868289
PHO 63,amenity,restaurant,30.3808017,-97.6908437
Mi Sabor Oaxaqueño,amenity,restaurant,30.3739393,-97.69055
Taqueria Hope,amenity,restaurant,30.3508793,-97.7083465
Tacos La Esmeralda,amenity,restaurant,30.3336384,-97.7049684
Mi Trailita Y Mas,amenity,restaurant,30.3051561,-97.6814344
La Canasta Supermarket,shop,supermarket,30.3050991,-97.6814773
Los Catrachos,amenity,restaurant,30.3746476,-97.6719673
East Buffer,amenity,restaurant,30.1902469,-97.7680862
Subway,amenity,fast_food,30.1905559,-97.7678986
JD Market,shop,supermarket,30.3305802,-97.6798964
Bistro Vonish,amenity,restaurant,30.3153113,-97.7166158
Willie's Bar-B-Que,amenity,restaurant,30.2852756,-97.6840754
5280 Burger and Taphouse,amenity,restaurant,30.3526685,-97.7540535
Halal Wings,amenity,restaurant,30.3065302,-97.7075266
The Halal Corner,amenity,restaurant,30.3062708,-97.7077002
The Kebab Shop,amenity,restaurant,30.3062763,-97.708902
Gino's Vino,amenity,restaurant,30.3072827,-97.7068937
Via 313 Pizza,amenity,fast_food,30.2607148,-97.7381732
Ziki,amenity,fast_food,30.2610131,-97.7378915
Double Dave's Pizza Works,amenity,restaurant,30.1625582,-97.7910656
Starbucks,amenity,cafe,30.4532051,-97.8270471
Subway,amenity,fast_food,30.3678302,-97.6139645
Eldorado Cafe,amenity,restaurant,30.3621876,-97.7423083
Bureau de Poste,amenity,restaurant,30.306848,-97.7300679
Maňana,amenity,cafe,30.2672874,-97.7545299
Tikka House Indian Eatery,amenity,restaurant,30.2491556,-97.768525
Super Thai Cuisine,amenity,restaurant,30.2491788,-97.7684445
Countryside Donuts,amenity,fast_food,30.3886634,-97.6194397
Llano Lounge,amenity,bar,30.2650052,-97.7437181
Hui Lau Shan,amenity,cafe,30.3387832,-97.7187041
Taquería Ldvileonas,amenity,fast_food,30.205578,-97.7161248
,amenity,fast_food,30.2541059,-97.7371127
Chevron,shop,convenience,30.254485,-97.7372989
Camp Mabry Exchange,shop,supermarket,30.3202858,-97.7571137
Tacos y mas,amenity,restaurant,30.1866822,-97.8163195
Manny's,amenity,restaurant,30.2677115,-97.7457896
Powder Room,amenity,bar,30.2676872,-97.7457978
The Kebab Shop,amenity,fast_food,30.393789,-97.7508871
Dish Society,amenity,restaurant,30.2984383,-97.7051787
Chuy's,amenity,restaurant,30.2999584,-97.7036543
Nautical Bowls,amenity,fast_food,30.2985941,-97.7049409
Donut 4U,amenity,fast_food,30.3507026,-97.676777
Mom's Grocery,shop,convenience,30.3505706,-97.6765249
Antojitos Hondureños,amenity,restaurant,30.3329558,-97.685544
Mission Burger Co.,amenity,fast_food,30.2408952,-97.7522168
Joi Asian Bistro,amenity,restaurant,30.4029698,-97.7215648
Heartland City Club,amenity,cafe,30.2755268,-97.765193
El Pollo Rico Express,amenity,fast_food,30.4041841,-97.6374924
Oma's Kitchen,amenity,restaurant,30.2836879,-97.7416398
Mary's Cafe,amenity,restaurant,30.2912527,-97.7266127
Target,shop,supermarket,30.2834154,-97.7417398
Wee's Cozy Kitchen,amenity,restaurant,30.2683825,-97.7423352
Suprabhat,amenity,restaurant,30.478359,-97.7665577
Mission Burger Co.,amenity,restaurant,30.2408637,-97.7523609
Next Level Burger,amenity,fast_food,30.2707011,-97.7534578
The Beer Plant,amenity,restaurant,30.296615,-97.7677277
The Well,amenity,restaurant,30.2656257,-97.7482929
Heaven's Bistro Bakery,amenity,cafe,30.4168674,-97.6991271
Sip Munch Cafe,amenity,cafe,30.4120965,-97.689915
Pizzeria Sportiva,amenity,restaurant,30.2525199,-97.7642917
Thundercloud Subs,amenity,restaurant,30.3215448,-97.7052443
Subway,amenity,fast_food,30.2755967,-97.668933
Julie’s Noodle,amenity,restaurant,30.3610659,-97.7157753
Pizza Hut,amenity,restaurant,30.2010536,-97.765301
Fiesta Mart,shop,supermarket,30.2005063,-97.7644952
Swim Club,amenity,restaurant,30.2702041,-97.7347217
Parish,amenity,bar,30.2648207,-97.7339773
My Oh My,amenity,bar,30.2650165,-97.7340781
Casa Colombia,amenity,restaurant,30.2608046,-97.7148283
Sunny's,shop,convenience,30.2542138,-97.7630361
Domino's,amenity,fast_food,30.2521304,-97.7637224
El Primo,amenity,fast_food,30.2448373,-97.7573308
Craig O's Pizza & Pastaria,amenity,restaurant,30.2357649,-97.8207967
Sweet Paris,amenity,cafe,30.4019256,-97.7264596
Sweetgreen,amenity,restaurant,30.4006129,-97.7228063
Reina Rooftop,amenity,bar,30.2639979,-97.7406409
Roma,amenity,bar,30.264074,-97.740611
ReyRey + Taqueria 10de10,amenity,bar,30.2639386,-97.7406658
Jaipur Palace,amenity,restaurant,30.1555513,-97.7925495
Jupiter Supper Club,amenity,restaurant,30.2697532,-97.7424206
Idlewild Coffee,amenity,cafe,30.2765365,-97.7496715
Four Five Six,amenity,bar,30.2571286,-97.7236539
Nando's,amenity,restaurant,30.298121,-97.7048383
Honest Mary's,amenity,fast_food,30.2997031,-97.7038355
Pluckers Wing Bar,amenity,restaurant,30.3239695,-97.70777
Pluckers Wing Bar,amenity,restaurant,30.372676,-97.7278594
Noble Sandwich Co,amenity,restaurant,30.2022362,-97.6644599
Zocalo Cafe,amenity,cafe,30.2022458,-97.664333
market 512,shop,convenience,30.2022393,-97.6641924
Beerdrop,amenity,bar,30.2022809,-97.6645285
Vino Volo,amenity,bar,30.2022864,-97.6632304
Sushi a go go,amenity,restaurant,30.2022376,-97.6644107
Velvet Taco,amenity,fast_food,30.4013057,-97.722502
Via 313 Pizza,amenity,restaurant,30.2978688,-97.7414335
Chēba Hut Toasted Subs,amenity,fast_food,30.2979433,-97.7415758
Fleet Coffee,amenity,cafe,30.2856787,-97.7115843
Yushiko Ramen & Sushi,amenity,restaurant,30.1696758,-97.7882996
Domino's Pizza (6483),amenity,fast_food,30.2358265,-97.8377775
Tenten,amenity,restaurant,30.2692655,-97.7475552
Bull & Bowl,amenity,restaurant,30.2693069,-97.7476863
Perfect Strangers,amenity,restaurant,30.267122,-97.7463189
The Cabana Bar at Hotel ZaZa,amenity,bar,30.2673277,-97.7464843
Goya Sushi & Grill,amenity,restaurant,30.4619117,-97.7954631
Starbucks,amenity,cafe,30.4027582,-97.7212458
JuiceLand,amenity,fast_food,30.4027504,-97.7213377
Domino's,amenity,fast_food,30.2605214,-97.7136664
JuiceLand,amenity,fast_food,30.2196357,-97.7560538
McDonald's,amenity,fast_food,30.220541,-97.7538385
La Crawfish,amenity,restaurant,30.2211587,-97.756851
Cabo Bob's Burritos,amenity,fast_food,30.2210325,-97.756935
Austea,amenity,cafe,30.2213187,-97.7567513
Domino's,amenity,fast_food,30.2380152,-97.7537296
Coco’s Cafe,amenity,restaurant,30.3611102,-97.7155755
House of Three Gorges,amenity,restaurant,30.3617553,-97.7153921
The Austin Eagle,amenity,bar,30.3310359,-97.6668989
Starbucks,amenity,cafe,30.2652626,-97.7383962
Phoebe's Diner,amenity,cafe,30.2740058,-97.7448779
The Star Cafe,amenity,cafe,30.2799893,-97.7388481
Ramen Del Barrio,amenity,restaurant,30.4127279,-97.6867058
Spread & co,amenity,restaurant,30.3124405,-97.7733716
Einstein Bros. Bagels,amenity,fast_food,30.2195469,-97.8353486
Clean Juice,amenity,fast_food,30.2195305,-97.8354723
Tropical Smoothie Cafe,amenity,fast_food,30.2038455,-97.8791211
Black Sheep Coffee,amenity,cafe,30.2693448,-97.7464777
,amenity,cafe,30.202367,-97.6678025
Mangieri's Pizza Cafe,amenity,restaurant,30.2012745,-97.8789622
District Kitchen + Cocktails,amenity,restaurant,30.201444,-97.8796223
Que Divino Cocina Mexicana,amenity,restaurant,30.3570795,-97.7487821
Summer Moon Coffee,amenity,cafe,30.3555394,-97.7302023
An Nyeong K Tofu & BBQ,amenity,restaurant,30.3215358,-97.7390648
Thundercloud Subs,amenity,restaurant,30.3824074,-97.723803
Cosmic Saltillo,amenity,bar,30.2622871,-97.7299881
Klerjē Coffee,amenity,cafe,30.2627736,-97.7254221
LOVE Bubble Tea,amenity,cafe,30.2628366,-97.7256008
True Texas BBQ,amenity,restaurant,30.2386961,-97.7540926
Postino,amenity,bar,30.253797,-97.7625395
Love Lamp Matcha,amenity,cafe,30.2619801,-97.761792
The Tiny Minotaur Tavern,amenity,bar,30.2532298,-97.7140569
Thistle Cafe,amenity,cafe,30.2684394,-97.7448291
JuiceLand,amenity,fast_food,30.2775059,-97.7722469
Jersey Mike's Subs,amenity,fast_food,30.4172704,-97.7041647
Interstellar BBQ,amenity,restaurant,30.4614582,-97.8151755
K-Pub Korean Cuisine & Karaoke,amenity,restaurant,30.4615135,-97.8149993
Dutch Bros. Coffee,amenity,cafe,30.3013564,-97.6620305
Josephine House,amenity,restaurant,30.2805739,-97.7590331
Nomade,amenity,restaurant,30.2497111,-97.7552994
La Posada,amenity,restaurant,30.2083161,-97.8154776
Terrazzo Tea,amenity,cafe,30.2619053,-97.7209601
Cafe Americana,amenity,cafe,30.3118866,-97.7603128
Marco's Pizza,amenity,fast_food,30.2084802,-97.8164895
Cuba512,amenity,restaurant,30.2090073,-97.8160037
Lala's South Pole,amenity,bar,30.1911471,-97.8322305
Domino's,amenity,fast_food,30.2081783,-97.8172017
China Hill,amenity,restaurant,30.2083036,-97.8173379
Bread Basket Mets,shop,convenience,30.2083762,-97.817492
Krispy Krunchy Chicken,amenity,fast_food,30.3202226,-97.707932
7-Eleven,shop,convenience,30.3412543,-97.7007537
The Lodge,amenity,bar,30.2668174,-97.7388823
Toulouse on 6th Street,amenity,bar,30.2668447,-97.7389497
The Roof Top on 6th,amenity,bar,30.2668797,-97.7390899
Pour Choices,amenity,bar,30.2669109,-97.7392228
The Library,amenity,bar,30.2668647,-97.7390182
Casa de Luz East,amenity,restaurant,30.2796688,-97.7201984
First Watch,amenity,restaurant,30.3763351,-97.6309039
Pho with Us,amenity,restaurant,30.1555594,-97.7926009
Sonic,amenity,fast_food,30.3201418,-97.6971762
Paprika ATX,amenity,restaurant,30.3337121,-97.7211323
The Soup Peddler - Far West,amenity,restaurant,30.3556256,-97.7569394
Barley Bean,amenity,cafe,30.2391904,-97.7889109
Mission Burger Co.,amenity,restaurant,30.2392513,-97.7888107
The One Pho,amenity,restaurant,30.3987043,-97.7446826
Speedway Grocery,shop,grocery,30.2999141,-97.7331419
Café at the Loren,amenity,cafe,30.2642132,-97.7569712
Nido,amenity,restaurant,30.264188,-97.7568807
Perry's Steakhouse & Grille,amenity,restaurant,30.4044785,-97.7209528
Nabe Sushi,amenity,restaurant,30.3954831,-97.8481543
La Frontera,amenity,restaurant,30.3951466,-97.8475022
Howdy Donuts,amenity,fast_food,30.3956086,-97.8483645
KG BBQ,amenity,restaurant,30.2868181,-97.7051802
P6 – Rooftop Bar,amenity,restaurant,30.2627052,-97.7438717
Super Burrito at The Water Tank,amenity,cafe,30.4350464,-97.7667828
Medici Roasting,amenity,cafe,30.3933042,-97.7253028
Medici Roasting,amenity,cafe,30.2672535,-97.6923084
Halal Bros,amenity,restaurant,30.2924949,-97.7415967
Halal Bros,amenity,restaurant,30.234372,-97.7928648
Halal Bros,amenity,restaurant,30.4529304,-97.8275404
Stop N Tote,shop,convenience,30.256545,-97.7115887
Bread Boat,amenity,restaurant,30.2626088,-97.7207919
Godsent Coffee,amenity,cafe,30.4463594,-97.7972092
Rockin' Rolls,amenity,fast_food,30.3210683,-97.7397322
El Xolo Tacos,amenity,restaurant,30.2795932,-97.7208712
Drink Margarita Bar,amenity,bar,30.4705134,-97.807056
Postino Bryker Woods,amenity,restaurant,30.3074114,-97.7515162
Wonky Blends,amenity,fast_food,30.1853432,-97.7920395
Wonky Blends,amenity,fast_food,30.2633017,-97.7140328
Domino's,amenity,fast_food,30.3883924,-97.6498967
Muse Coffee Co,amenity,cafe,30.3196075,-97.7300718
"Texas Law Guns, Injury & Accident Lawyers",shop,supermarket,30.2347295,-97.7395377
Uncle Nicky's Italian Specialties,amenity,restaurant,30.2476543,-97.7719211
Bird Bird Bisquit,amenity,restaurant,30.2474561,-97.7718377
San Ginés,amenity,restaurant,30.2486236,-97.7702447
Paperboy,amenity,restaurant,30.2535458,-97.7627822
Kiin Di,amenity,restaurant,30.247159,-97.7774714
JD's Supermarket #9,shop,supermarket,30.2257083,-97.7038991
Choo Sando,amenity,restaurant,30.3246421,-97.740135
Kitsu Nori,amenity,restaurant,30.2475177,-97.774885
Azul Tequila,amenity,restaurant,30.2336597,-97.792195
Ex Files,amenity,bar,30.249263,-97.768766
Li'l Nonna's,amenity,restaurant,30.2955474,-97.7416677
Two Hands,amenity,fast_food,30.2535094,-97.7480061
Veracruz,amenity,fast_food,30.2629358,-97.7444739
Half Moon,amenity,fast_food,30.2023843,-97.6671393
WEIRDO,shop,convenience,30.4279082,-97.6640611
El Taco Borracho,amenity,fast_food,30.4278125,-97.6640087
Sonic,amenity,fast_food,30.24570753759528,-97.78001443396431
Serranos Cocina y Cantina,amenity,restaurant,30.472648644981838,-97.8018340048044
Applebee's,amenity,restaurant,30.47212071826265,-97.79961115653663
Pluckers Wing Bar,amenity,restaurant,30.468470696394544,-97.80356725701026
Chili's,amenity,restaurant,30.467420921516037,-97.80385066029478
Fuddruckers,amenity,restaurant,30.467025637412984,-97.80499414872484
Foxhole Culinary Tavern,amenity,restaurant,30.4744287182429,-97.79828273652323
IHOP,amenity,restaurant,30.467598269241968,-97.79522674537571
Chick-fil-A,amenity,fast_food,30.469333,-97.79117730000002
Whataburger,amenity,fast_food,30.469560756430287,-97.79064417074343
Walmart Supercenter,shop,supermarket,30.467084491048922,-97.78928289146842
Freda's Seafood Grille,amenity,restaurant,30.46398868252405,-97.80385708215101
McDonald's,amenity,fast_food,30.46548443747276,-97.80316127580089
Olive Garden,amenity,restaurant,30.465931368887492,-97.80200791781735
Church's Chicken,amenity,fast_food,30.459307326999536,-97.79217940682449
7-Eleven,shop,convenience,30.461315650000003,-97.79271259999999
H-E-B,shop,supermarket,30.441460405069332,-97.74252760326645
H-E-B,shop,supermarket,30.43420201975423,-97.77264141843393
Jack in the Box,amenity,fast_food,30.43522153184952,-97.76838036238657
H-E-B plus!,shop,supermarket,30.453645649658093,-97.82522349162855
Mozart's Coffee Roasters,amenity,cafe,30.295439419759017,-97.7842520710986
Garbo's,amenity,restaurant,30.423703732464404,-97.70208610407877
Taco Cabana,amenity,fast_food,30.4206850899771,-97.70269744471432
H-E-B,shop,supermarket,30.417470437523317,-97.70279654509964
Wendy's,amenity,fast_food,30.41863709208335,-97.7035981485837
Chick-fil-A,amenity,fast_food,30.419034074284802,-97.70331163854988
La Tapatia,amenity,restaurant,30.4464107,-97.79030625
The Coffee Bean & Tea Leaf,amenity,cafe,30.445840585360244,-97.79013406134524
Burger King,amenity,fast_food,30.447811889798057,-97.79110455469365
,amenity,restaurant,30.44488909281943,-97.78896041351102
Taco Cabana,amenity,fast_food,30.443774098435334,-97.7872989385899
KFC,amenity,fast_food,30.44816758207369,-97.78927548048726
Main Event,amenity,restaurant,30.445561745592624,-97.78453695339081
Cheddar's,amenity,restaurant,30.446043921299303,-97.78774959515168
Cover 2,amenity,restaurant,30.457187195731564,-97.79138927022609
H-E-B,shop,supermarket,30.404463168454445,-97.85152677661215
County Line on the Lake,amenity,restaurant,30.35705038426933,-97.78561717099899
Walmart Supercenter,shop,supermarket,30.16505707495664,-97.79055297072517
H-E-B,shop,supermarket,30.39852452341718,-97.74834737598734
China Star Buffet,amenity,restaurant,30.323141026077874,-97.70376245251623
Pappadeaux,amenity,restaurant,30.325386950632982,-97.70478574539354
Seareinas,amenity,restaurant,30.32766170839721,-97.7041210873782
Chili's,amenity,restaurant,30.32785965,-97.70485945
Japon Sushi,amenity,restaurant,30.32881707792016,-97.70486480718479
Maudie's Tex Mex,amenity,restaurant,30.28283930543232,-97.77559739787812
H-E-B,shop,supermarket,30.202661858190748,-97.87660288589078
Wheatsville Food Co-op,shop,supermarket,30.29762262501824,-97.74104830143162
,amenity,fast_food,30.299064698578842,-97.72016896208389
Jo's Coffee Red River,amenity,cafe,30.299833900000003,-97.7219121
Bush's Chicken,amenity,fast_food,30.185787389036694,-97.84775452581943
Taco Bell,amenity,fast_food,30.1825336781472,-97.84664620716802
Starbucks,amenity,cafe,30.182763572057866,-97.84700666384252
Whataburger,amenity,fast_food,30.182976573899243,-97.84743594164664
Whataburger,amenity,fast_food,30.166140374633077,-97.78799101756599
,amenity,cafe,30.202393467459714,-97.80629214253595
Beto’s,amenity,restaurant,30.20320207034881,-97.8057239421471
Church's Chicken,amenity,fast_food,30.202433609869185,-97.80659617405604
P.F. Chang's,amenity,restaurant,30.263774200000007,-97.7413891
Food Basket,shop,convenience,30.407764100000005,-97.69637520000002
Pond Springs Food Mart,shop,convenience,30.45046142514415,-97.78602914187728
Jim's,amenity,restaurant,30.434346516702938,-97.77143627237906
P. Terry's,amenity,fast_food,30.424904026678334,-97.75196147997687
IHOP,amenity,restaurant,30.41652012746645,-97.7473321147304
Rudy's Country Store & Bar-B-Q,amenity,restaurant,30.4141579348332,-97.74697844547921
Schlotzsky's,amenity,fast_food,30.40756175161517,-97.74584991168979
Manuel's,amenity,restaurant,30.396735783753286,-97.74930352865478
Romano's Macaroni Grill,amenity,restaurant,30.39454304934379,-97.74758061660229
Panda Express,amenity,fast_food,30.453229732916682,-97.82720962134096
7-Eleven,shop,convenience,30.455559554640306,-97.82470891519056
P. Terry's,amenity,fast_food,30.461164833440446,-97.79534192485816
7-Eleven,shop,convenience,30.416371357950357,-97.74542113263895
Pappadeux's Seafood Kitchen,amenity,restaurant,30.41469287026057,-97.7449763926084
Chick-fil-A,amenity,fast_food,30.401116754892755,-97.74496232349256
Saltgrass Steak House,amenity,restaurant,30.397648880510125,-97.74707606685891
Marie Callender's,amenity,restaurant,30.385981088512377,-97.74163177339076
Taco Cabana,amenity,fast_food,30.388304519022412,-97.74298926519833
Buca di Beppo,amenity,restaurant,30.384572050000003,-97.73691905000001
Jim's Restaurant,amenity,restaurant,30.37450783079611,-97.72775778721386
7-Eleven,shop,convenience,30.374442814796453,-97.72677307608761
Citgo,shop,convenience,30.364379,-97.71535259999999
Church's Chicken,amenity,fast_food,30.3607951,-97.71631935
,amenity,restaurant,30.359328179073106,-97.71592984283694
Mi Pueblito Food Mart,shop,supermarket,30.355498501953484,-97.71476163193502
La Familia Market,shop,convenience,30.360620349999994,-97.71752665
Sugar Pine,amenity,cafe,30.361804876902553,-97.7176544618064
Mi Lindo Jalisco,amenity,restaurant,30.362376232408153,-97.71780917063012
Pronto,shop,convenience,30.3626504914708,-97.71792318762762
Arby's,amenity,fast_food,30.363367741554015,-97.71816493631113
El Pollo Rico,amenity,restaurant,30.363642999644956,-97.71835321731521
Trudy's,amenity,restaurant,30.37061990610817,-97.7276050388528
Eddie V's,amenity,restaurant,30.38960019883182,-97.75301767855376
Burger King,amenity,fast_food,30.397127611667653,-97.73424896476638
The Boat,amenity,restaurant,30.397723910677637,-97.73339376749531
7-Eleven,shop,convenience,30.40965489276058,-97.71552797452544
Waterloo Icehouse,amenity,restaurant,30.367959639893407,-97.7282020321292
DQ Grill & Chill,amenity,fast_food,30.363207316509104,-97.72947923841751
McDonald's,amenity,fast_food,30.399161772690476,-97.74689379041598
Taco Bell,amenity,fast_food,30.400235161350746,-97.74727822383997
Chuy's,amenity,restaurant,30.418557131831935,-97.74779630493092
Brick House Tavern,amenity,restaurant,30.41790254704497,-97.74764493212157
7-Eleven,shop,convenience,30.416484683884054,-97.74818945285882
Pour House,amenity,restaurant,30.4228928863625,-97.75532517452453
Sonic,amenity,fast_food,30.423967810219224,-97.75590341034307
P.F. Chang's,amenity,restaurant,30.395526796938118,-97.75033808972469
Siena Ristorante Toscana,amenity,restaurant,30.36023833812657,-97.78889150630258
Truluck's Seafood Steak & Crab,amenity,restaurant,30.39539812222734,-97.7453694139631
Happy Chicks,amenity,fast_food,30.39799377433155,-97.74551365805956
Pacific Star Restaurant & Oyster Bar,amenity,restaurant,30.450607022183902,-97.79001504667156
Schlotzsky's,amenity,fast_food,30.46839301083233,-97.7944020339507
7-Eleven,shop,convenience,30.45533001813379,-97.82722495094421
Falafel Burger,amenity,restaurant,30.4547096140642,-97.82739895947739
Firehouse Lounge & Hostel,amenity,bar,30.26816506148084,-97.74106358706759
Dirty Bill's,amenity,bar,30.269623449999997,-97.74940194999999
Ranch 616,amenity,restaurant,30.270356472878014,-97.74848790917851
Walton's Fancy & Staple,amenity,restaurant,30.269543650000003,-97.74902575
The Dogwood,amenity,bar,30.269859162788368,-97.75032828434679
Concrete Cowboy,amenity,bar,30.27000612216869,-97.75042020803474
Green Light Social,amenity,bar,30.270398905742173,-97.7500810193651
Star Bar,amenity,bar,30.26995606631014,-97.74854191272016
Parlor and Yard,amenity,restaurant,30.26951491972812,-97.74872936329128
Hoffbrau Steaks,amenity,restaurant,30.269675621683987,-97.74919101641596
Whiskey Tango Foxtrot Icehouse,amenity,bar,30.269822327665477,-97.74985695528714
Culver's,amenity,fast_food,30.213857716375347,-97.82928465046504
Aussie's Grill and Beach Bar,amenity,restaurant,30.259078974929242,-97.74826572420322
Curra's Hyde Park,amenity,restaurant,30.3043406797586,-97.72600932549145
7-Eleven,shop,convenience,30.386364951179093,-97.69476058761201
Baby Acapulco,amenity,restaurant,30.386688547391717,-97.73771000905938
7-Eleven,shop,convenience,30.391838250000006,-97.72122695000002
Food Mart,shop,convenience,30.389965213179288,-97.71981827114588
Taco Bell,amenity,fast_food,30.39123637652561,-97.72014361696219
Wienerschnitzel,amenity,fast_food,30.391036249650416,-97.71955441526192
Ichiban,amenity,restaurant,30.349212199999993,-97.73588515
Mimi's Cafe,amenity,restaurant,30.385870645975608,-97.73430969600544
McDonald's,amenity,fast_food,30.391436049774267,-97.72064396347511
Texas Roadhouse,amenity,restaurant,30.446988542964114,-97.78865505591419
OneTaco Taquería,amenity,fast_food,30.462287650000007,-97.81474029999998
Randalls 2490,shop,supermarket,30.402165736361603,-97.74729520179
Randalls 2485,shop,supermarket,30.229197246416938,-97.79016022404194
Randalls 2482,shop,supermarket,30.371493392569135,-97.75834874156669
Randalls,shop,supermarket,30.335372989934342,-97.75802402892135
Randalls 2471,shop,supermarket,30.304236002761044,-97.76403035545047
Randalls,shop,supermarket,30.184079194729723,-97.84763761271857
Rudy's Country Store and Bar-B-Q,amenity,restaurant,30.410569499999998,-97.84936415000001
Taco Bell,amenity,fast_food,30.407763617548895,-97.8510306368463
McDonald's,amenity,fast_food,30.407308748700416,-97.85120326512528
Speedy Stop,shop,convenience,30.403429949999996,-97.85494444999998
Thundercloud Subs,amenity,fast_food,30.403127663010444,-97.85496432316299
Mighty Fine,amenity,fast_food,30.402739450000002,-97.8549098
Smokey J's BBQ,amenity,fast_food,30.403904341716586,-97.85477481984782
Taco Bell,amenity,fast_food,30.486591299999997,-97.77011044999999
McDonald's,amenity,fast_food,30.496271427580485,-97.77547489957475
Moonshine Grill,amenity,restaurant,30.497022835546577,-97.77602666385312
Bob's Steak & Chop House,amenity,restaurant,30.26609214593997,-97.74592116386167
Sammie's,amenity,restaurant,30.27024301312676,-97.75115752385149
Shoal Creek Saloon,amenity,restaurant,30.27427087432616,-97.75231176174401
Fresa's,amenity,fast_food,30.2744562,-97.7522018
Manpasand Supermarket,shop,supermarket,30.410585488908737,-97.67174920671397
Walmart Supercenter,shop,supermarket,30.413662593282112,-97.67644725242693
Schlotzsky's,amenity,fast_food,30.356355999999998,-97.7322813
7-Eleven,shop,convenience,30.35606549432029,-97.73185396564648
Starbucks,amenity,cafe,30.35987155,-97.73789810000001
GattiTown Buffet & Gameroom,amenity,fast_food,30.156939453805872,-97.79273971067589
Starbucks,amenity,cafe,30.41880794535059,-97.70269483127801
H-E-B,shop,supermarket,30.442691389586923,-97.66411544888173
McDonald's,amenity,fast_food,30.43928650863032,-97.69769345135072
Taco Bell,amenity,fast_food,30.413692684455704,-97.69280490450163
Walmart Supercenter,shop,supermarket,30.23222543618729,-97.82334294860223
Polvos Interior Mexican Cuisine,amenity,restaurant,30.25396139314537,-97.80736694224879
Thundercloud Subs,amenity,fast_food,30.25512090406921,-97.74530148319676
Walmart Supercenter,shop,supermarket,30.221066547420175,-97.7539968383013
La Mancha,amenity,restaurant,30.322495599999996,-97.74089129999999
Tres Amigos Restaurant,amenity,restaurant,30.323989310239742,-97.67462786802253
Popeyes,amenity,fast_food,30.367918284681163,-97.69375322009917
Wendy's,amenity,fast_food,30.3674985,-97.69400064999999
La Hacienda Market,shop,supermarket,30.37012654933437,-97.69356458285822
,amenity,restaurant,30.367475980922396,-97.69529316753727
Whataburger,amenity,fast_food,30.36531625106677,-97.6962313674764
Taco Bell,amenity,fast_food,30.3648025,-97.69667084999999
McDonald's,amenity,fast_food,30.364109299448003,-97.69696626614021
Burger King,amenity,fast_food,30.36519365,-97.69542245
Starbucks,amenity,cafe,30.217677517052692,-97.68980556762533
7-Eleven,shop,convenience,30.217908687676886,-97.688983981986
Waffle House,amenity,restaurant,30.218476130683204,-97.68808467269554
Quality Seafood,amenity,restaurant,30.318084724539627,-97.71225897666355
Rain on 4th,amenity,bar,30.26653799566393,-97.74565862716786
,shop,convenience,30.330135951228456,-97.71507928636596
ChoSun Galbi,amenity,restaurant,30.329912250000003,-97.70657034999998
7-Eleven,shop,convenience,30.332861788172494,-97.70529394417423
Wendy's,amenity,fast_food,30.321161318305496,-97.71413830485267
Panda Express,amenity,fast_food,30.321498466446435,-97.71441646212695
Starbucks,amenity,cafe,30.335978150000003,-97.71756395000001
Han Yang Market,shop,supermarket,30.336226045790568,-97.72108819759073
Roaring Fork,amenity,restaurant,30.400883459754954,-97.73781463235258
Whataburger,amenity,fast_food,30.358675294542337,-97.73705791617628
Golden Corral,amenity,restaurant,30.409353962488808,-97.67716670130231
Whataburger,amenity,fast_food,30.22024379159319,-97.83525381929546
Starbucks,amenity,cafe,30.23248418530245,-97.87406926166832
McDonald's,amenity,fast_food,30.23525294965814,-97.87585220066424
Jim's,amenity,restaurant,30.234334948336134,-97.87647482187323
Golden Chick,amenity,fast_food,30.234581688392826,-97.87677826597601
Jack in the Box,amenity,fast_food,30.38301568395819,-97.72363976545543
Turnstile,amenity,restaurant,30.384041150522698,-97.72332227816742
Einstein Bros. Bagels,amenity,fast_food,30.361239556633247,-97.74042632043016
Panera Bread,amenity,fast_food,30.475100446215567,-97.79860338246152
7-Eleven,shop,convenience,30.477135238665632,-97.76604432653028
Circle K,shop,convenience,30.213661633058674,-97.65861436129524
H-E-B,shop,supermarket,30.18871693744621,-97.7687490953785
H-E-B,shop,supermarket,30.33430895167554,-97.74115071748443
H-E-B,shop,supermarket,30.312059301339463,-97.66475008202192
Jack in the Box,amenity,fast_food,30.356265632479953,-97.7304127582566
Panda Express,amenity,fast_food,30.354098030501714,-97.73256671603673
Sonic,amenity,fast_food,30.35383786575651,-97.73275195693782
Sunrise Mini-Mart,shop,convenience,30.349543576564475,-97.73439428602543
Bill Miller BBQ,amenity,restaurant,30.359462136857307,-97.72955104682555
Burnet Express,shop,convenience,30.365065100000002,-97.72909599999998
Crestview Express,shop,convenience,30.35371512688349,-97.72646273311162
Enchiladas Y Mas,amenity,restaurant,30.353921928305496,-97.72690502639063
Food Mart,shop,convenience,30.35305473240057,-97.7234839077935
Star Stop,shop,convenience,30.362427052955898,-97.72966172070933
McDonald's,amenity,fast_food,30.358117949999997,-97.73096389999999
Sunrise Mini Mart,shop,convenience,30.353158599999997,-97.72550820000001
H-E-B plus!,shop,supermarket,30.477979513899157,-97.80334431028997
7-Eleven,shop,convenience,30.4086785,-97.6786881
Prime Mart,shop,convenience,30.407207449999998,-97.67883830000001
Schlotzsky's,amenity,fast_food,30.403735039604555,-97.67393422897742
H-E-B,shop,supermarket,30.351859425992078,-97.75485542861267
Hey Cupcake,amenity,cafe,30.331162394288036,-97.74031751034296
Little Longhorn Saloon,amenity,bar,30.329350650000006,-97.74015750000001
Hat Creek Burger Co.,amenity,fast_food,30.328341294386608,-97.74004818248892
Thundercloud Subs,amenity,fast_food,30.328541926263092,-97.739572396198
Papa John's,amenity,fast_food,30.327446533668056,-97.73943769435756
Cabo Bob's,amenity,fast_food,30.2335146,-97.82442275
Food Mart,shop,convenience,30.259574834051666,-97.90784635180634
Whataburger,amenity,fast_food,30.2580558310343,-97.75068371854475
Whataburger,amenity,fast_food,30.230353632561712,-97.7871472964009
Whataburger,amenity,fast_food,30.31923569374109,-97.6982116139281
Whataburger,amenity,fast_food,30.28310548829704,-97.70293035950733
Whataburger,amenity,fast_food,30.293455957918724,-97.7421667441599
Whataburger,amenity,fast_food,30.330416649999997,-97.7229941
Texas Market,shop,convenience,30.331761350000004,-97.72225695000002
,shop,convenience,30.284292374316312,-97.65943838227135
Circle K,shop,convenience,30.440791416767645,-97.77386949959816
Food Mart,shop,convenience,30.443297249999993,-97.78657924999996
East Side Pies,amenity,fast_food,30.35324438946107,-97.72567078359367
Austin Mart,shop,convenience,30.22364370882957,-97.76279569490606
McDonald's,amenity,fast_food,30.329105807888435,-97.6606003521794
Quickie Pickie,amenity,restaurant,30.2687162,-97.72724525000001
Pizza Hut,amenity,restaurant,30.27167620582125,-97.69778982855489
Topgolf,amenity,restaurant,30.39827896741535,-97.71746349231354
Sprouts Farmers Market,shop,supermarket,30.304515473913195,-97.70963616029138
H-E-B,shop,supermarket,30.300905436394004,-97.69855052401101
Skylark Lounge,amenity,bar,30.28477289560902,-97.70410336854323
Nori,amenity,restaurant,30.29992168391192,-97.7402960339703
PD Thai,amenity,restaurant,30.29986300137951,-97.74038477036278
Salsa Limón,amenity,restaurant,30.296607893919045,-97.74165564752695
Jack in the Box,amenity,fast_food,30.231353034461982,-97.86440506246817
Sandy's,amenity,fast_food,30.258409805826435,-97.75100701912369
Eberly,amenity,restaurant,30.25860118156299,-97.75870739761875
Central Market - H-E-B,shop,supermarket,30.307306429696318,-97.73973346406785
East Side Pies,amenity,restaurant,30.26878570508516,-97.72408225759439
The Grackle,amenity,bar,30.262663175640387,-97.72415901887612
Micklethwait Craft Meats,amenity,restaurant,30.268318092205863,-97.72521855470147
Whataburger,amenity,fast_food,30.190557971190742,-97.77185924949111
KFC,amenity,fast_food,30.19046685792592,-97.77160227283365
Schlotzsky's,amenity,fast_food,30.192962817620412,-97.78006294792257
Stagger Lee,amenity,bar,30.259622053698166,-97.73811286727754
Idle Hands,amenity,bar,30.25950128887709,-97.73819725059842
Icenhauer's,amenity,bar,30.259382249245157,-97.73829712410202
Lucille,amenity,bar,30.25874007561949,-97.73852719681327
Unbarlievable,amenity,bar,30.25889046842568,-97.73897398142958
Augustine,amenity,bar,30.25965255,-97.7386791
Parlor Room,amenity,bar,30.259805044762764,-97.73865678384658
Clive Bar,amenity,bar,30.260056047482422,-97.73862400749684
IHOP,amenity,restaurant,30.260953845369635,-97.73737865554092
Jo's Coffee,amenity,cafe,30.251018960991974,-97.74939860799036
Guero's Taco Bar,amenity,restaurant,30.24915282906302,-97.75028611108385
Kerbey Lane Cafe,amenity,restaurant,30.291207968232804,-97.74152178504792
Sonic,amenity,fast_food,30.18475956093689,-97.8496978268489
El Arroyo,amenity,restaurant,30.27490016872464,-97.7644469036216
P. Terry's,amenity,fast_food,30.232279998981152,-97.736303076964
7-Eleven,shop,convenience,30.23204048168434,-97.73738108691042
Speedy Stop,shop,convenience,30.30479215,-97.69891514999998
In-N-Out Burger,amenity,fast_food,30.304338030262333,-97.71566993083802
Texas Chili Parlor,amenity,restaurant,30.27695375731715,-97.74196587019908
Quiznos,amenity,fast_food,30.271738292590072,-97.74178955288178
Roppolo's Pizza,amenity,fast_food,30.267478403011108,-97.73967156424928
Koriente Restaurant,amenity,restaurant,30.26701099526023,-97.73599448887549
Swan Dive,amenity,bar,30.26713842971935,-97.7366535306482
Coyote Ugly,amenity,bar,30.2664773,-97.73820165000001
Good Intentions,amenity,bar,30.266778300000002,-97.73927999999998
Flamingo Cantina,amenity,bar,30.26643681495994,-97.73776227886675
Péché,amenity,restaurant,30.2669638,-97.74516980000001
DuMont's Down Low,amenity,bar,30.26700716229398,-97.74532530620883
Estelle's Social Lounge,amenity,bar,30.266829627663558,-97.74501828683275
Mort Subite,amenity,bar,30.26571892960875,-97.7439833989154
The Roosevelt Room,amenity,bar,30.267712611213966,-97.74631230343883
Cheer Up Charlies,amenity,bar,30.269627259668685,-97.73638279970673
Stubb's BBQ,amenity,restaurant,30.268488899999998,-97.7362194
Wanderlust Wine Co.,amenity,bar,30.26635055,-97.73506375000001
Green Mesquite BBQ,amenity,restaurant,30.261484376170632,-97.75919716562368
Starbucks,amenity,cafe,30.287954783344777,-97.74259751804962
The Diner at Victory Lap,amenity,restaurant,30.288214032073952,-97.7428891635178
Bird Bird Biscuit,amenity,cafe,30.3307989,-97.73200885
El Chile Cafe Y Cantina,amenity,restaurant,30.28354045,-97.72256825
Apothecary Cafe & Wine Bar,amenity,cafe,30.319045979625866,-97.73952523434303
McDonald's,amenity,fast_food,30.237528603374276,-97.75199088548918
Taco Bell,amenity,fast_food,30.237781249999998,-97.75249819999999
El Tacorrido,amenity,fast_food,30.24247269093739,-97.75958273586323
Starbucks,amenity,cafe,30.24219260214038,-97.75893829681738
Jack in the Box,amenity,fast_food,30.37609193449813,-97.67314767669234
7-Eleven,shop,convenience,30.29073752651304,-97.74183545701726
Roppolo's Pizzeria,amenity,restaurant,30.29099378131606,-97.74154547657803
Potbelly,amenity,fast_food,30.286822908661772,-97.74195739610056
Foxtrot,shop,convenience,30.286302256905813,-97.74194937351284
Chipotle,amenity,fast_food,30.28565495308649,-97.74206833644152
Sweetgreen,amenity,fast_food,30.28575741912935,-97.74211076887293
CAVA,amenity,restaurant,30.288545185309722,-97.74176898504189
Church's Chicken,amenity,fast_food,30.19249660995608,-97.7389610375477
Mario's Seafood,amenity,restaurant,30.337709287885428,-97.70201718766805
Ojos Locos Sports Cantina,amenity,restaurant,30.33704936218581,-97.7022845577235
Amaya’s Taco Village,amenity,restaurant,30.31931170779013,-97.70812494491206
Crunch N Munch,shop,convenience,30.32021471046792,-97.70796423173671
IHOP,amenity,restaurant,30.32051744598072,-97.7098149267108
Capt. Benny's,amenity,restaurant,30.31774316591955,-97.70802692302594
Taquero Mucho,amenity,restaurant,30.27009732432215,-97.7511339252947
Iron Works Barbecue,amenity,restaurant,30.262242046103587,-97.73900766866005
Key Bar,amenity,bar,30.26969871439031,-97.74938740565986
Stubs BBQ,amenity,restaurant,30.268672666465346,-97.7361950775525
Bar 508 Mezcalerita,amenity,bar,30.26861263371729,-97.7366320007041
Valhalla,amenity,bar,30.268051586687466,-97.73686012540838
Favorite Pizza,amenity,restaurant,30.27015437151219,-97.75081823924972
Pelons Tex Mex,amenity,restaurant,30.268797143908728,-97.73655165008692
Launderette,amenity,restaurant,30.25187751818181,-97.72274963731476
North Loop Food Store,shop,convenience,30.31799905,-97.7213167
Mr. Natural,amenity,restaurant,30.256826452117718,-97.72454708797456
Bufalina,amenity,restaurant,30.255145035442677,-97.71966888974029
Juiceland,amenity,fast_food,30.25364524478557,-97.7153902543155
Dainty Dillo,amenity,bar,30.25145502297233,-97.70860087530743
Jacoby's Restaurant & Mercantile,amenity,restaurant,30.25151759758811,-97.7073829608405
Counter Culture,amenity,restaurant,30.25453605127728,-97.717966409005
Sweet Chive,amenity,restaurant,30.25381499192119,-97.71566240700442
Drinks Lounge,amenity,bar,30.256438337356773,-97.723294960544
East 1st Grocery,shop,convenience,30.256972110092914,-97.72498800381825
Ah Sing Den,amenity,bar,30.26485970791289,-97.73129786387884
Violet Crown Social Club,amenity,bar,30.264227943238996,-97.73078015028626
Buzz Mill,amenity,cafe,30.264838387178358,-97.72948360174706
Kebabalicious,amenity,restaurant,30.264510739541315,-97.72826689721556
Takoba,amenity,restaurant,30.264108563385697,-97.72740668634717
Yellow Jacket Social Club,amenity,bar,30.261727241335795,-97.72474308261356
Bento Picnic,amenity,restaurant,30.25406553287109,-97.71519430614717
Tamale House East,amenity,restaurant,30.261563542324865,-97.72436631569691
Historic Scoot Inn,amenity,restaurant,30.26212222748713,-97.72938780016531
The White Horse,amenity,bar,30.26256883701313,-97.72706100978432
Intero,amenity,restaurant,30.25388042719256,-97.71444058673045
Whistler's,amenity,bar,30.26205231201905,-97.72270238953901
Suerte,amenity,restaurant,30.262263653613147,-97.7232519854135
Pitchfork Pretty,amenity,restaurant,30.253440683326385,-97.71351266918161
Kemuri Tatsu-Ya,amenity,restaurant,30.253822510061735,-97.712942711256
Wendy's,amenity,fast_food,30.26618794522947,-97.73358936373879
The Liberty,amenity,bar,30.262697193913024,-97.72506606284064
Juan in a Million,amenity,restaurant,30.255321477583987,-97.71896114220095
Scotty's BBQ,amenity,fast_food,30.253245032566458,-97.71314715082485
Buenos Aires Café,amenity,restaurant,30.264222330299344,-97.73042760935118
Chevron,shop,convenience,30.265849333707653,-97.7336748017281
Chalmers,amenity,bar,30.25796467359152,-97.72629671283235
daydreamer,amenity,bar,30.26229160417601,-97.72355660922311
Ramen Tatsu-Ya,amenity,restaurant,30.26315512288627,-97.72629020293174
Grizzelda's,amenity,restaurant,30.25214902834812,-97.70822389185166
La Holly,amenity,bar,30.25900801418391,-97.71448852210304
Texas Coffee Traders Cafe,amenity,cafe,30.257704789963217,-97.70490111206281
St Roch's,amenity,bar,30.258484472577887,-97.71467536951897
Kinda Tropical,amenity,restaurant,30.256526491608952,-97.70304048690592
H-E-B,shop,supermarket,30.259094718860503,-97.71155965147702
Circle K,shop,convenience,30.252154533374696,-97.70928753130654
Fiasco BBQ,amenity,restaurant,30.25697934257937,-97.70393924066899
Club El Tahur,amenity,bar,30.343954705191393,-97.70406988638204
Mi Tienda,shop,supermarket,30.343572700000003,-97.70193100000002
La Capital Del Marisco,amenity,restaurant,30.34361381185409,-97.70386589859311
Denny's,amenity,restaurant,30.217198604452218,-97.69177198609424
Kitty Cohen's,amenity,bar,30.261794750838284,-97.71643011350841
Taqueria Morelos,amenity,restaurant,30.20488021114013,-97.68375438532885
,amenity,restaurant,30.35673147616121,-97.7311895437132
DeSano Pizzeria Napoletana,amenity,restaurant,30.358534320633225,-97.73074525187631
Try Hard Coffee Roastere,amenity,cafe,30.268804868041386,-97.72875054452396
Shell,shop,convenience,30.266763568664636,-97.73333180561158
The Bread Basket,shop,convenience,30.261915919696673,-97.71773276748182
Pollo Campero,amenity,fast_food,30.33123304466417,-97.70142144856341
Burger King,amenity,fast_food,30.332078046944936,-97.70357505330362
Al’s Food Mart,shop,convenience,30.27030623736628,-97.70581026443162
Marcelino's,amenity,restaurant,30.26255724811171,-97.70353785902405
Lustre Pearl,amenity,bar,30.260673679107022,-97.73828899932764
Arab Cowboy,amenity,cafe,30.28792443273481,-97.7469813238917
Cain & Abel's,amenity,bar,30.287891451952387,-97.74736494885043
,shop,convenience,30.288218924394503,-97.74501247064187
Domino's,amenity,fast_food,30.282131773296044,-97.74243228790148
Tapioca House,amenity,cafe,30.282424969470917,-97.74235614343105
1914 Noodles & More,amenity,restaurant,30.282630945374095,-97.74233475747162
Möge Tee,amenity,cafe,30.28281671343288,-97.74234397889118
Torchy's Tacos,amenity,fast_food,30.370717645077296,-97.75628125099172
Subway,amenity,fast_food,30.370556193442813,-97.75734879903607
Seven Spice,amenity,restaurant,30.365529178522557,-97.75037100970367
C-Mart Icehouse,shop,convenience,30.330899932003323,-97.73108850481495
P. Terry's,amenity,fast_food,30.32827328785977,-97.72527707806094
Tyson's Tacos,amenity,fast_food,30.309624225599595,-97.7152346030897
1 Stop Food Mart,shop,convenience,30.312290466159332,-97.71498589816996
JewBoy Burgers,amenity,restaurant,30.312718000000004,-97.7150212
Rosé Gosé,amenity,restaurant,30.313115066774312,-97.7147670512611
Pronto Food Mart,shop,convenience,30.304746835357086,-97.7257817926067
"Hyde Park market, Deli & Organic Grocery",shop,convenience,30.306636997961817,-97.7243725450599
Wendy's,amenity,fast_food,30.354615938269355,-97.75461882232426
7-Eleven,shop,convenience,30.354078972338026,-97.75346545268825
Mesa Mart,shop,convenience,30.37393695428319,-97.75514621211582
Luby's,amenity,restaurant,30.36845073575467,-97.74414591898989
McDonald's,amenity,fast_food,30.313234192620737,-97.70742814744348
Walmart Supercenter,shop,supermarket,30.35556608083438,-97.73485942343872
7-Eleven,shop,convenience,30.28940939128217,-97.70761497327568
Sam's Mini Mart,shop,convenience,30.299848177108846,-97.68650080682622
Haymaker,amenity,restaurant,30.284780809473435,-97.7175974650452
Civil Goat,amenity,cafe,30.285254958113196,-97.71463165019509
Taco Bell,amenity,fast_food,30.354472804387925,-97.73137943608113
Tumble22,amenity,restaurant,30.34797551863868,-97.73532423734662
Brentwood Social House,amenity,cafe,30.332289330416604,-97.73514218527701
Little Woodrows,amenity,bar,30.329114152194983,-97.7395802040221
Tiny Grocer,shop,convenience,30.306933317519686,-97.73001909798754
Avenue B Grocery,amenity,cafe,30.309034778606232,-97.73142870894736
Happy Chicks,amenity,restaurant,30.33998357351602,-97.73868938548206
Natural Grocers,shop,supermarket,30.30428237917688,-97.73671984853284
Terrible Love,amenity,cafe,30.304534429542027,-97.73578196059628
Taco Cabana,amenity,fast_food,30.32103825119924,-97.72985524215547
McDonald's,amenity,fast_food,30.323691904203834,-97.72834272387938
GoPuff Market,shop,convenience,30.288862827052185,-97.72922888406895
Aster's Ethiopian Restaurant,amenity,restaurant,30.287263504295943,-97.72503794643075
Épicerie,amenity,cafe,30.32452184008426,-97.74368891575658
McDonald's,amenity,fast_food,30.3385324219416,-97.75571866457103
Lone Star Kolaches,amenity,restaurant,30.35586180203542,-97.72966420820693
Taco Shack Express,amenity,fast_food,30.3523147,-97.72220739999999
Taco Shack,amenity,fast_food,30.308228620873642,-97.74164902692512
Chili's,amenity,restaurant,30.31332435551994,-97.73838510443915
Taco Cabana,amenity,fast_food,30.35867715698318,-97.71565689255705
Raising Cane's,amenity,fast_food,30.28151947458295,-97.74247851470341
Chick-fil-A,amenity,fast_food,30.281728827728326,-97.74313025547843
P. Terry's,amenity,fast_food,30.281881411366598,-97.74354597257614
Jimmy John's,amenity,fast_food,30.282133263374483,-97.74399780658436
7-Eleven,shop,convenience,30.281299881158166,-97.74214406074343
Starbucks,amenity,cafe,30.278086622782478,-97.74443355855954
,shop,convenience,30.342765979799996,-97.76364940565807
Azul Tequila,amenity,restaurant,30.342751766020935,-97.7640189630149
7-Eleven,shop,convenience,30.28205699856965,-97.77560541730308
Tumble22,amenity,restaurant,30.278097553025084,-97.77168809745255
"Carnitas ""El Güero""",amenity,restaurant,30.355438997884796,-97.70363154902681
DQ Grill & Chill,amenity,fast_food,30.3563577010853,-97.70224023184102
Capital Food Shop,shop,convenience,30.350809770014685,-97.70832455582111
7-Eleven,shop,convenience,30.35829277173948,-97.70044342191916
Taco More,amenity,restaurant,30.36792119711937,-97.70632420482417
Subway,amenity,fast_food,30.307900898715193,-97.74945641469516
Circle K,shop,convenience,30.355990737812526,-97.68522403215124
Fujian Grand China Buffet,amenity,restaurant,30.35035186112924,-97.691975371817
Stinson's,amenity,cafe,30.315236000000002,-97.74197099999999
Vaqueros Cafe & Cantina,amenity,restaurant,30.271133028946107,-97.81699357411242
,shop,convenience,30.312476638717634,-97.66141676654335
Sonic,amenity,fast_food,30.31389769540849,-97.66348195404345
KFC,amenity,fast_food,30.31436663405393,-97.66358854589616
Jack in the Box,amenity,fast_food,30.30379368668266,-97.66172440456823
7-Eleven,shop,convenience,30.303413744061068,-97.66195994952538
Olive & June,amenity,restaurant,30.307189521717802,-97.75112148404253
Crow Bar,amenity,bar,30.236907340022533,-97.6852814297292
Starbucks,amenity,cafe,30.302595477950547,-97.73857604099538
Back Lot,amenity,bar,30.301886458182658,-97.73935953530008
Bikkle,amenity,restaurant,30.29705011787152,-97.74144997552936
Ski Shores Cafe,amenity,restaurant,30.33353021717785,-97.82288184256227
,amenity,restaurant,30.333404947319785,-97.8230105352742
Schlotzsky's,amenity,fast_food,30.42363864396551,-97.84535415628201
Whataburger,amenity,fast_food,30.420530888990243,-97.84642645761053
Denny's,amenity,restaurant,30.27668999352696,-97.72960651467274
In-N-Out Burger,amenity,fast_food,30.292228390548917,-97.74164960127617
Dirty Martin's,amenity,fast_food,30.293997793437782,-97.74234912744559
IHOP,amenity,restaurant,30.265146343633557,-97.7814797925547
Salt Traders Coastal Cooking,amenity,restaurant,30.265329020903014,-97.78098693117987
,amenity,restaurant,30.242978500492505,-97.7838495259879
Olive Garden,amenity,restaurant,30.23714503141064,-97.79227200188085
JuiceLand,amenity,fast_food,30.280013948986095,-97.72106524320193
School House Pub,amenity,bar,30.284159123519057,-97.71879630395672
Sour Duck Market,amenity,restaurant,30.279939762506945,-97.72161023519166
The Wheel,amenity,bar,30.2802657988199,-97.72088206788001
Austin Daily Press,amenity,restaurant,30.280226134465863,-97.72115208235863
Elaine's Pork and Pie,amenity,restaurant,30.2840118,-97.71927335000001
Roland's Soul Food,amenity,restaurant,30.276232412745603,-97.71612109268459
MLK Mart,shop,convenience,30.281742489450245,-97.70782759461272
Jasmine's Restaurant,amenity,restaurant,30.213830086432413,-97.65933054256965
Valero,shop,convenience,30.21872221546463,-97.66841063576534
Jack in the Box,amenity,fast_food,30.213063884236956,-97.65759042358658
Henry's Barbecue,amenity,restaurant,30.214630779452126,-97.66075012097829
Star Stop 50,shop,convenience,30.213187507455697,-97.71109705617403
Rosewood,amenity,restaurant,30.268355224801557,-97.72630642175218
Anything's Baked Potato,amenity,restaurant,30.269023248516813,-97.72465501174722
Major Brand Gas,shop,convenience,30.272913789297306,-97.72404499705434
Franklin Barbecue,amenity,restaurant,30.270167320150023,-97.7312718004436
Jack in the Box,amenity,fast_food,30.387900244890147,-97.64746861493403
Circle K,shop,convenience,30.3871245,-97.64757750000001
Shell Food Mart,shop,convenience,30.377721000000005,-97.6764925
DQ Grill & Chill,amenity,fast_food,30.241812527573607,-97.72677465835524
The Buzz Mill,amenity,cafe,30.241698207105962,-97.72688113711017
Corner Bar,amenity,bar,30.249441633093042,-97.76688085308999
Bouldin Acres,amenity,bar,30.248215862768053,-97.7686832795051
Proud Mary,amenity,cafe,30.24828642746401,-97.76936716813186
OPA! Greek Cafe,amenity,cafe,30.248923764546877,-97.7695041249427
Chipotle,amenity,fast_food,30.247627075646047,-97.77547651809478
Taco Bell,amenity,fast_food,30.212933345418563,-97.82952413818042
7-Eleven,shop,convenience,30.213136357424943,-97.83027978920265
1st Stop Food Store,shop,supermarket,30.259973813639434,-97.75542098057213
El Alma,amenity,restaurant,30.260016948181025,-97.75564825845031
El Tacorrido: Authentic Mexican Taqueria,amenity,fast_food,30.244452931732262,-97.73060412114702
Vegan Yacht,amenity,cafe,30.21890215917695,-97.79572616266837
Conan's Pizza South,amenity,restaurant,30.21626543850057,-97.79825654838407
DQ Grill & Chill,amenity,fast_food,30.2164871,-97.79863440000001
Taqueria Arandas #2,amenity,restaurant,30.216561176490643,-97.79882391956724
El Marisquero Seafood,amenity,restaurant,30.216948825136207,-97.79934763518527
Tuk-Tuk Thai Cafe,amenity,restaurant,30.215913370861422,-97.79671202109863
,amenity,fast_food,30.20958010448275,-97.78373130982145
Raising Cane's,amenity,fast_food,30.239556573311518,-97.72698472763301
,shop,convenience,30.236195606198816,-97.72800924749527
Taco Cabana,amenity,fast_food,30.233738762181304,-97.7242879293321
Dan's Hamburgers,amenity,restaurant,30.230764343342358,-97.78827554661054
G's Dynamite Deli,amenity,restaurant,30.242600417832083,-97.75929826807027
Green Pastures,amenity,restaurant,30.244949266662022,-97.762261908953
Urban Market,shop,convenience,30.27356136035579,-97.71932903947528
,amenity,restaurant,30.270124675895413,-97.71827688896887
Stop N Express,shop,convenience,30.299992708000545,-97.68548748434381
Wendy's,amenity,fast_food,30.392251354930192,-97.70679313923168
Tacos Luna,amenity,restaurant,30.382784000000004,-97.6946465
Taco Joint,amenity,restaurant,30.25636583930542,-97.74551928242776
Medici Roasting,amenity,cafe,30.27951558087614,-97.7594165888224
Mean Eyed Cat,amenity,bar,30.27446728030363,-97.76499977859768
40 North,amenity,restaurant,30.274992002677745,-97.75169849708766
,shop,convenience,30.274622576485502,-97.75194569229123
Whole Foods Market,shop,supermarket,30.270594957944557,-97.7532820654938
7-Eleven,shop,convenience,30.398080332915512,-97.70523215334859
7-Eleven,shop,convenience,30.37905578769247,-97.71147289503295
Howard's Bar and Club,amenity,bar,30.27284970489238,-97.75689331807234
Garbo's,amenity,restaurant,30.272570075840427,-97.75369952938325
Taco Flats,amenity,restaurant,30.280077390534625,-97.75949080186788
Micklethwait Barbecue,amenity,restaurant,30.273196880162374,-97.69014411416138
Diamond Food Mart,shop,convenience,30.304451585517263,-97.68184593802688
Food Mart,shop,convenience,30.229027275878703,-97.86463392728517
El Rancho Supermercado,shop,supermarket,30.320280066152247,-97.6904825560485
Mum Foods Smokehouse and Delicatessen,amenity,restaurant,30.30588655128677,-97.67974037788923
La Yaquesita,amenity,restaurant,30.307686942894836,-97.6773836072685
Get-N-Go,shop,convenience,30.307683499999996,-97.67601350000001
Mr Gatti's Pizza,amenity,restaurant,30.32393377851444,-97.67526022216003
,shop,convenience,30.290337427165507,-97.62770652059102
McDonald's,amenity,fast_food,30.272306605349478,-97.69689645672469
Pho Craft,amenity,restaurant,30.273507199999997,-97.69710680000003
Terry’s,amenity,restaurant,30.281519000000003,-97.70281349999998
,shop,convenience,30.285405199999996,-97.68338125000001
Justine's,amenity,restaurant,30.25324676107884,-97.70053856949103
De Nada Cantina,amenity,restaurant,30.251451838621133,-97.70216937364536
Sawyer & Co.,amenity,restaurant,30.25140985467873,-97.70180098526453
Cabana Club,amenity,bar,30.254332351043125,-97.69780265451791
,amenity,fast_food,30.208663682812865,-97.78092562562101
The Shack,shop,convenience,30.27742722343222,-97.68571067359666
Sahara Lounge,amenity,bar,30.279492524288976,-97.68160015907551
68 Degrees Kitchen,amenity,restaurant,30.277881691182504,-97.77298426239928
Habana Restaurant and Bar,amenity,restaurant,30.234946129427094,-97.75733459597224
Show Me Pizza,amenity,restaurant,30.236761434484016,-97.76278046598954
,amenity,cafe,30.234235268115157,-97.75760697894407
Wendy's,amenity,fast_food,30.21312019583267,-97.71244832966427
Barton Hills Market,shop,supermarket,30.26189838947268,-97.77501695862553
Sonic,amenity,fast_food,30.22563226248714,-97.70257806601003
Circle K,shop,convenience,30.225295276893682,-97.70279931211508
Whataburger,amenity,fast_food,30.2336215,-97.7394506
Loyola Grocery,shop,convenience,30.299629902034578,-97.64547431367437
Citgo,shop,convenience,30.424546699999997,-97.6705083
Wendy's,amenity,fast_food,30.440616914036543,-97.66438830538262
Wings 'N More Restaurant & Bar,amenity,restaurant,30.42403825641666,-97.6697113831248
Wendy's,amenity,fast_food,30.441874858500952,-97.74657209720397
Abel's North,amenity,restaurant,30.42369094804831,-97.7153407797962
Jack in the Box,amenity,fast_food,30.44209211888841,-97.66645377971824
Cheddar's,amenity,restaurant,30.44454201677562,-97.66673846796506
Bombshells,amenity,restaurant,30.445666284387833,-97.66646850639519
Taco Cabana,amenity,fast_food,30.442571054355994,-97.66617922993284
FD's Grillhouse,amenity,restaurant,30.443823644585862,-97.66685558934279
7-Eleven,shop,convenience,30.4432824103784,-97.66608571609629
Chapala #2,amenity,restaurant,30.444600476406944,-97.66473307587856
Valero,shop,convenience,30.425047570732307,-97.67214433433175
KFC,amenity,fast_food,30.413371993534593,-97.68959131448585
Sonic,amenity,fast_food,30.414867218968705,-97.69608666118536
Food Basket,shop,convenience,30.41512346657978,-97.69594418736182
Buffalo Wild Wings,amenity,restaurant,30.41121455842566,-97.67510219889382
Ho Ho Chinese B.B.Q.,amenity,restaurant,30.410270761625842,-97.67582985644394
Red Robin,amenity,restaurant,30.410750777150785,-97.67538690150634
McDonald's,amenity,fast_food,30.41252914618814,-97.69043659954713
Taco Shack,amenity,fast_food,30.412110291364534,-97.69067535444955
The Hideout Pub,amenity,restaurant,30.41252496139957,-97.70978244621355
Whole Foods Market,shop,supermarket,30.406338988955177,-97.72010345184752
Wendy's,amenity,fast_food,30.398516437549546,-97.74527837445854
Lupe Tortilla,amenity,restaurant,30.38695344059688,-97.73396873643128
BJ's,amenity,restaurant,30.392223177656927,-97.73239684581094
Circle K,amenity,fuel,30.40033524388159,-97.74848160368708
Golden Chick,amenity,fast_food,30.365645658657797,-97.69594102104833
Matamoros Tacos,amenity,fast_food,30.37735078203102,-97.6894055465723
1417 French Bistro,amenity,restaurant,30.25009131754368,-97.75455525707888
Chevron,shop,convenience,30.25701387316667,-97.74745099331248
Thom's Market,shop,convenience,30.261646475185646,-97.75959550521503
Austin Eastciders,amenity,bar,30.262111081162967,-97.7612516671773
Lou's Barton Springs,amenity,restaurant,30.26241292624766,-97.76171987633434
Baby Acapulco,amenity,restaurant,30.263089759984336,-97.76235473048997
Casa de Luz,amenity,restaurant,30.264417911558237,-97.76162663492504
Chuy's,amenity,restaurant,30.263846101059602,-97.76328285597798
House Wine,amenity,bar,30.26191516923451,-97.7588905494308
Barton Springs Saloon,amenity,bar,30.261351955513923,-97.75876040539012
Carpenters Hall,amenity,restaurant,30.262257888147804,-97.75879449767544
P. Terry's,amenity,fast_food,30.261606669043278,-97.75855852839385
Juliet Italian Kitchen,amenity,restaurant,30.261720512563468,-97.76010715256302
Merit Coffee,amenity,cafe,30.25523545,-97.76168924999999
7-Eleven,shop,convenience,30.252486500000003,-97.76290800000001
Uchi,amenity,restaurant,30.257520759313582,-97.7597538651338
Maudie's Tex-Mex,amenity,restaurant,30.254738313878214,-97.76263549802245
Ramen Tatsu-ya,amenity,restaurant,30.253958140478424,-97.76327139409354
Elizabeth Street Cafe,amenity,restaurant,30.249786012370016,-97.7546623048768
Torchy's Tacos,amenity,fast_food,30.245453859050663,-97.75150928476413
The Salty,amenity,restaurant,30.24417283252673,-97.75212855500556
Southside Flying Pizza,amenity,restaurant,30.241070701291022,-97.75288932801645
Teal House,amenity,cafe,30.239910031568257,-97.75315863096708
Freddo ATX,amenity,restaurant,30.23921280272967,-97.75364220248734
The Meteor Cafe,amenity,cafe,30.2427504182276,-97.75254772022386
Habanero Mexican Cafe,amenity,restaurant,30.241211242196986,-97.7582430818207
Capitol Food Mart,shop,convenience,30.357851217069054,-97.69950886414956
7-Eleven,shop,convenience,30.202928500000002,-97.838024
Kerbey Lane,amenity,restaurant,30.222614857666223,-97.84139429233892
Panera Bread,amenity,fast_food,30.223249010645826,-97.84418944118173
Chuy's,amenity,restaurant,30.217743260837764,-97.8415326057924
Lil' Doddy,amenity,restaurant,30.223084770584602,-97.84346254621292
KFC,amenity,fast_food,30.238496113905466,-97.72538394481269
Taco Bell,amenity,fast_food,30.238146740631063,-97.7252590553557
Popeyes,amenity,fast_food,30.237641013711528,-97.72525072333488
Burger King,amenity,fast_food,30.235376526390727,-97.72359576627888
H-E-B plus!,shop,supermarket,30.236583358004456,-97.7221396049034
H-E-B Express,shop,convenience,30.23472186972905,-97.72273471980952
Vinaigrette,amenity,restaurant,30.241295482827734,-97.75204920355718
River City Market,shop,convenience,30.240873501977884,-97.75226971636046
7-Eleven,shop,convenience,30.23454433269169,-97.74220415600817
Starbucks,amenity,cafe,30.207942759869788,-97.81541303599789
Bamboo Bistro,amenity,restaurant,30.20769626661995,-97.81562881457637
Shipley Do-Nuts,amenity,fast_food,30.200873121841976,-97.83833934756515
Circle K,shop,convenience,30.201369347079147,-97.83776489569325
Sprouts Farmers Market,shop,supermarket,30.20244370253953,-97.80825191717379
Xpress,shop,convenience,30.20004082256491,-97.80806002624031
The Tailor Shop,amenity,bar,30.24537277292057,-97.7804566078272
7-Eleven,shop,convenience,30.244223143763314,-97.78227618470918
Jack in the Box,amenity,fast_food,30.23138622930518,-97.73414252798736
Stop & Save,shop,convenience,30.235939244076825,-97.72906728257082
Denny's,amenity,restaurant,30.23322653144515,-97.74255952202158
Starbucks,amenity,cafe,30.233670869182728,-97.74236876973285
,shop,convenience,30.22944625,-97.73599255000002
Metro Mart,shop,convenience,30.21598300912776,-97.73410656510238
Food Mart,shop,convenience,30.21642041828078,-97.7382212458054
Don Juan,amenity,restaurant,30.215979108649567,-97.7355872223964
Valero,shop,convenience,30.185815267741333,-97.81709909694875
All Star Grocery,shop,convenience,30.197134549999998,-97.74364249999999
Sonic,amenity,fast_food,30.192993106095468,-97.73937614521871
Broken Spoke;The Broken Spoke,amenity,restaurant,30.24087160488186,-97.78520851923538
Red Lobster,amenity,restaurant,30.237615304273692,-97.78958311884006
Pluckers Wing Bar,amenity,restaurant,30.236729218242864,-97.79083043122796
Radio East,amenity,cafe,30.207945317632035,-97.71550394160948
Meson Sandwiches,amenity,fast_food,30.207966553182416,-97.72088844481391
Jack in the Box,amenity,fast_food,30.211607164425867,-97.71328745220079
Shell,shop,convenience,30.24773546140959,-97.88866492173963
Sonic,amenity,fast_food,30.243007503544153,-97.88226969993394
Scenic Brook Food Mart,shop,convenience,30.2368904155712,-97.8775591487975
P. Terry's,amenity,fast_food,30.222475000000003,-97.83817300000001
7-Eleven,shop,convenience,30.235497094783433,-97.84032120124287
Taco Cabana,amenity,fast_food,30.23058046281658,-97.79141796677314
Shell,shop,convenience,30.230826752151522,-97.79179494142673
Live Oak,shop,convenience,30.22919350613644,-97.78927791223478
Arby's,amenity,fast_food,30.232347977859572,-97.79574464251813
Long John Silver's,amenity,fast_food,30.230578222654433,-97.78752966521046
Matt's El Rancho,amenity,restaurant,30.245144699666827,-97.77925910136807
Texan Market,shop,convenience,30.231127347979953,-97.787194818413
Hattie B's,amenity,restaurant,30.24576549317824,-97.77818580221688
,shop,convenience,30.203135999999997,-97.77586249999997
Applebee's,amenity,restaurant,30.19282036893597,-97.76744544288502
McDonald's,amenity,fast_food,30.19120404309837,-97.76875015710087
Taco Bell,amenity,fast_food,30.190857345145638,-97.76902280571463
7-Eleven,shop,convenience,30.190596,-97.76926699999999
Burger King,amenity,fast_food,30.17325012905642,-97.82278238093876
Tiger Mart,shop,convenience,30.173201799999994,-97.82319539999997
,amenity,restaurant,30.234656411946876,-97.87911932841143
Onion Creek Food Mart,shop,convenience,30.13898035,-97.79582445
Taqueria Chapala,amenity,restaurant,30.235839255588512,-97.85534627548573
Circle K,shop,convenience,30.235222623640357,-97.86263248254237
Star Stop 38,shop,convenience,30.235520273415677,-97.83921192418393
7-Eleven,shop,convenience,30.22598949749283,-97.7703201356853
H-E-B,shop,supermarket,30.175370333414737,-97.82506870606619
McDonald's,amenity,fast_food,30.174275091287544,-97.82661561581605
,shop,convenience,30.175922499999995,-97.82321100000001
Popeyes,amenity,fast_food,30.17506071631597,-97.82368097690347
Taco Cabana,amenity,fast_food,30.175214130775537,-97.82235881370208
Sonic,amenity,fast_food,30.17552230271884,-97.8234810770091
,amenity,fast_food,30.196708716205077,-97.78586601963096
McDonald's,amenity,fast_food,30.19697511181287,-97.78637361573428
East Braker Lane Food Mart,shop,convenience,30.37476181408501,-97.6723054990911
Whataburger,amenity,fast_food,30.37544212124986,-97.6761608573531
7-Eleven,shop,convenience,30.386800999999995,-97.64938750000002
Sonic,amenity,fast_food,30.387692853348398,-97.65094533571327
Taqueria la Escondida #3,amenity,restaurant,30.22715214777396,-97.78124109509788
Beatniks Market & Cafe,shop,convenience,30.228400539192315,-97.7887997555872
Chick-fil-A,amenity,fast_food,30.220373171439213,-97.75710581993944
7-Eleven,shop,convenience,30.222365338503113,-97.76512783612064
La Catedral del Marisco #3,amenity,restaurant,30.21508425790438,-97.75351650863038
Wendy's,amenity,fast_food,30.22173891704176,-97.76413079058126
Krispy Kreme,amenity,fast_food,30.199692338034396,-97.76682274815653
Buffalo Wild Wings,amenity,restaurant,30.196878048891044,-97.76767977703429
Dimassi's Mediterranean Buffet,amenity,restaurant,30.198076006065754,-97.7655434105653
Trudy's South Star,amenity,restaurant,30.197242515383873,-97.76707511654294
Jack in the Box,amenity,fast_food,30.193375000000003,-97.7783795
Moreno's BBQ,amenity,restaurant,30.215202854637564,-97.7985416331977
El secreto de abuela #2,amenity,restaurant,30.21541850487287,-97.79843439080385
Chick-fil-A,amenity,fast_food,30.232988832903594,-97.82478059784825
H-E-B,shop,supermarket,30.21623970546792,-97.83097884151827
P. Terry's,amenity,fast_food,30.22420234385925,-97.76427048717483
Sonic,amenity,fast_food,30.18841822180917,-97.76685179150873
7-Eleven,shop,convenience,30.187901261548514,-97.76576702904364
Wendy's,amenity,fast_food,30.167542294553165,-97.79432261538999
Panda Express,amenity,fast_food,30.16785110499474,-97.79484696657441
LongHorn Steakhouse,amenity,restaurant,30.155734075229883,-97.79187462664804
Chili's,amenity,restaurant,30.157564007790082,-97.79134184050409
Chick-fil-A,amenity,fast_food,30.16689741266776,-97.792661438938
Taco Bell,amenity,fast_food,30.166050032522357,-97.79167878031164
IHOP,amenity,restaurant,30.16791073147179,-97.78406721210325
Chipotle,amenity,fast_food,30.200519830650283,-97.86399914223794
Wendy's,amenity,fast_food,30.200118980481463,-97.86348302295912
Taco Bell,amenity,fast_food,30.337118495631078,-97.69429548978489
McDonald's,amenity,fast_food,30.336822236197495,-97.69350228520449
Wendy's,amenity,fast_food,30.33370461235566,-97.68707438892953
Walmart Supercenter,shop,supermarket,30.33924686928099,-97.68970952244608
Bill Miller Bar-B-Q,amenity,fast_food,30.329224296547505,-97.65898036134084
Waffle House,amenity,restaurant,30.329177307151078,-97.65788861337138
Costa Del Sol,amenity,restaurant,30.332664661862623,-97.68524828929627
Jack in the Box,amenity,fast_food,30.32920491161348,-97.65834484967375
Silver Medal Boozes and Burgers,amenity,restaurant,30.322795897470282,-97.68267279778969
KFC,amenity,fast_food,30.36159082497682,-97.69739973303321
,shop,convenience,30.3602205,-97.69135800000001
Texaco,shop,convenience,30.359941478700588,-97.69019149851876
Dessau Grocery,shop,convenience,30.351382129775136,-97.67626992889217
Ken's Tacos,amenity,restaurant,30.351664957773828,-97.6759793162146
Club Bar Corona,amenity,bar,30.373794443438197,-97.69054834362268
Tortilleria La Sabrocita,amenity,restaurant,30.357164005892177,-97.68552604708385
La Mexicana Market,shop,supermarket,30.35760463081262,-97.68588575808089
Dessau Food Market,shop,convenience,30.351647028543105,-97.67479197312556
Arby's,amenity,fast_food,30.42111043009129,-97.67125119218211
7-Eleven,shop,convenience,30.423614824787478,-97.67072841790966
Chili's,amenity,restaurant,30.4172598565036,-97.67177501303787
Johnny Carino's,amenity,restaurant,30.41679577919511,-97.67184261221394
Chick-fil-A,amenity,fast_food,30.41421690083174,-97.67210387618547
McDonald's,amenity,fast_food,30.422563421131287,-97.67091232328939
H-E-B,shop,supermarket,30.405353954529645,-97.67178356756615
Fresh Bowl,amenity,restaurant,30.39844228184093,-97.65521510692014
Asadas Grill,amenity,restaurant,30.402646012256465,-97.67200002794267
El Pollo al Carbon,amenity,fast_food,30.208895587542067,-97.7815555122295
Signature Austin,shop,convenience,30.268997480798408,-97.73417835309077
McDonald's,amenity,fast_food,30.388100799999997,-97.64932259999999
Taco Bell,amenity,fast_food,30.3890565425806,-97.65074135734827
,shop,convenience,30.24368598129105,-97.78289982936475
MiniMax,shop,convenience,30.37855253198041,-97.65799418471997
Donn's Texas BBQ,amenity,restaurant,30.232620200000003,-97.8771322
In-N-Out Burger,amenity,fast_food,30.405036340599665,-97.67430354684919
Moloko,amenity,bar,30.273852652167168,-97.7202610494304
Abo Youssef Food Truck,amenity,fast_food,30.284073179598206,-97.71969911104954
Sno.Co Flattop Shaved Ice,amenity,restaurant,30.2844328695241,-97.71748960191876
Mi Casa Market,shop,supermarket,30.377101848987003,-97.65926094709278
P. Terry's,amenity,fast_food,30.317239687500273,-97.70683987257019
Food Mart,shop,convenience,30.186490499999998,-97.81658299999998
Speedy Stop,shop,convenience,30.367875136536465,-97.61410812163494
Circle K,shop,convenience,30.36933994771963,-97.61372475023656
In-N-Out Burger,amenity,fast_food,30.23870920302054,-97.78882297810304
Burger King,amenity,fast_food,30.21345338353374,-97.71083275734055
Popeyes,amenity,fast_food,30.21389528765426,-97.710636270005
Patrizi's,amenity,restaurant,30.283874078754813,-97.71726854524223
The Butterfly Bar @ The VORTEX,amenity,bar,30.28372299080582,-97.7174136218503
QMart,shop,convenience,30.28614126819244,-97.66388969343475
FlyRite Chicken,amenity,fast_food,30.34092441929234,-97.73845187991817
Via313,amenity,restaurant,30.26222105000472,-97.72314137798695
Kuali Tlakuali,amenity,restaurant,30.26252435,-97.7241403
Burpy Market,shop,convenience,30.204798963808283,-97.71640108318694
Buddy's Market,shop,convenience,30.346475751477122,-97.67650634787026
La Frontera,amenity,restaurant,30.395151431915437,-97.84749735606681
Popeyes,amenity,fast_food,30.2301606,-97.7905398
Summer Moon Coffee,amenity,cafe,30.421784577816986,-97.84597841449062
Chicken Express,amenity,fast_food,30.42126565669656,-97.84615652123237
Freebirds,amenity,fast_food,30.42230253998661,-97.84570498124138
Halal Hub,amenity,restaurant,30.24160104775561,-97.75982297112868
Starbucks,amenity,cafe,30.26122572147606,-97.75795169553854
Starbucks,amenity,cafe,30.44805918881469,-97.79170905765989
Reale's Italian Cafe,amenity,restaurant,30.446319700000004,-97.7911584
Moonie's Burger House,amenity,fast_food,30.447797750604256,-97.79250881569183
Rosen's Bagels,amenity,cafe,30.26814192008072,-97.74751787079784
Primespot # 23,shop,convenience,30.47606539590444,-97.79352420565979
Burger King,amenity,fast_food,30.441254210664855,-97.66333258210517
Wingstop,amenity,fast_food,30.442304299096666,-97.66366393932304
Domino's,amenity,fast_food,30.44227531115412,-97.66360142673338
Subway,amenity,fast_food,30.44205807913453,-97.6630704572605
Panda Express,amenity,fast_food,30.406829535216524,-97.67260356402225
Shake Shack,amenity,fast_food,30.39900684825481,-97.72584155461702
Shore Raw Bar & Grill,amenity,restaurant,30.249674124513753,-97.8951906294325
Cedar Door,amenity,restaurant,30.26408027505952,-97.74252306423703
Ellis,amenity,bar,30.264031927991496,-97.74404789381377
Veracruz All Natural,amenity,restaurant,30.26306905378963,-97.71370787540111
H-E-B,shop,supermarket,30.168793362509668,-97.78707054143648
Simon's Burger,amenity,fast_food,30.28503841886483,-97.68345919389095
P. Terry's,amenity,fast_food,30.414582696470095,-97.70527317686059
Provision,amenity,restaurant,30.400081485821136,-97.73921536802607
Carrabba's Italian Grill,amenity,restaurant,30.414809448572424,-97.74706745900923
Midtown Grocery,shop,convenience,30.33941955,-97.71825464999999
MT Supermarket,shop,supermarket,30.378001159889003,-97.68593432846895
Wells Branch Food Mart,shop,convenience,30.4395934,-97.69741975000001
Taco Bell,amenity,fast_food,30.439337942083807,-97.6971402308046
CAVA,amenity,restaurant,30.39339165,-97.72669489999998
JuiceLand,amenity,fast_food,30.2364349,-97.82155105000001
Foodie's,shop,convenience,30.246155109691376,-97.88810734318695
Circle K,shop,convenience,30.14012249215212,-97.79720724868695
Starbucks,amenity,cafe,30.390868816547965,-97.72227021270854
Panera Bread,amenity,fast_food,30.414670989722485,-97.6742711781082
7-Eleven,shop,convenience,30.380860199999997,-97.68585145
,shop,convenience,30.375373834672782,-97.67362889650481
7-Eleven,shop,convenience,30.3211546,-97.7148701
Domino's,amenity,fast_food,30.19211014115557,-97.73855623325802
,shop,convenience,30.178980071005217,-97.74664101826335
JD's Super Market,shop,supermarket,30.290516524212133,-97.62957535728373
,shop,convenience,30.291024400000005,-97.6288599
Supermercado Mexicano,shop,supermarket,30.370424694656663,-97.69166116667941
McDonald's,amenity,fast_food,30.23571114183454,-97.72413060341552
QuikTrip,shop,convenience,30.404524404709594,-97.66479382891802
Apple Mart,shop,convenience,30.23165878014633,-97.72025496945629
Dos Salsas Tex-Mex,amenity,restaurant,30.39695332869837,-97.71937151966992
H Mart,shop,supermarket,30.479534359403342,-97.79899464191624
Soup Peddler,amenity,cafe,30.276869700626122,-97.75199881737451
Summer Moon Coffee,amenity,cafe,30.414771479995412,-97.67212959464968
P. Terry's,amenity,fast_food,30.415828307483974,-97.67213426140349
Lost Creek Food Park,amenity,restaurant,30.284873492086586,-97.82801002072576
Taquito Aviles,amenity,restaurant,30.3814134,-97.68746639999999
The Continental Club,amenity,bar,30.25050048133458,-97.749034470502
Maha Market,shop,convenience,30.218862067974595,-97.79562319541137
Carousel Lounge,amenity,bar,30.30990994635624,-97.70821203081238
,amenity,restaurant,30.266113614861144,-97.74059893417451
QuikTrip,shop,convenience,30.432840233213568,-97.65393508582088
Manna Korean Restaurant,amenity,restaurant,30.336459417870756,-97.72097594195561
99 Ranch Market,shop,supermarket,30.337899808993864,-97.71781336194113
Tinnin Food Mart,shop,supermarket,30.24138533954961,-97.72691366822589
H-E-B,shop,supermarket,30.22686826551024,-97.88765396807267
Better Days,amenity,bar,30.2681460672991,-97.73680454373418
Hoboken Pie,amenity,restaurant,30.268213185905704,-97.73678924024664
Simona's Coffee + Cocktails,amenity,cafe,30.238164117186024,-97.75610626701696
Parkside,amenity,restaurant,30.20233234429933,-97.66296709944984
Caffè Medici,amenity,cafe,30.202393948349613,-97.66335573940181
Jugo,amenity,fast_food,30.20223467475517,-97.66372555882151
The Austin Chronicle,shop,convenience,30.20223597523871,-97.66362339134103
EJE Travel Retail,shop,convenience,30.202235383252102,-97.66392271657968
Salvation Pizza,amenity,restaurant,30.202386969176054,-97.66402452230739
24 Diner,amenity,restaurant,30.202409394891927,-97.6642863463245
I Vini,amenity,bar,30.202185165194237,-97.67056034977418
Rock House Bar and Trailer Park,amenity,bar,30.402593929487836,-97.85520246874172
Texaco,shop,convenience,30.210473994361458,-97.66748063620294
Subway,amenity,fast_food,30.210742103845742,-97.66732752653093
Whataburger,amenity,fast_food,30.210973852331303,-97.66707469468273
DeSano Pizzeria Napoletana,amenity,restaurant,30.266252420768172,-97.74585850788301
Red Ash,amenity,restaurant,30.265686000000002,-97.74467874999999
Punch Bowl Social,amenity,restaurant,30.2677726677402,-97.74338116386687
Cuatro Gato,amenity,cafe,30.26622200323241,-97.745170719608
Wax Myrtle's Club & Pool,amenity,restaurant,30.26679567582992,-97.74110422385584
Gina's on Congress,amenity,restaurant,30.265903895334258,-97.74394708106028
La Piscina Ceviches & Fajitas,amenity,restaurant,30.266291150000004,-97.75026945
Starbucks,amenity,cafe,30.213274290250695,-97.65820071571376
H-E-B,shop,supermarket,30.283520939364305,-97.77597996622265
Austin's Habibi,amenity,restaurant,30.26949605,-97.75292574999999
Super Burrito,amenity,restaurant,30.269497787495215,-97.75270603052614
Saxon Pub,amenity,bar,30.253535570086584,-97.7635707034433
Tiki Tatsu-ya,amenity,bar,30.25389665521405,-97.76333465755724
Odd Duck,amenity,restaurant,30.254662350000007,-97.76199014999999
Sprouts Farmers Market,shop,supermarket,30.23796743804143,-97.79305257410124
,amenity,restaurant,30.29665025,-97.7078191
Conscious Cravings,amenity,restaurant,30.296505580496326,-97.70765192122758
Veracruz All Natural,amenity,restaurant,30.2964296,-97.70769964999998
Streamway Coffee,amenity,cafe,30.29640555,-97.70778295
The Stone House,amenity,restaurant,30.296667081697606,-97.7077171149154
Eggman,amenity,restaurant,30.296615149999994,-97.70766280000002
P. Terry's,amenity,fast_food,30.222143218397612,-97.67462855617967
,shop,convenience,30.388712900148036,-97.61952063345493
Burro Cheese Kitchen,amenity,fast_food,30.273925199999997,-97.73657829999999
JD's Supermarket,shop,supermarket,30.344146438501564,-97.67732261507928
QuikTrip,shop,convenience,30.182724291749572,-97.68889018439401
Waffle House,amenity,restaurant,30.388033433666653,-97.64849258632466
,amenity,restaurant,30.263181448192583,-97.72595847058369
Jad Mediterranean Halal Grill,amenity,restaurant,30.26297949266884,-97.72594957091404
Madrasdhaba,amenity,restaurant,30.2630759083143,-97.72602597856512
Hula Hut,amenity,restaurant,30.29468829720974,-97.78443010964772
Thai-Licious,amenity,fast_food,30.25337425,-97.71308345
Wanderlust,amenity,fast_food,30.253434399999996,-97.71304559999999
R&B's Steak and Fries,amenity,fast_food,30.25340655,-97.7129783
Hippie PicNik,amenity,fast_food,30.2534054,-97.71290130000001
Eritrea-Ethiopia,amenity,fast_food,30.25322293233746,-97.71299600139295
,amenity,fast_food,30.395934515553336,-97.72642027941222
,amenity,fast_food,30.395902503953607,-97.72650757302968
Del Valle Market,shop,convenience,30.203302251513566,-97.64301042523722
Whataburger,amenity,fast_food,30.385807734535504,-97.64773034791367
Airport Xpress Market,shop,convenience,30.21031765,-97.65176459999998
El Michoacano,amenity,restaurant,30.21151108383225,-97.65493192930722
Circle K,shop,convenience,30.182882351763332,-97.84959730473281
7-Eleven,shop,convenience,30.19950652668069,-97.86262258276531
Cedar Street Courtyard,amenity,bar,30.266986299999996,-97.74525045
Valero,shop,convenience,30.241707583903526,-97.8811230421169
Star Stop,shop,convenience,30.231714137783175,-97.80102152170643
,shop,convenience,30.32990096730394,-97.72901512967879
Taqueria Torres,amenity,fast_food,30.330015999999997,-97.72905805
CEFCO,amenity,fuel,30.477530330170833,-97.76426335138207
Snack Time 2,shop,convenience,30.398220099896115,-97.65377673098382
the side bar,amenity,bar,30.267518649999996,-97.73638790000001
Sunrise Food Mart,shop,convenience,30.22919244409136,-97.78834117337571
Circle K,shop,convenience,30.396787085709533,-97.84817472062522
Thai Thani,amenity,restaurant,30.283836360588495,-97.71967348842534
,amenity,restaurant,30.209821506580326,-97.78733354677925
71 Hill,shop,convenience,30.25016067339124,-97.89328448049218
QuikTrip,shop,convenience,30.398339061085323,-97.67114404313715
Dutch Bros. Coffee,amenity,cafe,30.385390399569946,-97.64678552006156
Chuck E. Cheese,amenity,restaurant,30.15813060141091,-97.78895490631105
969 Xpress,shop,convenience,30.277060569029288,-97.63650311020125
Sonic,amenity,fast_food,30.27666291461396,-97.63627280364466
Golden Corral,amenity,restaurant,30.18429165992867,-97.77587249681048
7-Eleven,shop,convenience,30.29827751731599,-97.68669174883243
,shop,convenience,30.20498325,-97.64128239999997
QuikTrip,shop,convenience,30.28456320440335,-97.66417488913962
Buddy's Burger,amenity,restaurant,30.34604281463181,-97.67668718710782
Irene's,amenity,restaurant,30.269815649999998,-97.75116279999999
Wingstop,amenity,fast_food,30.286892125167356,-97.74195131885635
1972 Pub,amenity,restaurant,30.289899948369293,-97.74162593475312
7-Eleven,shop,convenience,30.287063687445134,-97.74192976622275
Phở Tháisơn,amenity,restaurant,30.282497106592306,-97.7423513895565
CoCo's Cafe,amenity,cafe,30.282567538011886,-97.74234529947832
1914 Poke Bowl,amenity,restaurant,30.282638109323607,-97.7424442700109
China Family,amenity,restaurant,30.28264443235117,-97.74254661076155
K-Bop,amenity,restaurant,30.282894554277604,-97.74233895323489
Minimax,shop,convenience,30.40865789643309,-97.64830921259498
Royal Blue Grocery,shop,convenience,30.26832510038593,-97.74230117223995
7-Eleven,shop,convenience,30.268448077143464,-97.74225119084922
The Hideout Coffee House,amenity,cafe,30.268555011599513,-97.7421655607358
,amenity,restaurant,30.243810749999998,-97.72829534999998
,shop,convenience,30.243680150302264,-97.72845236938561
allday,amenity,restaurant,30.26246539351129,-97.72352901457579
Popeyes,amenity,fast_food,30.387411714086127,-97.6503290692478
Discover Food Mart,shop,convenience,30.333338449629892,-97.70468738308892
Stassney Foodmart,shop,convenience,30.196890446189208,-97.76153887934925
La Mexicana Supermercado,shop,supermarket,30.188605153104508,-97.7634271131641
DQ Grill & Chill,amenity,fast_food,30.409356465000343,-97.85217860707274
Panda Express,amenity,fast_food,30.40877502051414,-97.85228325712608
Starbucks,amenity,cafe,30.410041212144876,-97.85162875849758
Chevron,shop,convenience,30.28429458136297,-97.66057298393277
H-E-B,shop,supermarket,30.23873210916213,-97.75465607639295
Cooper's Old Time Pit Bar-B-Que,amenity,restaurant,30.264935935003965,-97.74362928008073
Little Woodrow's,amenity,bar,30.269801363351842,-97.74804788317456
OneTaco Taquería,amenity,fast_food,30.26984235152798,-97.74819391849648
Devil May Care,amenity,bar,30.269604014238624,-97.74756829603106
Pop,amenity,bar,30.270170844569904,-97.74925728446595
Play on West 6th,amenity,bar,30.270144592972038,-97.74916866452024
P. Thai's Khao Man Gai & Noodles,amenity,restaurant,30.308743811792596,-97.7153228762594
Wing Daddy's Sauce House,amenity,fast_food,30.157637694063435,-97.78940117894193
QuikTrip,shop,convenience,30.217212468525,-97.7679620460276
Taco Shack,amenity,fast_food,30.314527242973348,-97.7420321669595
Circle K,shop,convenience,30.18955016589083,-97.76710058559381
P. Terry's,amenity,fast_food,30.171692374420246,-97.78405056740465
JewBoy Sliders,amenity,fast_food,30.26438933485502,-97.73082823396989
Buford's,amenity,bar,30.27031903009341,-97.74968056710338
QuikTrip,shop,convenience,30.4746858160357,-97.81162965829135
Victory Lap,amenity,bar,30.28796163900906,-97.74269598021178
Thai Kitchen,amenity,restaurant,30.29672023114157,-97.74163896566027
QuikTrip,shop,convenience,30.34527515,-97.58240435000002
Via 313,amenity,restaurant,30.270107643956173,-97.74845848673448
Típicos Hondureños,amenity,restaurant,30.19739210000001,-97.74370775000001
La Morelina,shop,supermarket,30.193579800476243,-97.74416500647591
El Pollo Sabroso,amenity,fast_food,30.193587817388114,-97.74400277014495
,shop,convenience,30.225461051817742,-97.70366431756615
Komé,amenity,restaurant,30.31402048854088,-97.71451288192216
Flores Mexican Restaurant,amenity,restaurant,30.22306633759943,-97.84279902233145
J Carver’s Oyster Bar & Chophouse,amenity,restaurant,30.269520898079897,-97.74944123195479
,amenity,restaurant,30.312383954828796,-97.69283219039347
,amenity,bar,30.25828087941817,-97.72617979224313
Georgian Market,shop,convenience,30.343462199367362,-97.69826563296972
Asado's Taqueria,amenity,restaurant,30.34392765,-97.73896064999998
The Black Forest,amenity,restaurant,30.221444678620927,-97.6615260438559
Flitch Coffee,amenity,cafe,30.257832050000005,-97.70576389999998
Pueblo Viejo Tillery,amenity,restaurant,30.25786809767283,-97.70580246666667
Taqueria Fenix,amenity,restaurant,30.25429112144094,-97.70478779247583
